{
"type": "FeatureCollection",
"name": "idade_pastagem_amc",
"crs": { "type": "name", "properties": { "name": "urn:ogc:def:crs:EPSG::4674" } },
"features": [
{ "type": "Feature", "properties": { "code_amc": 16039, "idade_amc": 14.971530249114236, "n_pixels": 281.0, "n_munis": 6.0, "mesorregiao": "Centro Goiano" }, "geometry": { "type": "Polygon", "coordinates": [ [ [ -49.38516123, -16.83269387 ], [ -49.36047663, -16.8964503 ], [ -49.37031406, -17.0405844 ], [ -49.46433498, -17.0375237 ], [ -49.48455597, -17.02258010000001 ], [ -49.46991994, -16.98982525 ], [ -49.48525155, -16.97953874 ], [ -49.52031224, -17.00050988000001 ], [ -49.54345142, -17.04466162 ], [ -49.56856055, -17.03545319 ], [ -49.60626156, -17.06388230000001 ], [ -49.63422606, -17.01052218 ], [ -49.59511959, -16.95271245 ], [ -49.67350277, -16.9568444 ], [ -49.6997881, -16.94250607 ], [ -49.74433785, -16.95528458 ], [ -49.72005875, -16.88443972 ], [ -49.66531641, -16.87530047000001 ], [ -49.61073204, -16.84182794 ], [ -49.5967793, -16.81252813 ], [ -49.63744959, -16.8002256 ], [ -49.61692481, -16.77922785 ], [ -49.65351086, -16.760483960000013 ], [ -49.69287118, -16.6804784 ], [ -49.65942433, -16.66086587 ], [ -49.63722944, -16.595902250000016 ], [ -49.59528471, -16.54406077 ], [ -49.65120029, -16.54856628 ], [ -49.69586438, -16.52193110000001 ], [ -49.68745034, -16.50207231 ], [ -49.656398, -16.50943241 ], [ -49.62144527, -16.48974725 ], [ -49.59517294, -16.52621995 ], [ -49.45856051, -16.49559246 ], [ -49.45504604, -16.536019 ], [ -49.41786216, -16.53972421 ], [ -49.39500422, -16.59486945 ], [ -49.37505567, -16.56000786 ], [ -49.32980694, -16.57074901 ], [ -49.31227921, -16.52885175 ], [ -49.27824905, -16.52741499 ], [ -49.21497135, -16.453670230000011 ], [ -49.1765534, -16.46519038 ], [ -49.19583732, -16.51799978 ], [ -49.1676439, -16.57840136 ], [ -49.10538837, -16.56182556 ], [ -49.09669489, -16.59128961 ], [ -49.06995037, -16.596739360000011 ], [ -49.07483368, -16.6385737 ], [ -49.0427805, -16.63698531 ], [ -49.01175261, -16.65845704 ], [ -49.069142479999989, -16.74072414 ], [ -49.06025261, -16.78595796 ], [ -49.09652783, -16.77279768 ], [ -49.11636206, -16.80288859 ], [ -49.13061061, -16.79793881 ], [ -49.13445175, -16.82758751 ], [ -49.17075234, -16.82387341 ], [ -49.16024715, -16.79040848 ], [ -49.22112536, -16.73791952 ], [ -49.26167522, -16.72559746000001 ], [ -49.28831427, -16.74833702 ], [ -49.33270077, -16.74972216 ], [ -49.38516123, -16.83269387 ] ] ] } },
{ "type": "Feature", "properties": { "code_amc": 16040, "idade_amc": 15.8455284553, "n_pixels": 123.0, "n_munis": 1.0, "mesorregiao": "Leste Goiano" }, "geometry": { "type": "Polygon", "coordinates": [ [ [ -48.93986758, -16.13447208 ], [ -48.90014044, -16.0357709 ], [ -48.91027838, -15.99063269 ], [ -48.7941873, -16.01351892 ], [ -48.68733161, -16.14369925 ], [ -48.61102102, -16.142088560000015 ], [ -48.53430609, -16.173542220000016 ], [ -48.51671947, -16.19758598 ], [ -48.44321233, -16.20653079 ], [ -48.41010194, -16.28483819 ], [ -48.48991378, -16.29581586 ], [ -48.49652685, -16.32397437 ], [ -48.55063378, -16.34628504 ], [ -48.61805404, -16.31001615 ], [ -48.63127733, -16.28271198 ], [ -48.76805322, -16.2928785 ], [ -48.84844301, -16.226938709999988 ], [ -48.89722393, -16.23716531 ], [ -48.92219545, -16.21903427 ], [ -48.94700928, -16.24387229 ], [ -48.96117832, -16.22754467 ], [ -48.92263621, -16.16357143 ], [ -48.93986758, -16.13447208 ] ] ] } },
{ "type": "Feature", "properties": { "code_amc": 16041, "idade_amc": 7.0623538581849576, "n_pixels": 1283.0, "n_munis": 2.0, "mesorregiao": "Sul Goiano" }, "geometry": { "type": "Polygon", "coordinates": [ [ [ -50.15031758, -17.59860366 ], [ -50.17442816, -17.644401580000014 ], [ -50.15762267, -17.66505468 ], [ -50.18926581, -17.6751382 ], [ -50.18751072, -17.69570533 ], [ -50.20484917, -17.701497509999989 ], [ -50.18251781, -17.73285752 ], [ -50.21065827, -17.7512803 ], [ -50.18985148, -17.764253 ], [ -50.23629106, -17.79171316 ], [ -50.26329037, -17.7817371 ], [ -50.27031981, -17.79584309 ], [ -50.26782119, -17.81920308 ], [ -50.24154903, -17.83704773 ], [ -50.25561709, -17.85136071 ], [ -50.23311807000001, -17.86674018 ], [ -50.23886943, -17.90106286 ], [ -50.29726168, -17.920306170000011 ], [ -50.28106924, -17.95172244 ], [ -50.28587514, -17.98966775 ], [ -50.2651516, -17.97280988000001 ], [ -50.20054364, -17.98521334 ], [ -50.2519062, -18.03158724 ], [ -50.29007196, -18.0296066 ], [ -50.28620921, -17.99851245 ], [ -50.32413506, -17.98658966 ], [ -50.36360035, -17.91602153 ], [ -50.38720624, -17.91305082 ], [ -50.36992452, -17.893759060000011 ], [ -50.39951263, -17.8799619 ], [ -50.40427565, -17.89907509 ], [ -50.42345834, -17.88174796 ], [ -50.41589854, -17.84788709 ], [ -50.39710057, -17.8381575 ], [ -50.44134852, -17.79989856 ], [ -50.43490729, -17.76218495 ], [ -50.45276374, -17.741690390000013 ], [ -50.42412516, -17.73196112 ], [ -50.40154892, -17.69804458 ], [ -50.45990413, -17.72521117 ], [ -50.47824291, -17.65136157 ], [ -50.52109925, -17.64648386 ], [ -50.5587428, -17.59602939 ], [ -50.54596305, -17.57777467 ], [ -50.55862436, -17.54289478 ], [ -50.51549066, -17.52128213 ], [ -50.52160041, -17.47694608 ], [ -50.54266034, -17.47671653 ], [ -50.52488082, -17.46437371 ], [ -50.5272904, -17.41025296 ], [ -50.50240535, -17.37495001 ], [ -50.51351225, -17.34599077 ], [ -50.45948326, -17.3310876 ], [ -50.39228605, -17.18902122 ], [ -50.35265331, -17.30251538 ], [ -50.27876471, -17.2491777 ], [ -50.2543439, -17.25221306 ], [ -50.23676514, -17.28693095 ], [ -50.22451076, -17.27944689 ], [ -50.20809318, -17.29701616 ], [ -50.20006948, -17.2671462 ], [ -50.18654478, -17.26849403000001 ], [ -50.1875426, -17.301732220000016 ], [ -50.17209556000001, -17.31358713 ], [ -50.20512469, -17.36317508 ], [ -50.17668002, -17.35014648000001 ], [ -50.16373405, -17.35918409 ], [ -50.14831436, -17.33995697 ], [ -50.12290002, -17.37794488 ], [ -50.11931974, -17.43730729 ], [ -50.07520221, -17.45223709 ], [ -50.06537895, -17.49480496 ], [ -50.07598184, -17.53730622 ], [ -50.09373766, -17.54390677 ], [ -50.10003919, -17.59146656 ], [ -50.12935016, -17.60613833 ], [ -50.15031758, -17.59860366 ] ] ] } },
{ "type": "Feature", "properties": { "code_amc": 16042, "idade_amc": 19.577319587641238, "n_pixels": 97.0, "n_munis": 3.0, "mesorregiao": "Centro Goiano" }, "geometry": { "type": "Polygon", "coordinates": [ [ [ -50.15926741, -16.41565909 ], [ -50.14918464, -16.44346585 ], [ -50.16553533, -16.47328243 ], [ -50.19158928, -16.41452265 ], [ -50.24528987, -16.4193941 ], [ -50.22350902, -16.39863381000001 ], [ -50.22276085, -16.36218004 ], [ -50.2473573, -16.34900833 ], [ -50.21440211, -16.34135954 ], [ -50.22692932, -16.28412014 ], [ -50.20267773, -16.26385893 ], [ -50.2777647, -16.15991348 ], [ -50.33556563, -16.14736526 ], [ -50.36045165, -16.15932897 ], [ -50.37362479, -16.14367485 ], [ -50.39351067, -16.15732907 ], [ -50.39290624, -16.19630326 ], [ -50.41059534, -16.1935709 ], [ -50.42984422, -16.22627348 ], [ -50.46282113, -16.23614535 ], [ -50.46301231, -16.26084536 ], [ -50.50345826, -16.22816647 ], [ -50.52895979, -16.23476398 ], [ -50.55743015, -16.20158121 ], [ -50.49046078, -16.14796815 ], [ -50.4796234, -16.12113456 ], [ -50.44381633, -16.11736364 ], [ -50.43415646, -16.0955504 ], [ -50.39803617, -16.08181142 ], [ -50.2573769, -16.09424712 ], [ -50.10779062, -16.03519372 ], [ -50.08432115, -16.0447765 ], [ -50.0417612, -16.03037061 ], [ -50.02933715, -16.06671252 ], [ -50.03237121, -16.18247874 ], [ -49.94059446, -16.22415642 ], [ -50.00153397, -16.24074759 ], [ -50.09050785, -16.22329322 ], [ -50.10592059, -16.24630542 ], [ -50.09640099, -16.27538866 ], [ -50.1360703, -16.311427800000015 ], [ -50.13162103, -16.3638846 ], [ -50.14908964, -16.37442284 ], [ -50.15926741, -16.41565909 ] ] ] } },
{ "type": "Feature", "properties": { "code_amc": 16043, "idade_amc": 10.961702127630211, "n_pixels": 235.0, "n_munis": 2.0, "mesorregiao": "Leste Goiano" }, "geometry": { "type": "Polygon", "coordinates": [ [ [ -47.573791989999989, -15.047088960000011 ], [ -47.5060069, -15.24221559 ], [ -47.51556852, -15.271921810000011 ], [ -47.54690168, -15.29190723000001 ], [ -47.48776779, -15.29990227 ], [ -47.46689827, -15.37668605 ], [ -47.49009266, -15.42177047 ], [ -47.49596706, -15.50025646 ], [ -47.56225639, -15.50025634 ], [ -47.56997311, -15.51348429 ], [ -47.61737529, -15.50025624 ], [ -48.05328003, -15.50025543 ], [ -48.0425453, -15.46434978 ], [ -47.95496497, -15.44098739 ], [ -47.92399107, -15.36074571 ], [ -47.96837556, -15.32944638 ], [ -47.97213723, -15.28160805 ], [ -47.99671558, -15.27276402 ], [ -48.01621483, -15.21017048 ], [ -48.08216054, -15.19591073 ], [ -48.10832924, -15.14671739 ], [ -48.05821565, -15.05240348 ], [ -48.05196451, -14.96255944 ], [ -48.03559439, -14.96091103 ], [ -48.04624866, -14.92292905 ], [ -48.07877284, -14.89806632 ], [ -48.02799593, -14.82386397 ], [ -47.99023584, -14.80262068 ], [ -47.90771211, -14.79880876 ], [ -47.86507324, -14.77253147 ], [ -47.81093512, -14.69578403 ], [ -47.78632697, -14.69028969 ], [ -47.77129423, -14.64100071 ], [ -47.71704824, -14.65294047 ], [ -47.692182099999989, -14.74239954 ], [ -47.65990122, -14.70643472 ], [ -47.63139958, -14.74410017 ], [ -47.64634622, -14.83096271 ], [ -47.54295773, -14.730407010000011 ], [ -47.52457172, -14.77522332 ], [ -47.47221118, -14.80511491 ], [ -47.49962254, -14.90712482 ], [ -47.5643986, -14.93767988 ], [ -47.573791989999989, -15.047088960000011 ] ] ] } },
{ "type": "Feature", "properties": { "code_amc": 16044, "idade_amc": 19.777777777800001, "n_pixels": 9.0, "n_munis": 1.0, "mesorregiao": "Sul Goiano" }, "geometry": { "type": "Polygon", "coordinates": [ [ [ -48.86207042, -17.989923020000013 ], [ -48.83405581, -17.93533253 ], [ -48.84696616, -17.90782849 ], [ -48.76605812, -17.93411152 ], [ -48.73219732, -17.98340132 ], [ -48.73821915, -18.03082049 ], [ -48.71994831, -18.07558891 ], [ -48.69180741, -18.09428578 ], [ -48.71577415, -18.11733756000001 ], [ -48.6853027, -18.12374136 ], [ -48.70527645, -18.14819425 ], [ -48.7147218, -18.13753948 ], [ -48.73018819, -18.1671016 ], [ -48.71285764, -18.171454380000011 ], [ -48.72730402, -18.19216275 ], [ -48.71004941, -18.19741535 ], [ -48.77791773, -18.2387295 ], [ -48.80785844, -18.23342432 ], [ -48.80008288, -18.19406947 ], [ -48.83686451, -18.18787977 ], [ -48.8250825, -18.1763173 ], [ -48.86314207, -18.15336053 ], [ -48.85819603, -18.13599146 ], [ -48.87460777, -18.13694002 ], [ -48.87149954, -18.09512453 ], [ -48.88894463, -18.08597496 ], [ -48.86233575, -18.04504847 ], [ -48.86207042, -17.989923020000013 ] ] ] } },
{ "type": "Feature", "properties": { "code_amc": 16045, "idade_amc": 13.341685649185875, "n_pixels": 439.0, "n_munis": 5.0, "mesorregiao": "Leste Goiano" }, "geometry": { "type": "Polygon", "coordinates": [ [ [ -48.27860601, -16.05026117 ], [ -47.68274904, -16.05026307 ], [ -47.67707029, -16.06943559 ], [ -47.72454089, -16.09443576 ], [ -47.73204272, -16.16613598 ], [ -47.65848415, -16.16726087 ], [ -47.66613023, -16.24214882 ], [ -47.64090829, -16.28448334 ], [ -47.64920635, -16.381402340000015 ], [ -47.71910084, -16.47080372 ], [ -47.72084536, -16.5355401 ], [ -47.77015583, -16.57008194 ], [ -47.77923672, -16.53237838 ], [ -47.79487901, -16.5232994 ], [ -47.80143552, -16.52813297 ], [ -47.8199622, -16.63347309000001 ], [ -47.88062597, -16.70362122 ], [ -47.89207706, -16.74422447 ], [ -47.88029171, -16.79891764 ], [ -47.90429489, -16.81399889 ], [ -47.8829609, -16.84605147 ], [ -47.89446656, -16.86258024 ], [ -47.887798429999989, -16.90732449 ], [ -47.91112118, -16.923879180000011 ], [ -47.90093561, -16.95327786 ], [ -47.91949099, -17.00427598 ], [ -48.01594641, -16.92926284 ], [ -48.07935203, -16.92874639 ], [ -48.08884649, -16.85757917 ], [ -48.07613036, -16.80024906 ], [ -48.09023729, -16.76846329 ], [ -48.15207697, -16.73205433 ], [ -48.19471742, -16.73500369 ], [ -48.19141328, -16.64845922000001 ], [ -48.22916164, -16.602347620000018 ], [ -48.26532317, -16.49741972 ], [ -48.30579695, -16.453154 ], [ -48.34160712, -16.44414825 ], [ -48.35866145, -16.40154914 ], [ -48.40145883, -16.38273616 ], [ -48.39819496, -16.32362989 ], [ -48.3742171, -16.31004339 ], [ -48.32832757, -16.326605810000011 ], [ -48.32023675, -16.29943521 ], [ -48.32921136, -16.25894306 ], [ -48.37493929, -16.21754037 ], [ -48.35064768, -16.15128315 ], [ -48.36668895, -16.01507206 ], [ -48.42315885, -15.94830424 ], [ -48.40760077, -15.87761474 ], [ -48.35093731, -15.79181159 ], [ -48.34907354, -15.72582311 ], [ -48.29912697, -15.70906886 ], [ -48.25202385, -15.65919935 ], [ -48.23468396, -15.65904354 ], [ -48.24126355, -15.705415380000014 ], [ -48.2108367, -15.71946472 ], [ -48.21845168, -15.76448551 ], [ -48.28508591, -15.83672237 ], [ -48.2763858, -15.93133494 ], [ -48.2610613, -15.928062800000012 ], [ -48.25021233, -15.94739827 ], [ -48.27860601, -16.05026117 ] ] ] } },
{ "type": "Feature", "properties": { "code_amc": 16046, "idade_amc": 18.116666666699999, "n_pixels": 60.0, "n_munis": 1.0, "mesorregiao": "Leste Goiano" }, "geometry": { "type": "Polygon", "coordinates": [ [ [ -48.60325699, -15.93791221 ], [ -48.59065223, -15.92055579 ], [ -48.54188705, -15.91559918 ], [ -48.52447287, -15.93318241 ], [ -48.48661387, -15.93541566 ], [ -48.43021704, -15.9858822 ], [ -48.4011609, -15.974492800000014 ], [ -48.37379245, -15.99504224 ], [ -48.35059957, -16.14978617 ], [ -48.37513587, -16.216222580000011 ], [ -48.32633246, -16.26408491 ], [ -48.32832757, -16.326605810000011 ], [ -48.36710373, -16.32299507 ], [ -48.40971344, -16.28859547 ], [ -48.44321233, -16.20653079 ], [ -48.51671947, -16.19758598 ], [ -48.53430609, -16.173542220000016 ], [ -48.62027584, -16.13775778 ], [ -48.6161958, -16.05900797 ], [ -48.65079865, -15.96816925 ], [ -48.62874683, -15.9278541 ], [ -48.60325699, -15.93791221 ] ] ] } },
{ "type": "Feature", "properties": { "code_amc": 16047, "idade_amc": 11.407407407399999, "n_pixels": 54.0, "n_munis": 1.0, "mesorregiao": "Sul Goiano" }, "geometry": { "type": "Polygon", "coordinates": [ [ [ -49.42983192, -17.63654411 ], [ -49.40889627, -17.66762321 ], [ -49.42006273, -17.71276343000001 ], [ -49.4440055, -17.71463427 ], [ -49.43266813, -17.73850718 ], [ -49.50876025, -17.75059798 ], [ -49.50951138, -17.663329950000012 ], [ -49.42983192, -17.63654411 ] ] ] } },
{ "type": "Feature", "properties": { "code_amc": 16048, "idade_amc": 15.766666666654668, "n_pixels": 150.0, "n_munis": 4.0, "mesorregiao": "Norte Goiano" }, "geometry": { "type": "Polygon", "coordinates": [ [ [ -49.17458524, -14.02441477 ], [ -49.18800354, -14.18077023 ], [ -49.15372076, -14.211768060000011 ], [ -49.1883373, -14.37290181 ], [ -49.2796903, -14.41373596 ], [ -49.30283367, -14.40396177 ], [ -49.29941795, -14.43371347 ], [ -49.33380444, -14.45584298 ], [ -49.32394167, -14.47184273 ], [ -49.34597823, -14.47843431 ], [ -49.34760482, -14.51051436 ], [ -49.36918235, -14.52285468 ], [ -49.35677462, -14.50032984000001 ], [ -49.40936193, -14.42972514 ], [ -49.39761172, -14.40170072 ], [ -49.42056004, -14.38738329 ], [ -49.40008361, -14.37383527 ], [ -49.42094236, -14.32988596 ], [ -49.42658581, -14.26013897 ], [ -49.45864759, -14.29218867 ], [ -49.4799725, -14.2773897 ], [ -49.48142267, -14.23909664 ], [ -49.56106307, -14.19989299 ], [ -49.54900034, -14.15480525 ], [ -49.56858471, -14.15195738 ], [ -49.57286796, -14.12980657 ], [ -49.60775635, -14.13735709 ], [ -49.62600542, -14.10781232 ], [ -49.63938953, -14.11845516 ], [ -49.65853356, -14.10742657 ], [ -49.64622486, -14.09363705 ], [ -49.68239086, -14.07543237 ], [ -49.67995295, -14.05979909 ], [ -49.71067002, -14.05683779 ], [ -49.75647672, -14.08357745 ], [ -49.74612398, -14.04659921 ], [ -49.78442318, -14.00439029 ], [ -49.79942386, -14.01949171 ], [ -49.80898002, -14.00821342 ], [ -49.79870335, -13.99677664 ], [ -49.81047996, -13.98371403 ], [ -49.79439161, -13.97457126 ], [ -49.83794899, -13.89949783 ], [ -49.85558943, -13.91543345 ], [ -49.87292696, -13.89737585 ], [ -49.95261692, -13.88532326 ], [ -49.95011376, -13.90155199 ], [ -49.93647706, -13.8971216 ], [ -49.94847046, -13.91566562 ], [ -49.9740372, -13.88637972 ], [ -49.93898211, -13.82824164 ], [ -49.95600685, -13.81200036 ], [ -49.94212108, -13.81409767 ], [ -49.92072825, -13.77143627 ], [ -49.92469948, -13.75421668 ], [ -49.96044715, -13.74356473 ], [ -49.96317226, -13.70275137 ], [ -49.90939398, -13.681090590000011 ], [ -49.8435887, -13.69956847 ], [ -49.83525867, -13.68543295 ], [ -49.78317444, -13.72707973 ], [ -49.73422775, -13.71750456 ], [ -49.70022881, -13.753407010000011 ], [ -49.65656041, -13.72378242 ], [ -49.61967167, -13.7547865 ], [ -49.59675642, -13.73937783 ], [ -49.59258933, -13.76484427 ], [ -49.57477758, -13.76439603 ], [ -49.58944758, -13.78241918 ], [ -49.56347982, -13.78214475 ], [ -49.52199914, -13.83622933 ], [ -49.45800161, -13.81176615 ], [ -49.4114163, -13.81876903 ], [ -49.39924102, -13.79175631 ], [ -49.32867005, -13.76539058 ], [ -49.29540503, -13.79984066 ], [ -49.33413598, -13.87012287 ], [ -49.13936012, -13.86144867 ], [ -49.11094396, -13.88652681 ], [ -49.11471843, -13.93185578 ], [ -49.10180338, -13.94209479 ], [ -49.0238847, -13.89004268 ], [ -48.97065928, -13.90437218 ], [ -48.91991244, -13.94215664 ], [ -48.8813941, -13.93363521 ], [ -48.92454946, -13.9649245 ], [ -48.91499373, -14.00749194000001 ], [ -48.94308482000001, -14.01006984 ], [ -48.96755012, -14.033644560000011 ], [ -49.10835749, -14.00461133 ], [ -49.12794371, -14.02332146 ], [ -49.17458524, -14.02441477 ] ] ] } },
{ "type": "Feature", "properties": { "code_amc": 16049, "idade_amc": 12.891566265099998, "n_pixels": 83.0, "n_munis": 1.0, "mesorregiao": "Norte Goiano" }, "geometry": { "type": "Polygon", "coordinates": [ [ [ -47.50535066, -13.96003671 ], [ -47.2639509, -13.97681444 ], [ -47.24237048, -13.93847109 ], [ -47.24225763, -13.87436195 ], [ -47.19387664, -13.85950467000001 ], [ -47.17189717, -13.91412578 ], [ -47.17620099, -13.95368436 ], [ -47.20003493, -13.96423858 ], [ -47.14956372, -14.01880616 ], [ -47.11481166, -14.09972764 ], [ -47.17387171, -14.14835654 ], [ -47.19475725, -14.134079030000011 ], [ -47.19798266, -14.15049124 ], [ -47.24573401, -14.14198593 ], [ -47.32514576, -14.16207159 ], [ -47.36725673, -14.13077576 ], [ -47.41354554, -14.16731897 ], [ -47.45476247, -14.14633305 ], [ -47.44120758, -14.19877961 ], [ -47.40332138, -14.22448862 ], [ -47.39095906, -14.31459914 ], [ -47.45764747, -14.345245660000012 ], [ -47.4868029, -14.42339696 ], [ -47.5478745, -14.4238074 ], [ -47.54700988, -14.44817773000001 ], [ -47.56631586, -14.45817789 ], [ -47.59065144, -14.42921704 ], [ -47.61585044, -14.42689414 ], [ -47.6611819, -14.45910913 ], [ -47.70523713, -14.46204654 ], [ -47.73318536, -14.41214908 ], [ -47.77862414, -14.41606563 ], [ -47.77779331, -14.40022182 ], [ -47.80809834, -14.38012375 ], [ -47.80923923, -14.35593675 ], [ -47.835901389999989, -14.34208762 ], [ -47.93209578, -14.17697641 ], [ -47.85989592, -14.1799832 ], [ -47.75733381, -14.0945371 ], [ -47.72945371, -14.0967645 ], [ -47.69710121, -14.0680147 ], [ -47.66802796, -14.07315548 ], [ -47.60904141, -14.04660407 ], [ -47.59140121, -14.05653497 ], [ -47.55404191, -14.03047272 ], [ -47.50535066, -13.96003671 ] ] ] } },
{ "type": "Feature", "properties": { "code_amc": 16050, "idade_amc": 13.2058823529, "n_pixels": 34.0, "n_munis": 1.0, "mesorregiao": "Leste Goiano" }, "geometry": { "type": "Polygon", "coordinates": [ [ [ -46.54380862, -14.48597841 ], [ -46.46617689, -14.47179555 ], [ -46.42947416, -14.49273646 ], [ -46.38255668, -14.482438920000011 ], [ -46.38819306, -14.54163625 ], [ -46.36868097, -14.58240291000001 ], [ -46.42153257, -14.63637912 ], [ -46.45387625, -14.62434085 ], [ -46.4847358, -14.64250816 ], [ -46.51028178, -14.73826063 ], [ -46.54419221, -14.75301239 ], [ -46.56589372, -14.78637359 ], [ -46.56047957, -14.81501448 ], [ -46.61134147, -14.82458735000001 ], [ -46.6336178, -14.76831194 ], [ -46.65881216, -14.7715049 ], [ -46.66766477, -14.75639489000001 ], [ -46.69830876, -14.61063338 ], [ -46.71653462, -14.594416350000014 ], [ -46.73581626, -14.60695693 ], [ -46.7606989, -14.56834881 ], [ -46.77356339, -14.58231523 ], [ -46.78670059, -14.56189705 ], [ -46.81192644, -14.56890075 ], [ -46.85603768, -14.53616952000001 ], [ -46.84637464, -14.52415359 ], [ -46.87308531, -14.51789815 ], [ -46.85106302, -14.48987873 ], [ -46.86375611, -14.47108573 ], [ -46.85631494, -14.44364364 ], [ -46.88828482, -14.43732591 ], [ -46.89258848, -14.40831843 ], [ -46.87259099, -14.405645610000011 ], [ -46.88085488, -14.392292 ], [ -46.86966214, -14.3893072 ], [ -46.89898409, -14.32961361 ], [ -46.87979224, -14.3168854 ], [ -46.86920061, -14.34023002 ], [ -46.81697779, -14.34359907 ], [ -46.81331007, -14.37669293 ], [ -46.78314598, -14.39054255 ], [ -46.73831535, -14.37518542 ], [ -46.71572751, -14.39797194 ], [ -46.73211423, -14.40870437 ], [ -46.71083441, -14.42905279 ], [ -46.72416888, -14.46226063 ], [ -46.698729, -14.46861754 ], [ -46.69458624, -14.49716388 ], [ -46.67405599, -14.48985032 ], [ -46.64467175, -14.51481011 ], [ -46.6132027, -14.48532197000001 ], [ -46.57105953, -14.48337876 ], [ -46.56933986, -14.463762290000012 ], [ -46.54380862, -14.48597841 ] ] ] } },
{ "type": "Feature", "properties": { "code_amc": 16051, "idade_amc": 17.629032258048383, "n_pixels": 186.0, "n_munis": 2.0, "mesorregiao": "Centro Goiano" }, "geometry": { "type": "Polygon", "coordinates": [ [ [ -49.87428295, -16.22838101 ], [ -49.87448205, -16.28550687 ], [ -49.8214277, -16.275633 ], [ -49.7692801, -16.30676854 ], [ -49.74378679, -16.36241681 ], [ -49.8005635, -16.36256362 ], [ -49.82028777, -16.38148592 ], [ -49.83145436, -16.44522922 ], [ -49.81420692, -16.4608089 ], [ -49.84056338, -16.48400138 ], [ -49.833370189999989, -16.51762539 ], [ -49.91490182, -16.53042756 ], [ -49.98286611, -16.56980976 ], [ -50.01184567, -16.50566271 ], [ -50.04431677, -16.519931990000011 ], [ -50.08387154, -16.49210218 ], [ -50.12965118, -16.50296717 ], [ -50.17159446, -16.48243953 ], [ -50.14918464, -16.44346585 ], [ -50.16575675, -16.42606836 ], [ -50.15892279, -16.39469898 ], [ -50.13162103, -16.3638846 ], [ -50.1360703, -16.311427800000015 ], [ -50.09640099, -16.27538866 ], [ -50.10592059, -16.24630542 ], [ -50.0883434, -16.22157503 ], [ -50.00153397, -16.24074759 ], [ -49.91616929, -16.21870876 ], [ -49.87428295, -16.22838101 ] ] ] } },
{ "type": "Feature", "properties": { "code_amc": 16052, "idade_amc": 20.125, "n_pixels": 40.0, "n_munis": 1.0, "mesorregiao": "Centro Goiano" }, "geometry": { "type": "Polygon", "coordinates": [ [ [ -51.2209965, -16.50379774000001 ], [ -51.18451729, -16.53134314 ], [ -51.14896668, -16.51107414 ], [ -51.08108777, -16.51598099 ], [ -51.063183, -16.54911702 ], [ -51.02388359, -16.56872571000001 ], [ -51.03058062, -16.62583441 ], [ -51.00013438, -16.635470290000011 ], [ -51.03460285, -16.6499003 ], [ -51.02318662, -16.69766857 ], [ -51.04751935, -16.74759276 ], [ -51.05735022, -16.821306940000017 ], [ -51.07413645, -16.82363945 ], [ -51.06524848, -16.80555169 ], [ -51.09071377, -16.79984633 ], [ -51.10818794, -16.76607059 ], [ -51.103717349999989, -16.73420581 ], [ -51.13748442, -16.63337431 ], [ -51.18324143, -16.64585111 ], [ -51.20277042, -16.58095203 ], [ -51.24468781, -16.5453317 ], [ -51.2209965, -16.50379774000001 ] ] ] } },
{ "type": "Feature", "properties": { "code_amc": 16053, "idade_amc": 15.4250000000225, "n_pixels": 120.0, "n_munis": 2.0, "mesorregiao": "Centro Goiano" }, "geometry": { "type": "Polygon", "coordinates": [ [ [ -49.14895813, -16.12452392 ], [ -49.10627478, -16.14612667 ], [ -49.05844207, -16.12865087 ], [ -49.0198294, -16.14250899 ], [ -48.98105711, -16.12535377 ], [ -48.9420529, -16.13124615 ], [ -48.92263621, -16.16357143 ], [ -48.95434049, -16.2368994 ], [ -48.92219545, -16.21903427 ], [ -48.89722393, -16.23716531 ], [ -48.8290536, -16.23348411 ], [ -48.8261351, -16.25590155 ], [ -48.77341325, -16.27755746 ], [ -48.75024432, -16.37541247 ], [ -48.82880659, -16.40036792 ], [ -48.86884765, -16.39493173000001 ], [ -48.99647296, -16.48559807 ], [ -48.98091305, -16.39899883 ], [ -49.02347626, -16.41293244 ], [ -49.05010999, -16.37627267 ], [ -49.09352861, -16.38145683 ], [ -49.09835924, -16.4154692 ], [ -49.11714066, -16.42689865 ], [ -49.19458538, -16.34719144 ], [ -49.16707245, -16.31605845 ], [ -49.18019619, -16.26242951 ], [ -49.14403072, -16.23233634000001 ], [ -49.19221141, -16.14400283 ], [ -49.14895813, -16.12452392 ] ] ] } },
{ "type": "Feature", "properties": { "code_amc": 16054, "idade_amc": null, "n_pixels": null, "n_munis": null, "mesorregiao": null }, "geometry": { "type": "Polygon", "coordinates": [ [ [ -48.22283475, -18.34595659 ], [ -48.27188642, -18.33088014 ], [ -48.26119101, -18.289366820000012 ], [ -48.22557856, -18.26815087 ], [ -48.217880719999989, -18.28167061 ], [ -48.19546771, -18.27700857 ], [ -48.17007503, -18.31753629 ], [ -48.22283475, -18.34595659 ] ] ] } },
{ "type": "Feature", "properties": { "code_amc": 16055, "idade_amc": 7.6666666667000003, "n_pixels": 12.0, "n_munis": 1.0, "mesorregiao": "Centro Goiano" }, "geometry": { "type": "Polygon", "coordinates": [ [ [ -49.26326972, -16.72873233 ], [ -49.20858796, -16.74527097 ], [ -49.16024715, -16.79040848 ], [ -49.17075234, -16.82387341 ], [ -49.14742027, -16.84082203 ], [ -49.15481105, -16.8619962 ], [ -49.14088586, -16.88784332 ], [ -49.16861589, -16.88901789 ], [ -49.18466984, -16.86861631 ], [ -49.25858416, -16.84507483 ], [ -49.30419241, -16.86753848 ], [ -49.32600182, -16.86100361 ], [ -49.32194586, -16.88241598 ], [ -49.36729649, -16.89080601 ], [ -49.38554972, -16.83460867 ], [ -49.36523293, -16.81738265 ], [ -49.34969345, -16.76420238 ], [ -49.26326972, -16.72873233 ] ] ] } },
{ "type": "Feature", "properties": { "code_amc": 16056, "idade_amc": 14.07897793266719, "n_pixels": 1722.0, "n_munis": 3.0, "mesorregiao": "Sul Goiano" }, "geometry": { "type": "Polygon", "coordinates": [ [ [ -51.23791153, -18.35750054 ], [ -51.27024996, -18.33610323 ], [ -51.27016621, -18.3173902 ], [ -51.28299915, -18.323770740000015 ], [ -51.36410943, -18.28093579 ], [ -51.38502655, -18.32424162 ], [ -51.38399976, -18.364162610000012 ], [ -51.52771878, -18.53819028 ], [ -51.57033252, -18.52640049 ], [ -51.59019481, -18.4994239 ], [ -51.63914273, -18.49964308 ], [ -51.63047178, -18.47112886 ], [ -51.6505873, -18.42838631 ], [ -51.6487274, -18.38830015 ], [ -51.69430567, -18.36189676 ], [ -51.63824642, -18.33143259 ], [ -51.65241758, -18.28692296 ], [ -51.73719441, -18.24297706 ], [ -51.78747451, -18.26965164 ], [ -51.79006088, -18.22593063 ], [ -51.83230484, -18.2014991 ], [ -51.84660738, -18.1393334 ], [ -51.89394424, -18.13553148 ], [ -51.93333949, -18.15894074 ], [ -52.00011511, -18.15473292 ], [ -52.02028114, -18.14408764 ], [ -52.02055859, -18.10268907 ], [ -52.03528768, -18.0859072 ], [ -52.08947526, -18.04220596 ], [ -52.15583898, -18.02479656 ], [ -52.16139003, -17.96222305 ], [ -52.19008893, -17.952991590000011 ], [ -52.18520267, -17.909077790000016 ], [ -52.20303577, -17.89081622 ], [ -52.18642799, -17.8776589 ], [ -52.19928649, -17.84800387 ], [ -52.18764696, -17.82905923 ], [ -52.27528078, -17.78948605 ], [ -52.27508978, -17.77489698 ], [ -52.22722655, -17.77434342 ], [ -52.22042193, -17.75367777000001 ], [ -52.24362108, -17.727487810000014 ], [ -52.21281026, -17.67963 ], [ -52.25490434, -17.63832082 ], [ -52.30347647, -17.61938684 ], [ -52.30186237, -17.56927077 ], [ -52.3427843, -17.52549189 ], [ -52.37092211, -17.51833006 ], [ -52.37950626, -17.48401718 ], [ -52.35248293, -17.43071768 ], [ -52.37347598, -17.413385 ], [ -52.42217485, -17.426699230000011 ], [ -52.480451, -17.40944828 ], [ -52.52550797, -17.364529480000012 ], [ -52.47395235, -17.32225406 ], [ -52.32944233, -17.3330516 ], [ -52.29614218, -17.34256307 ], [ -52.26322277, -17.40112757 ], [ -52.22550228, -17.39164733 ], [ -52.19505909, -17.44013849 ], [ -52.10197936, -17.41024377 ], [ -52.09914357, -17.43133504 ], [ -52.06388848, -17.44487685 ], [ -52.0712201, -17.46642713 ], [ -52.04200401, -17.46135168 ], [ -52.0267013, -17.49156311 ], [ -51.99200232, -17.487254620000016 ], [ -51.96130499, -17.43148038 ], [ -51.94805786, -17.40399655 ], [ -51.96075647, -17.39108521 ], [ -51.95339755, -17.35393293 ], [ -51.88883549, -17.36978642 ], [ -51.88036089, -17.33415991 ], [ -51.854252099999989, -17.33607637 ], [ -51.8479688, -17.296921860000012 ], [ -51.78103727, -17.32151432 ], [ -51.74794858, -17.26932099 ], [ -51.72421809, -17.28245033 ], [ -51.68872358, -17.27572889 ], [ -51.73205708, -17.37405591 ], [ -51.72074679, -17.41649593 ], [ -51.7304467, -17.46706715 ], [ -51.69480297, -17.50050181000001 ], [ -51.70422049, -17.52412819 ], [ -51.68836146, -17.548104090000013 ], [ -51.60752873, -17.60301166 ], [ -51.63697723, -17.661931030000012 ], [ -51.58133337, -17.68624771 ], [ -51.53930744, -17.73634602 ], [ -51.47816559, -17.74927524 ], [ -51.45811284, -17.76894226 ], [ -51.45202222, -17.80862398 ], [ -51.38849879, -17.86697483 ], [ -51.34669414, -17.87465204 ], [ -51.29032563, -17.86120187 ], [ -51.27927341, -17.88869106000001 ], [ -51.24207718, -17.885759360000012 ], [ -51.23097204, -17.90200321 ], [ -51.24233122, -17.90845761 ], [ -51.206297, -17.97610571 ], [ -51.21224662, -18.0085434 ], [ -51.16558239, -18.0705814 ], [ -51.15438134, -18.13530761 ], [ -51.11324543, -18.20520103 ], [ -51.12618523, -18.216187900000012 ], [ -51.12125047, -18.24227285 ], [ -51.13699789, -18.24548709 ], [ -51.12505339, -18.26849782 ], [ -51.13316318, -18.29538851 ], [ -51.18099702, -18.29724666 ], [ -51.23791153, -18.35750054 ] ] ] } },
{ "type": "Feature", "properties": { "code_amc": 16057, "idade_amc": 16.042253521112521, "n_pixels": 1278.0, "n_munis": 3.0, "mesorregiao": "Sul Goiano" }, "geometry": { "type": "Polygon", "coordinates": [ [ [ -52.13320262, -18.51822763 ], [ -52.07756617, -18.5051669 ], [ -52.05527938, -18.5136599 ], [ -52.02372972, -18.54526571 ], [ -52.02736582, -18.55841106 ], [ -51.89167015, -18.63483314 ], [ -51.87994788, -18.66981615 ], [ -51.76878364, -18.76139928 ], [ -51.73000214, -18.75206763000001 ], [ -51.66461647, -18.766629649999988 ], [ -51.72408489, -18.83315746 ], [ -51.686917, -19.07359642 ], [ -51.69322394, -19.11821506 ], [ -51.8183658, -19.05358416 ], [ -51.84131548, -19.05714037000001 ], [ -51.84276056, -19.04230191 ], [ -51.85438806, -19.05184914 ], [ -51.89880857, -18.99418444 ], [ -51.94008806, -18.967661 ], [ -51.95150636000001, -18.98070877 ], [ -51.9682826, -18.96669717 ], [ -51.9782001, -18.98081056 ], [ -51.998898, -18.96774442 ], [ -52.01559564, -18.98277884 ], [ -52.0186433, -18.96349578 ], [ -52.04523037, -18.95050759 ], [ -52.08136445, -18.95090649 ], [ -52.11170798, -18.89929931 ], [ -52.1571761, -18.88843221 ], [ -52.18147315, -18.84791539 ], [ -52.33412098, -18.82824204 ], [ -52.40984001, -18.75498282 ], [ -52.44911868, -18.69096432 ], [ -52.53125607, -18.65802241 ], [ -52.55303607, -18.65698828 ], [ -52.59286793, -18.689891580000012 ], [ -52.63368245, -18.69555656 ], [ -52.68134672, -18.67867993 ], [ -52.74748264, -18.69202507 ], [ -52.91675964, -18.64029463 ], [ -52.91432224, -18.61981962 ], [ -52.93987107, -18.61326259 ], [ -52.96235136, -18.5408197 ], [ -52.88095729, -18.46549274 ], [ -52.87329366, -18.42679156 ], [ -52.79851256, -18.414861300000013 ], [ -52.75931963, -18.348070860000014 ], [ -52.8052871, -18.31345411 ], [ -52.94778609, -18.29612522 ], [ -53.01393821, -18.32613913 ], [ -53.02785174, -18.35159602 ], [ -53.0699358, -18.34287978 ], [ -53.10115239, -18.31083112 ], [ -53.14324, -18.08183667 ], [ -53.12365167, -18.0588283 ], [ -53.07571146, -18.05079595 ], [ -53.07004484, -17.98591155 ], [ -53.13144475, -17.91689829000001 ], [ -53.13639967, -17.83705525 ], [ -53.16862268, -17.76626207000001 ], [ -53.23834248, -17.714141 ], [ -53.24979223, -17.60629705 ], [ -53.19648078, -17.61330519 ], [ -53.16582133, -17.64600343 ], [ -53.11787508, -17.665011060000012 ], [ -53.07005869, -17.66538739 ], [ -53.18195579, -17.55354272 ], [ -53.18195682, -17.53231842000001 ], [ -53.16174472, -17.50751873 ], [ -53.135967119999989, -17.50696822 ], [ -53.10284699, -17.45368704 ], [ -53.07776011, -17.38591047000001 ], [ -53.09601089, -17.38111157 ], [ -53.08959867, -17.36493751 ], [ -53.06037722, -17.37000625000001 ], [ -52.96734406, -17.308824220000012 ], [ -52.88839957, -17.28664669 ], [ -52.88843405, -17.25014654 ], [ -52.92742466, -17.21621448 ], [ -52.91456825, -17.189321540000012 ], [ -52.92298057, -17.15045157 ], [ -52.97223045, -17.07319626 ], [ -52.95201264, -17.02440338 ], [ -52.9605381, -16.97038074000001 ], [ -52.94692997, -16.947423330000014 ], [ -52.90699017, -16.93204258 ], [ -52.92836922, -16.882464 ], [ -52.9132566, -16.85661566 ], [ -52.94442697, -16.81315651 ], [ -52.90767612, -16.81027048 ], [ -52.8822828, -16.77610856 ], [ -52.82608893, -16.77443194 ], [ -52.83642805, -16.81560866 ], [ -52.821123129999989, -16.82215283 ], [ -52.82458916, -16.894406920000012 ], [ -52.78764808, -16.90589378 ], [ -52.74326062, -16.96103456 ], [ -52.60997813, -16.97454321 ], [ -52.64200658, -17.002660840000011 ], [ -52.60469885, -17.045597860000012 ], [ -52.5860649, -17.04024946 ], [ -52.54505975, -17.06513371 ], [ -52.55128073, -17.08290458 ], [ -52.52103244, -17.10064733 ], [ -52.49317899, -17.26150295 ], [ -52.468116, -17.246280750000011 ], [ -52.4485039, -17.25954893 ], [ -52.44564146, -17.286886700000011 ], [ -52.39305119, -17.25784968 ], [ -52.34873306, -17.30509864 ], [ -52.32569523, -17.2938754 ], [ -52.26655048, -17.325613 ], [ -52.17420381, -17.30784194 ], [ -52.15253067, -17.32297131 ], [ -52.14561643, -17.35589944 ], [ -52.10611676, -17.38119349 ], [ -52.10735951, -17.41780998 ], [ -52.19505909, -17.44013849 ], [ -52.22550228, -17.39164733 ], [ -52.26322277, -17.40112757 ], [ -52.29614218, -17.34256307 ], [ -52.32944233, -17.3330516 ], [ -52.47395235, -17.32225406 ], [ -52.51555841, -17.35188991 ], [ -52.52847865, -17.370647840000011 ], [ -52.480451, -17.40944828 ], [ -52.42217485, -17.426699230000011 ], [ -52.37347598, -17.413385 ], [ -52.35248293, -17.43071768 ], [ -52.37950626, -17.48401718 ], [ -52.37092211, -17.51833006 ], [ -52.3427843, -17.52549189 ], [ -52.30186237, -17.56927077 ], [ -52.30347647, -17.61938684 ], [ -52.25490434, -17.63832082 ], [ -52.21281026, -17.67963 ], [ -52.24362108, -17.727487810000014 ], [ -52.22042193, -17.75367777000001 ], [ -52.22722655, -17.77434342 ], [ -52.27575507, -17.77544474 ], [ -52.26706778, -17.79719267 ], [ -52.22342199, -17.81267821 ], [ -52.26202959, -17.8439508 ], [ -52.31417537, -17.83072438 ], [ -52.35892916, -17.85536746 ], [ -52.38531093, -17.82489951 ], [ -52.50001126, -17.91616752 ], [ -52.54337152, -17.90451768 ], [ -52.58106289, -17.91326881 ], [ -52.65112512, -17.95259374 ], [ -52.66845878, -17.98112324 ], [ -52.71631315, -17.97599697 ], [ -52.78461967, -18.07137561 ], [ -52.74631703, -18.12999282 ], [ -52.52971041, -18.31550821 ], [ -52.52659942, -18.3408298 ], [ -52.47714648, -18.35894097 ], [ -52.46878943, -18.40611444 ], [ -52.40234093, -18.45629215 ], [ -52.33742339, -18.46907665 ], [ -52.31187552, -18.50299871 ], [ -52.29445499, -18.49213049 ], [ -52.25942851, -18.51075752 ], [ -52.19990082, -18.50855794 ], [ -52.15956176, -18.49497688 ], [ -52.13320262, -18.51822763 ] ] ] } },
{ "type": "Feature", "properties": { "code_amc": 16058, "idade_amc": 16.8, "n_pixels": 20.0, "n_munis": 1.0, "mesorregiao": "Centro Goiano" }, "geometry": { "type": "Polygon", "coordinates": [ [ [ -49.72042118, -16.47302064 ], [ -49.76849644, -16.44134089 ], [ -49.71625867, -16.43658405 ], [ -49.7368945, -16.38616128000001 ], [ -49.72455897, -16.33666041 ], [ -49.73922652, -16.30037734 ], [ -49.73681371, -16.26911751 ], [ -49.71178799, -16.259480150000016 ], [ -49.68725245, -16.27404813 ], [ -49.65389348, -16.35569299 ], [ -49.65700284, -16.42396467 ], [ -49.68339042, -16.42438938 ], [ -49.69678917, -16.47176136 ], [ -49.72042118, -16.47302064 ] ] ] } },
{ "type": "Feature", "properties": { "code_amc": 16059, "idade_amc": 10.9615384615, "n_pixels": 26.0, "n_munis": 1.0, "mesorregiao": "Noroeste Goiano" }, "geometry": { "type": "Polygon", "coordinates": [ [ [ -52.25366798, -15.89420442 ], [ -52.00804126, -15.88547752 ], [ -51.98327983, -15.8439822 ], [ -51.95413758, -15.83766238 ], [ -51.94524747, -15.8101013 ], [ -51.88811433, -15.83234335 ], [ -51.86452422, -15.81804769 ], [ -51.87632753, -15.84053656 ], [ -51.86636398, -15.859657080000011 ], [ -51.84305011, -15.85200338 ], [ -51.83030121, -15.86701368 ], [ -51.85286231, -15.907368 ], [ -52.03539512, -15.91487586 ], [ -52.29975393, -16.16707732 ], [ -52.35463986, -16.13136437 ], [ -52.36103092, -16.081963790000014 ], [ -52.32808547, -16.0706014 ], [ -52.31047867, -16.00739818 ], [ -52.25589834, -15.93053267 ], [ -52.25366798, -15.89420442 ] ] ] } },
{ "type": "Feature", "properties": { "code_amc": 16060, "idade_amc": 15.69069767442558, "n_pixels": 430.0, "n_munis": 4.0, "mesorregiao": "Noroeste Goiano" }, "geometry": { "type": "MultiPolygon", "coordinates": [ [ [ [ -50.64717868, -15.60576703 ], [ -50.51796157, -15.54488985 ], [ -50.53476636, -15.46590168 ], [ -50.51665229, -15.430022 ], [ -50.52826313, -15.41990746000001 ], [ -50.55526564, -15.46563523 ], [ -50.59220671, -15.47246971 ], [ -50.6587942, -15.42501031 ], [ -50.6884865, -15.37993417 ], [ -50.70651119, -15.32061817 ], [ -50.73026382, -15.30422399 ], [ -50.72029304, -15.28240118 ], [ -50.74832103, -15.17696883 ], [ -50.71803537, -15.14929411 ], [ -50.71838248, -15.08049516 ], [ -50.82101471, -14.9989015 ], [ -50.82437833, -14.92594332 ], [ -50.799855119999989, -14.90189417 ], [ -50.770948, -14.95535227 ], [ -50.67726318, -14.95916518 ], [ -50.64626687, -14.98347678 ], [ -50.59392734, -14.99064656 ], [ -50.55126915, -15.04306431 ], [ -50.50692264, -15.057227050000016 ], [ -50.40328852, -15.02551538 ], [ -50.31022974, -14.94031479 ], [ -50.28082141, -14.94657603 ], [ -50.2434275, -14.967194 ], [ -50.2365635, -15.01263548 ], [ -50.18470658, -15.03730446 ], [ -50.19928574, -15.04915831 ], [ -50.19103865, -15.05937382000001 ], [ -50.12831892, -15.07983911 ], [ -50.11228467, -15.12138945 ], [ -50.07972972, -15.13637845 ], [ -50.05489376, -15.1244199 ], [ -50.03600674, -15.14430303 ], [ -50.05559309, -15.18301542 ], [ -50.04206136, -15.20587388 ], [ -50.08659178, -15.24819909 ], [ -50.10603922, -15.28606802 ], [ -50.10184645, -15.3145494 ], [ -50.13184413, -15.33802787 ], [ -50.12464508, -15.37073597 ], [ -50.16851122, -15.45065778 ], [ -50.15334411, -15.48715008 ], [ -50.16570257, -15.52458882 ], [ -50.15304906, -15.52569204 ], [ -50.15667536, -15.56039911 ], [ -50.13142904, -15.58007247 ], [ -50.12511552, -15.65400525 ], [ -50.07687196, -15.69051585 ], [ -50.06114992, -15.72589846 ], [ -50.08581475, -15.77063154 ], [ -50.06768044, -15.78845209 ], [ -49.9386195, -15.74909545 ], [ -49.91017818, -15.771200970000011 ], [ -49.88503882, -15.75334884000001 ], [ -49.80986701, -15.82417285 ], [ -49.79609016, -15.88470654 ], [ -49.81631142, -15.90673777 ], [ -49.84039669, -15.9064534 ], [ -49.83697623, -15.94230227000001 ], [ -49.86717361, -15.98844556 ], [ -49.94269728, -15.96552334 ], [ -50.00533684, -16.01271319 ], [ -50.08337244, -16.04458695 ], [ -50.10779062, -16.03519372 ], [ -50.2573769, -16.09424712 ], [ -50.37388142, -16.07631966 ], [ -50.43326187, -16.09486608000001 ], [ -50.44598708, -16.11832086 ], [ -50.47796138, -16.119949640000016 ], [ -50.47532662, -16.06818115 ], [ -50.48962121, -16.04070717 ], [ -50.51415381, -16.03317594 ], [ -50.46450923, -15.94029289 ], [ -50.51493195, -15.87429097 ], [ -50.5080729, -15.80581286 ], [ -50.57172986, -15.76005451 ], [ -50.57853661, -15.73374953 ], [ -50.61960451, -15.72535438 ], [ -50.61095543, -15.69586525 ], [ -50.62834259, -15.68402395 ], [ -50.61206385, -15.68525091 ], [ -50.59937344, -15.64555881 ], [ -50.61665133, -15.64583471 ], [ -50.62221247, -15.6133252 ], [ -50.64717868, -15.60576703 ] ] ], [ [ [ -51.24210994, -15.67732571 ], [ -51.17279278, -15.65183856 ], [ -51.21860277, -15.60434063 ], [ -51.24357131, -15.5414562 ], [ -51.23171362, -15.48416618 ], [ -51.12326527, -15.41887585 ], [ -51.08552415, -15.49394643 ], [ -51.05367994, -15.519200310000013 ], [ -51.05455009, -15.565584 ], [ -51.02365415, -15.61509925 ], [ -51.01330115, -15.70322585 ], [ -50.98904245, -15.735474840000011 ], [ -51.00460376, -15.77777451 ], [ -51.04579574, -15.80001184 ], [ -51.05374455, -15.88405542 ], [ -51.11894011, -15.90786422 ], [ -51.15718961, -15.79826667 ], [ -51.24483404, -15.80649015 ], [ -51.34029669, -15.73325636 ], [ -51.38377942, -15.72420825 ], [ -51.39160502, -15.69623243 ], [ -51.43488813, -15.66528422 ], [ -51.44499533, -15.60763226 ], [ -51.38496361, -15.63457539 ], [ -51.37138344, -15.59723748 ], [ -51.24210994, -15.67732571 ] ] ] ] } },
{ "type": "Feature", "properties": { "code_amc": 16061, "idade_amc": 17.606811145520126, "n_pixels": 323.0, "n_munis": 2.0, "mesorregiao": "Noroeste Goiano" }, "geometry": { "type": "Polygon", "coordinates": [ [ [ -51.88500158, -16.20360598 ], [ -51.90294888, -16.12370936 ], [ -51.86630126, -16.08674037 ], [ -51.83263311, -16.0860426 ], [ -51.82063802, -16.03459205 ], [ -51.79810377, -16.02981401 ], [ -51.75692079, -16.08843414 ], [ -51.72572255, -16.07751549 ], [ -51.70116788, -16.11082251 ], [ -51.64276013, -16.13886446 ], [ -51.64469945, -16.16081207 ], [ -51.61575225, -16.18484962 ], [ -51.59923963, -16.22753076 ], [ -51.55446805, -16.23025438 ], [ -51.53702299, -16.25806865 ], [ -51.54318485, -16.27631929 ], [ -51.46908232, -16.30206919 ], [ -51.46387885, -16.32652072 ], [ -51.42905531, -16.32015071 ], [ -51.43988695, -16.3492568 ], [ -51.41210607, -16.37193477 ], [ -51.39707479, -16.445839960000015 ], [ -51.37505562, -16.44396774 ], [ -51.37552163, -16.46084045 ], [ -51.41307997, -16.47463423 ], [ -51.44463416, -16.52239546 ], [ -51.50560388, -16.53755415 ], [ -51.50652839, -16.58009595 ], [ -51.57335798, -16.6571071 ], [ -51.59530298, -16.60450073 ], [ -51.63257714, -16.595308670000012 ], [ -51.66908231, -16.59907251000001 ], [ -51.68422171, -16.6213453 ], [ -51.67446788, -16.636536880000012 ], [ -51.70754765, -16.6434695 ], [ -51.75277295, -16.59890744 ], [ -51.86622777, -16.65900347 ], [ -51.89949745, -16.63415602 ], [ -51.91799803, -16.6508884 ], [ -51.9729702, -16.6292494 ], [ -52.003504049999989, -16.56774038 ], [ -52.04743727, -16.54567158 ], [ -52.05205682, -16.49150403 ], [ -52.14742468, -16.45046399000001 ], [ -52.04002681, -16.36101427 ], [ -52.01855737, -16.3116879 ], [ -51.97519205, -16.30102406 ], [ -51.96150211, -16.26108977 ], [ -51.90988871, -16.23993117 ], [ -51.88500158, -16.20360598 ] ] ] } },
{ "type": "Feature", "properties": { "code_amc": 16062, "idade_amc": 20.005319148938298, "n_pixels": 376.0, "n_munis": 2.0, "mesorregiao": "Noroeste Goiano" }, "geometry": { "type": "Polygon", "coordinates": [ [ [ -50.79727672, -15.02495405 ], [ -50.71838248, -15.08049516 ], [ -50.71803537, -15.14929411 ], [ -50.74826794, -15.17569556 ], [ -50.72029304, -15.28240118 ], [ -50.73026382, -15.30422399 ], [ -50.70651119, -15.32061817 ], [ -50.6587942, -15.42501031 ], [ -50.58204136, -15.47406384 ], [ -50.55093106, -15.46164284 ], [ -50.52826313, -15.41990746000001 ], [ -50.51665229, -15.430022 ], [ -50.53476636, -15.46590168 ], [ -50.51796157, -15.54488985 ], [ -50.56399046, -15.57636256 ], [ -50.58831751, -15.57014695 ], [ -50.61779563, -15.59819876 ], [ -50.680399199999989, -15.57446695000001 ], [ -50.73881543, -15.4928152 ], [ -50.78012599, -15.49743472 ], [ -50.77984388, -15.48020925 ], [ -50.80149168, -15.4846381 ], [ -50.81692799, -15.46648772 ], [ -50.8512403, -15.50323992 ], [ -50.87365078, -15.49750227 ], [ -50.8902132, -15.46701361 ], [ -50.9069851, -15.47412402 ], [ -50.92764666, -15.43933696 ], [ -50.95887463, -15.42317087 ], [ -50.97552231, -15.35760784 ], [ -51.0006828, -15.36593769000001 ], [ -51.0014079, -15.34701496 ], [ -51.03298617, -15.34359392 ], [ -51.07201786, -15.23845664 ], [ -51.11359918, -15.21750987 ], [ -51.14238068, -15.22237927 ], [ -51.14788155, -15.20782503 ], [ -51.16701707, -15.22260958 ], [ -51.17693083, -15.20373128 ], [ -51.14632072, -15.15644457 ], [ -51.14802132, -15.1273758 ], [ -51.11588292, -15.10208752 ], [ -51.11162728, -15.05101036 ], [ -51.14640539, -15.020541 ], [ -51.08368274, -14.91782992 ], [ -51.08982389, -14.84116059 ], [ -51.04296493, -14.79138941 ], [ -51.05396334, -14.74666131 ], [ -50.99178035, -14.61378671 ], [ -50.9973799, -14.57819562 ], [ -50.96284572, -14.52701567 ], [ -50.9990729, -14.41923092 ], [ -50.96929308, -14.3339226 ], [ -50.97526657, -14.29085305 ], [ -50.91334675, -14.16978298 ], [ -50.91748787, -14.11481568 ], [ -50.86909487, -14.12566452 ], [ -50.84143139, -14.10490432 ], [ -50.84865301, -14.12163406 ], [ -50.80103737, -14.17926377 ], [ -50.78333894, -14.22113284 ], [ -50.7912691, -14.24184581 ], [ -50.77301627, -14.24364085 ], [ -50.75937011, -14.29709798 ], [ -50.77749004, -14.35359178 ], [ -50.7956494, -14.35014067 ], [ -50.79904034, -14.39374343 ], [ -50.83976784, -14.42267085 ], [ -50.85924163, -14.55735493 ], [ -50.88046059, -14.59833022 ], [ -50.84026075, -14.62627595 ], [ -50.87987951, -14.666338180000011 ], [ -50.85695928, -14.67389234 ], [ -50.83443216, -14.71164957 ], [ -50.82886585, -14.82167719 ], [ -50.80235184, -14.85576027 ], [ -50.798657919999989, -14.90070236 ], [ -50.82437833, -14.92594332 ], [ -50.83109514, -14.95838144 ], [ -50.79727672, -15.02495405 ] ] ] } },
{ "type": "Feature", "properties": { "code_amc": 16063, "idade_amc": 21.254901960800002, "n_pixels": 51.0, "n_munis": 1.0, "mesorregiao": "Centro Goiano" }, "geometry": { "type": "Polygon", "coordinates": [ [ [ -50.58496207, -16.70172507 ], [ -50.60776705, -16.67387149 ], [ -50.6071284, -16.63457067 ], [ -50.66137738, -16.61030881 ], [ -50.65271345, -16.59307862 ], [ -50.61678624, -16.58930607 ], [ -50.59448978, -16.50575727 ], [ -50.55790136, -16.51307901 ], [ -50.55496144, -16.55333817 ], [ -50.54073768, -16.54995060000001 ], [ -50.53863313, -16.573328980000014 ], [ -50.51498937, -16.59302159 ], [ -50.52081728, -16.61356074 ], [ -50.48476383, -16.63612082 ], [ -50.49206824, -16.65728354 ], [ -50.47882157, -16.6721368 ], [ -50.43809888, -16.65596901 ], [ -50.41603191, -16.62830061 ], [ -50.37425998, -16.63491093 ], [ -50.36426063, -16.65132503 ], [ -50.36154758, -16.70262649 ], [ -50.40604344, -16.71909101 ], [ -50.4491817, -16.79715694 ], [ -50.53601379, -16.81367525 ], [ -50.57617663, -16.84793969 ], [ -50.64121581, -16.8349807 ], [ -50.62973689, -16.81336242 ], [ -50.6487155, -16.80389007 ], [ -50.61724268, -16.78721486000001 ], [ -50.6148805, -16.74584024000001 ], [ -50.58496207, -16.70172507 ] ] ] } },
{ "type": "Feature", "properties": { "code_amc": 16064, "idade_amc": 18.692307692300002, "n_pixels": 26.0, "n_munis": 1.0, "mesorregiao": "Centro Goiano" }, "geometry": { "type": "Polygon", "coordinates": [ [ [ -49.81497943, -16.39810467 ], [ -49.73900447, -16.4664182 ], [ -49.69586702, -16.47529524 ], [ -49.69122647, -16.51099895 ], [ -49.73351629, -16.58416463 ], [ -49.77699236, -16.55850828 ], [ -49.8005495, -16.51792681 ], [ -49.833370189999989, -16.51762539 ], [ -49.84056338, -16.48400138 ], [ -49.81515316, -16.46467853 ], [ -49.83145436, -16.44522922 ], [ -49.81497943, -16.39810467 ] ] ] } },
{ "type": "Feature", "properties": { "code_amc": 16065, "idade_amc": 16.793103448299998, "n_pixels": 58.0, "n_munis": 1.0, "mesorregiao": "Noroeste Goiano" }, "geometry": { "type": "Polygon", "coordinates": [ [ [ -52.54505641, -16.22312905 ], [ -52.54861505, -16.16511603 ], [ -52.51736282, -16.13538367 ], [ -52.49605792, -16.14114373 ], [ -52.36103092, -16.081963790000014 ], [ -52.35463986, -16.13136437 ], [ -52.27008298, -16.19686642000001 ], [ -52.3050846, -16.24928282 ], [ -52.30322702, -16.29465174 ], [ -52.32119129, -16.30686442 ], [ -52.27027763, -16.34297725 ], [ -52.21617191, -16.339849400000013 ], [ -52.23594366, -16.35188031 ], [ -52.23558957, -16.38512101 ], [ -52.25355664, -16.39101127 ], [ -52.2638129, -16.43367113 ], [ -52.19421197, -16.46618229 ], [ -52.25973046, -16.59865575 ], [ -52.32730514, -16.57435636 ], [ -52.33981081, -16.54515019 ], [ -52.36428389, -16.53620182 ], [ -52.40716827, -16.55490734 ], [ -52.43480562, -16.53661688 ], [ -52.49370265, -16.56350174000001 ], [ -52.50861319, -16.54115103 ], [ -52.56589767, -16.54690062 ], [ -52.58081592, -16.53638496 ], [ -52.56456345, -16.5180162 ], [ -52.59123538, -16.53511037 ], [ -52.61052972, -16.51281609 ], [ -52.63522522, -16.5126084 ], [ -52.63586451, -16.50119242 ], [ -52.61133891, -16.50063352 ], [ -52.60439368, -16.46465674 ], [ -52.620735089999989, -16.46485527 ], [ -52.61614632, -16.45018873 ], [ -52.63856306000001, -16.43708036 ], [ -52.64344935, -16.41273836 ], [ -52.67664317, -16.412305860000011 ], [ -52.6883954, -16.396299100000011 ], [ -52.67762498, -16.38017656 ], [ -52.6929818, -16.36833609 ], [ -52.68692492, -16.31548089 ], [ -52.65705952, -16.28016359 ], [ -52.62350668, -16.28737520000001 ], [ -52.57642312, -16.24995021 ], [ -52.54768475, -16.26237868 ], [ -52.5698921, -16.23202393 ], [ -52.54505641, -16.22312905 ] ] ] } },
{ "type": "Feature", "properties": { "code_amc": 16066, "idade_amc": 17.544626593799997, "n_pixels": 549.0, "n_munis": 4.0, "mesorregiao": "Centro Goiano" }, "geometry": { "type": "Polygon", "coordinates": [ [ [ -49.53028516, -14.9895684 ], [ -49.55745331, -14.99340475 ], [ -49.59073249, -15.03938444 ], [ -49.65045266, -15.05006135 ], [ -49.68581257, -15.08069483 ], [ -49.7049511, -15.06260264 ], [ -49.75242488, -15.085780770000017 ], [ -49.76444827, -15.07097182 ], [ -49.81864553, -15.08673184 ], [ -49.85169877, -15.05475419 ], [ -49.83708545, -15.00388557 ], [ -49.85953913, -14.98586847 ], [ -49.8385316, -14.96385619 ], [ -49.84914547, -14.88336827 ], [ -49.81880846, -14.77172764 ], [ -49.7717785, -14.75941016 ], [ -49.8157558, -14.84251065 ], [ -49.81308543, -14.94074933 ], [ -49.78654109, -14.92762086 ], [ -49.76849754, -14.9356773 ], [ -49.76947799, -14.9181904 ], [ -49.73778628, -14.91311219 ], [ -49.67481253, -14.85691225 ], [ -49.67108306, -14.834259 ], [ -49.64572502, -14.84067546 ], [ -49.63791984, -14.81738847 ], [ -49.59525108, -14.803767140000014 ], [ -49.52997898, -14.81467805 ], [ -49.45377065, -14.87152156 ], [ -49.34611247, -14.80725873 ], [ -49.3250046, -14.82121785 ], [ -49.24931187, -14.82172592 ], [ -49.23486318, -14.86519675 ], [ -49.20566903, -14.84559666 ], [ -49.21030062, -14.81867846 ], [ -49.16522417, -14.80296899 ], [ -49.19716573, -14.77567547 ], [ -49.15213524, -14.76858388 ], [ -49.14939324, -14.73597325 ], [ -49.11950238, -14.74717782 ], [ -49.08671707, -14.73082689 ], [ -49.06963465, -14.74358059 ], [ -49.04197261, -14.70867618 ], [ -49.0002487, -14.71658653 ], [ -49.02105195, -14.68806128 ], [ -49.02869873, -14.63492981 ], [ -49.05408271, -14.61710832000001 ], [ -49.04280139, -14.60605688 ], [ -49.01599792, -14.620947340000015 ], [ -49.04477686, -14.58996568 ], [ -49.03913197, -14.57714549 ], [ -49.01141915, -14.57578123 ], [ -49.00175335, -14.59849047 ], [ -48.99172182, -14.58645991 ], [ -48.97488709, -14.62302317 ], [ -48.99005644, -14.622250560000012 ], [ -48.9875008, -14.643984390000011 ], [ -48.96683521, -14.64547751 ], [ -48.965855, -14.6651375 ], [ -48.95042019, -14.66120105 ], [ -48.95027976, -14.68104444 ], [ -48.90635516, -14.670973 ], [ -48.87594123, -14.69453547 ], [ -48.84283786, -14.689542320000013 ], [ -48.81518881, -14.66364023 ], [ -48.78177846, -14.66598519000001 ], [ -48.77188456, -14.642764070000011 ], [ -48.72738584, -14.6726963 ], [ -48.7316307, -14.70930718 ], [ -48.71278, -14.726555 ], [ -48.71208461, -14.76449469 ], [ -48.72813304, -14.77932293 ], [ -48.71344362, -14.80191216 ], [ -48.74038515, -14.81170448 ], [ -48.74549897, -14.84315686 ], [ -48.76177695, -14.8474719 ], [ -48.75919313, -14.889764610000014 ], [ -48.80662295, -14.9511102 ], [ -48.80363596, -14.99617729 ], [ -48.84621899, -15.04535221 ], [ -48.85727689, -15.09537984 ], [ -48.9082814, -15.16394003 ], [ -48.97030448, -15.16146197 ], [ -48.97919672, -15.13468931 ], [ -49.00488976, -15.13831865 ], [ -49.00642107, -15.11443314 ], [ -49.08706508, -15.15947843 ], [ -49.15919618, -15.15710287 ], [ -49.19294253, -15.12916781 ], [ -49.13468385, -14.99842102 ], [ -49.32710776, -14.99055806 ], [ -49.38528164, -15.01075749 ], [ -49.42536603, -14.99450355 ], [ -49.4282472, -14.9704029 ], [ -49.44005454, -15.00310602 ], [ -49.45769725, -15.00616061 ], [ -49.46145463, -14.99269154 ], [ -49.52172388, -15.00279255 ], [ -49.53028516, -14.9895684 ] ] ] } },
{ "type": "Feature", "properties": { "code_amc": 16067, "idade_amc": 17.678807946972846, "n_pixels": 302.0, "n_munis": 2.0, "mesorregiao": "Centro Goiano" }, "geometry": { "type": "Polygon", "coordinates": [ [ [ -48.86865414, -16.76783226 ], [ -48.85461838, -16.751656150000013 ], [ -48.83102566, -16.76670461 ], [ -48.83255744, -16.79247945 ], [ -48.79102641, -16.80701874 ], [ -48.80580771, -16.91239312 ], [ -48.76941696, -16.93706235 ], [ -48.77158476, -17.0108829 ], [ -48.71522331, -17.0396123 ], [ -48.68016305, -17.120278610000014 ], [ -48.64024769, -17.13025653 ], [ -48.64477802, -17.18386801 ], [ -48.72334111, -17.15853922 ], [ -48.79271993, -17.19272451 ], [ -48.843972, -17.06447571 ], [ -48.88094261, -17.016225840000011 ], [ -48.92544348, -17.023288990000012 ], [ -48.93921844, -17.09042762 ], [ -48.98191981, -17.0927466 ], [ -49.0410855, -17.05427374 ], [ -49.09841736, -17.055237670000015 ], [ -49.08094961, -17.04625886 ], [ -49.09141995, -17.02746583 ], [ -49.05886148, -16.97289867 ], [ -49.09636399, -16.95600117 ], [ -49.09083905, -16.94094015 ], [ -49.11405778, -16.94661192 ], [ -49.11391954, -16.91415866 ], [ -49.14519732, -16.9001695 ], [ -49.15566895, -16.82614933 ], [ -49.13445175, -16.82758751 ], [ -49.13061061, -16.79793881 ], [ -49.11636206, -16.80288859 ], [ -49.09435882, -16.771803040000016 ], [ -49.06025261, -16.78595796 ], [ -49.069142479999989, -16.74072414 ], [ -49.01175261, -16.65845704 ], [ -48.97538659, -16.69291948 ], [ -48.92003067, -16.69236447 ], [ -48.85844048, -16.63094996 ], [ -48.85312852, -16.657563 ], [ -48.87266318, -16.65713658000001 ], [ -48.91742978, -16.72432678 ], [ -48.88055762, -16.74148477000001 ], [ -48.86865414, -16.76783226 ] ] ] } },
{ "type": "Feature", "properties": { "code_amc": 16068, "idade_amc": 14.1680672269, "n_pixels": 119.0, "n_munis": 1.0, "mesorregiao": "Noroeste Goiano" }, "geometry": { "type": "Polygon", "coordinates": [ [ [ -52.03655179, -15.9159811 ], [ -51.82632407, -15.919398910000011 ], [ -51.86052848, -15.96826558000001 ], [ -51.82772063, -15.99070602 ], [ -51.81469458, -16.04154071000001 ], [ -51.83722329, -16.06947875 ], [ -51.82995463000001, -16.08358968000001 ], [ -51.86630126, -16.08674037 ], [ -51.90294888, -16.12370936 ], [ -51.90121991, -16.1707376 ], [ -51.88382882, -16.17745922 ], [ -51.90588967, -16.23665847 ], [ -51.960835, -16.26046107 ], [ -51.97519205, -16.30102406 ], [ -52.01855737, -16.3116879 ], [ -52.04002681, -16.36101427 ], [ -52.13361617, -16.43337968 ], [ -52.14722697, -16.45136368 ], [ -52.12183572, -16.47230508 ], [ -52.17078302, -16.47795985 ], [ -52.17764407, -16.46136274 ], [ -52.24286444, -16.45367259 ], [ -52.2638129, -16.43367113 ], [ -52.25355664, -16.39101127 ], [ -52.23558957, -16.38512101 ], [ -52.23594366, -16.35188031 ], [ -52.21749898, -16.33820399 ], [ -52.2682927, -16.34359508 ], [ -52.32067555, -16.30863717 ], [ -52.30322702, -16.29465174 ], [ -52.30161343, -16.24182793 ], [ -52.26768741, -16.20998109 ], [ -52.29975393, -16.16707732 ], [ -52.03655179, -15.9159811 ] ] ] } },
{ "type": "Feature", "properties": { "code_amc": 16069, "idade_amc": 6.8330275229000002, "n_pixels": 545.0, "n_munis": 1.0, "mesorregiao": "Sul Goiano" }, "geometry": { "type": "Polygon", "coordinates": [ [ [ -50.02492389, -18.39491803000001 ], [ -50.04740144, -18.38925555 ], [ -50.05834398, -18.35928804 ], [ -50.07625871, -18.35856239 ], [ -50.11709559, -18.315266090000012 ], [ -50.09593704, -18.2539244 ], [ -50.12895817, -18.24075798 ], [ -50.11728651, -18.18137368 ], [ -50.14339901, -18.20314937 ], [ -50.16709859, -18.20092132 ], [ -50.15509133, -18.16537278 ], [ -50.18782199, -18.137058010000011 ], [ -50.18046163, -18.11653386 ], [ -50.14067704, -18.104721420000011 ], [ -50.13729439, -18.12278056 ], [ -50.09679127, -18.10725122 ], [ -50.08621107, -18.12707298 ], [ -50.07734097, -18.10473534 ], [ -50.03918342, -18.09379238 ], [ -50.04293245, -18.10483621 ], [ -50.00454279, -18.120275150000012 ], [ -50.00575798, -18.10004962 ], [ -49.97581294, -18.107897030000014 ], [ -49.98009784, -18.09241314 ], [ -49.84820273, -18.00388994 ], [ -49.83576248, -18.009159140000012 ], [ -49.84045173, -18.03785018 ], [ -49.80167756, -18.06695148 ], [ -49.70376409, -18.08837075 ], [ -49.68080903, -18.07795298 ], [ -49.62167652, -18.099708 ], [ -49.58392579, -18.14583154 ], [ -49.59345016, -18.17038514 ], [ -49.54289765, -18.21221604 ], [ -49.56423072, -18.22481367 ], [ -49.56208911, -18.26396233 ], [ -49.57853518, -18.268624190000011 ], [ -49.56806174, -18.28467611000001 ], [ -49.57594664, -18.2948925 ], [ -49.59139095, -18.28450484 ], [ -49.57986989, -18.30119578 ], [ -49.59860795, -18.29219731 ], [ -49.6034245, -18.3034032 ], [ -49.69628995, -18.26075629 ], [ -49.69824886, -18.2453216 ], [ -49.75340841, -18.21224612 ], [ -49.8072855, -18.22720656 ], [ -49.87770427, -18.28977721 ], [ -49.94106555, -18.30996041 ], [ -49.93601475, -18.32769759000001 ], [ -50.02492389, -18.39491803000001 ] ] ] } },
{ "type": "Feature", "properties": { "code_amc": 16070, "idade_amc": 12.933333333334286, "n_pixels": 105.0, "n_munis": 2.0, "mesorregiao": "Centro Goiano" }, "geometry": { "type": "Polygon", "coordinates": [ [ [ -48.97538659, -16.69291948 ], [ -49.0427805, -16.63698531 ], [ -49.07483368, -16.6385737 ], [ -49.07802926, -16.59348888000001 ], [ -49.02316807, -16.54350794 ], [ -48.99802033, -16.48606929 ], [ -48.90096229, -16.417746300000012 ], [ -48.86319503, -16.45156236 ], [ -48.864820709999989, -16.48645739 ], [ -48.79558112, -16.558443690000011 ], [ -48.78577621, -16.58769956 ], [ -48.72713387, -16.60447724 ], [ -48.71797148, -16.62924804 ], [ -48.72347163, -16.68650232 ], [ -48.79633453, -16.62993972 ], [ -48.83130293, -16.65767312 ], [ -48.85315698, -16.65709541 ], [ -48.85844048, -16.63094996 ], [ -48.87641438, -16.63935305 ], [ -48.92003067, -16.69236447 ], [ -48.97538659, -16.69291948 ] ] ] } },
{ "type": "Feature", "properties": { "code_amc": 16071, "idade_amc": 26.595687331512938, "n_pixels": 371.0, "n_munis": 2.0, "mesorregiao": "Norte Goiano" }, "geometry": { "type": "Polygon", "coordinates": [ [ [ -49.8314782, -13.46289127 ], [ -49.78366188, -13.45519812 ], [ -49.76560976, -13.42817654 ], [ -49.69883673, -13.40923957 ], [ -49.64827637, -13.35218081 ], [ -49.62439254, -13.3537278 ], [ -49.57928007, -13.28744838 ], [ -49.53125449, -13.28057343 ], [ -49.48447725, -13.2501027 ], [ -49.44230539, -13.24639974 ], [ -49.37746715, -13.27698927 ], [ -49.34222035, -13.25599708 ], [ -49.35080805, -13.09396111 ], [ -49.278863629999989, -12.98901388 ], [ -49.23741361, -12.88407454 ], [ -49.19652683, -12.8672547 ], [ -49.12379231, -12.79134235 ], [ -49.10622229, -12.83610466 ], [ -49.06752322, -12.847335 ], [ -49.08785586, -12.88842369 ], [ -49.07883516, -12.90355588 ], [ -49.02302191, -12.90712386 ], [ -48.97562955, -12.95719401 ], [ -48.87972264, -12.8175122 ], [ -48.86927297, -12.85984968 ], [ -48.84154815, -12.88093267 ], [ -48.85866232, -12.91553689 ], [ -48.8327769, -12.918956670000014 ], [ -48.84099116, -12.93349302 ], [ -48.81921503, -12.94761667 ], [ -48.8491667, -12.985920430000013 ], [ -48.8704939, -12.98801299 ], [ -48.85963115, -13.01403914 ], [ -48.88043791, -13.04062029 ], [ -48.87030029, -13.06892044 ], [ -48.89913589, -13.0694521 ], [ -48.87829828, -13.09270263 ], [ -48.89280221, -13.10955243 ], [ -48.87918981, -13.12723607 ], [ -48.88810575, -13.149669 ], [ -48.91732774, -13.14847391 ], [ -48.8857405, -13.19151554 ], [ -48.86788855, -13.19141031 ], [ -48.85691282, -13.24571854 ], [ -48.90044633, -13.25595852 ], [ -48.899137, -13.28356614 ], [ -48.94077539, -13.31805606 ], [ -48.94433262, -13.34100527 ], [ -48.9589965, -13.33248501 ], [ -48.96189552, -13.36157823 ], [ -48.99705686, -13.39167408 ], [ -49.01425296, -13.49946053 ], [ -49.05952583, -13.51714826 ], [ -49.08822011, -13.56222435 ], [ -49.12157628, -13.55744235 ], [ -49.14705157, -13.58438411 ], [ -49.24086278, -13.592215520000012 ], [ -49.26633696, -13.56411212 ], [ -49.3342747, -13.57462586 ], [ -49.35763793, -13.56455114 ], [ -49.30847399, -13.69648911 ], [ -49.35766551, -13.71089073 ], [ -49.432500330000011, -13.66434646 ], [ -49.45253357, -13.66632508 ], [ -49.52149666, -13.7024905 ], [ -49.52575373, -13.71988421 ], [ -49.53708792, -13.71317564 ], [ -49.55042103, -13.73963885 ], [ -49.54105667, -13.75160341 ], [ -49.56014337, -13.77027587 ], [ -49.59258933, -13.76484427 ], [ -49.59239136, -13.74146276 ], [ -49.61967167, -13.7547865 ], [ -49.65656041, -13.72378242 ], [ -49.70022881, -13.753407010000011 ], [ -49.73422775, -13.71750456 ], [ -49.78317444, -13.72707973 ], [ -49.83525867, -13.68543295 ], [ -49.8435887, -13.69956847 ], [ -49.90939398, -13.681090590000011 ], [ -49.95411617, -13.70732135 ], [ -49.97131091, -13.69025848 ], [ -50.03239076, -13.67988642 ], [ -50.05787269, -13.70587169 ], [ -50.10709322, -13.658934660000011 ], [ -50.11634162, -13.68925876 ], [ -50.13603059, -13.68070010000001 ], [ -50.14817308, -13.64527439 ], [ -50.14955894, -13.66062245 ], [ -50.19099749, -13.64215744 ], [ -50.2022801, -13.657614 ], [ -50.21509741, -13.6348175 ], [ -50.21664259, -13.65088854 ], [ -50.23962492, -13.65405257 ], [ -50.24678425, -13.57666281 ], [ -50.27531061, -13.57961642 ], [ -50.25501465, -13.547356470000011 ], [ -50.23440312, -13.55782879 ], [ -50.22350729, -13.53683569 ], [ -50.20331267, -13.53505392 ], [ -50.16814847, -13.553422650000011 ], [ -50.16128306, -13.53110702 ], [ -50.14275844, -13.53696661 ], [ -50.11900912, -13.50856445 ], [ -50.0594583, -13.524520320000013 ], [ -50.00042292, -13.48663536 ], [ -49.87053198, -13.50459558 ], [ -49.8314782, -13.46289127 ] ] ] } },
{ "type": "Feature", "properties": { "code_amc": 16072, "idade_amc": 11.0, "n_pixels": 9.0, "n_munis": 1.0, "mesorregiao": "Centro Goiano" }, "geometry": { "type": "Polygon", "coordinates": [ [ [ -49.38664604, -16.456327180000013 ], [ -49.4057065, -16.41698649000001 ], [ -49.45517418, -16.3838783 ], [ -49.38080863, -16.30717984 ], [ -49.33681137, -16.29258404 ], [ -49.36522433, -16.33394357 ], [ -49.36761139, -16.37866614 ], [ -49.33922634, -16.38789962 ], [ -49.29675776, -16.44334306 ], [ -49.38664604, -16.456327180000013 ] ] ] } },
{ "type": "Feature", "properties": { "code_amc": 16073, "idade_amc": 22.991379310300001, "n_pixels": 116.0, "n_munis": 1.0, "mesorregiao": "Noroeste Goiano" }, "geometry": { "type": "Polygon", "coordinates": [ [ [ -51.30676983, -15.32342391 ], [ -51.21327055, -15.30802931 ], [ -51.23077288, -15.27075219 ], [ -51.27240924, -15.275820810000011 ], [ -51.38202095, -15.2414681 ], [ -51.38016393, -15.17994545 ], [ -51.40977257, -15.11693569 ], [ -51.3956056, -15.03651404 ], [ -51.355542389999989, -15.01294242 ], [ -51.326216, -14.97092738 ], [ -51.30192631, -14.9865299 ], [ -51.29049414, -15.03432841 ], [ -51.24260404, -15.03539714 ], [ -51.150771, -14.98375013 ], [ -51.1318289, -14.94057583 ], [ -51.08405598, -14.916448300000011 ], [ -51.14640539, -15.020541 ], [ -51.10863227, -15.071333960000011 ], [ -51.17693083, -15.20373128 ], [ -51.16701707, -15.22260958 ], [ -51.14788155, -15.20782503 ], [ -51.14238068, -15.22237927 ], [ -51.11359918, -15.21750987 ], [ -51.07201786, -15.23845664 ], [ -51.03298617, -15.34359392 ], [ -51.0014079, -15.34701496 ], [ -51.0006828, -15.36593769000001 ], [ -50.97552231, -15.35760784 ], [ -50.95887463, -15.42317087 ], [ -50.92621392, -15.44809497 ], [ -51.11910439, -15.43661955 ], [ -51.13366305, -15.41685342 ], [ -51.23393181, -15.48843802 ], [ -51.29288824, -15.47071575 ], [ -51.31141464, -15.48085917 ], [ -51.30676983, -15.32342391 ] ] ] } },
{ "type": "Feature", "properties": { "code_amc": 16074, "idade_amc": 15.670807453400002, "n_pixels": 161.0, "n_munis": 1.0, "mesorregiao": "Sul Goiano" }, "geometry": { "type": "Polygon", "coordinates": [ [ [ -49.0746396, -18.183333900000015 ], [ -49.09986551, -18.10478717 ], [ -49.12247365, -18.10684866 ], [ -49.15528608, -18.12406858 ], [ -49.183758159999989, -18.16568521 ], [ -49.24614274, -18.16659373 ], [ -49.18653702, -18.080487 ], [ -49.16581106, -18.02262714 ], [ -49.17986691, -18.02169643 ], [ -49.17475924, -17.989059630000014 ], [ -49.15322501, -17.96959936 ], [ -49.11431153, -17.98382278 ], [ -49.05930492, -17.94869046 ], [ -49.037138400000011, -17.974709310000012 ], [ -48.96088534, -17.98592875 ], [ -48.94972742, -18.01939683 ], [ -48.93122149, -18.01943716 ], [ -48.94299683, -18.05418568 ], [ -48.92266752, -18.05871686 ], [ -48.91616583, -18.0907993 ], [ -48.87441849, -18.08576391 ], [ -48.87460777, -18.13694002 ], [ -48.85819603, -18.13599146 ], [ -48.86314207, -18.15336053 ], [ -48.8250825, -18.1763173 ], [ -48.83686451, -18.18787977 ], [ -48.80008288, -18.19406947 ], [ -48.80785844, -18.23342432 ], [ -48.82383448, -18.23858268 ], [ -48.81886392, -18.26416708 ], [ -48.85345259, -18.28915251 ], [ -48.89308853, -18.26741019 ], [ -48.90197372, -18.30709509 ], [ -48.93677376, -18.30620759 ], [ -48.95950216, -18.323478930000011 ], [ -48.99288893, -18.27788638 ], [ -49.00917136, -18.20603187 ], [ -49.0746396, -18.183333900000015 ] ] ] } },
{ "type": "Feature", "properties": { "code_amc": 16075, "idade_amc": 10.0, "n_pixels": 2.0, "n_munis": 1.0, "mesorregiao": "Leste Goiano" }, "geometry": { "type": "Polygon", "coordinates": [ [ [ -46.00029775, -14.6646412 ], [ -46.0209832, -14.66335016 ], [ -46.01885835, -14.64303721 ], [ -46.05111049, -14.61599087 ], [ -46.10308701, -14.613554300000015 ], [ -46.11985519, -14.58656211 ], [ -46.10817021, -14.5624104 ], [ -46.12355665, -14.52822325 ], [ -46.18541295, -14.48347688 ], [ -46.19597284, -14.45534175 ], [ -46.27527772, -14.433699730000011 ], [ -46.33346954, -14.45363251 ], [ -46.36075573, -14.44135788 ], [ -46.38078252, -14.44542757 ], [ -46.38612281, -14.47390627 ], [ -46.42947416, -14.49273646 ], [ -46.45859016, -14.477447440000011 ], [ -46.43751432, -14.45694268000001 ], [ -46.43221921, -14.42268118 ], [ -46.36694556, -14.39964433 ], [ -46.34691751, -14.37302389 ], [ -46.27991924, -14.37179823 ], [ -46.19696967, -14.30475048 ], [ -46.18422136, -14.27454286 ], [ -46.14177817, -14.25813558 ], [ -46.13175376, -14.23479785 ], [ -46.05259809, -14.20484118 ], [ -46.06102779, -14.2325237 ], [ -46.02193974, -14.26039415 ], [ -45.99605442, -14.2572243 ], [ -45.99529974, -14.2789069 ], [ -45.9611687, -14.28846259 ], [ -45.94266896, -14.34377395 ], [ -45.9073001, -14.353233290000011 ], [ -45.93534799, -14.41533838 ], [ -45.98080563, -14.43327006 ], [ -46.00900384, -14.40623007 ], [ -46.01758163, -14.41898279 ], [ -46.00083386, -14.43453561 ], [ -46.01638908, -14.46945104 ], [ -45.99366799, -14.49539144 ], [ -46.00427457, -14.515808260000011 ], [ -45.97708394, -14.53883937 ], [ -45.99663968, -14.54297294 ], [ -45.98530458, -14.57355761 ], [ -46.00102976, -14.6023291 ], [ -45.98483274, -14.62081034 ], [ -46.00029775, -14.6646412 ] ] ] } },
{ "type": "Feature", "properties": { "code_amc": 16076, "idade_amc": 12.637254902, "n_pixels": 102.0, "n_munis": 1.0, "mesorregiao": "Leste Goiano" }, "geometry": { "type": "Polygon", "coordinates": [ [ [ -47.11359278, -15.89688114 ], [ -47.10221082, -15.73627013000001 ], [ -47.18015111, -15.59823825 ], [ -47.14551333, -15.59460986 ], [ -47.04645078, -15.53399193 ], [ -47.01862424, -15.54551652 ], [ -46.99975732, -15.65270978 ], [ -46.97428854, -15.64882043 ], [ -46.95869838, -15.66331903 ], [ -46.88481107, -15.61044609 ], [ -46.85488348, -15.618300550000011 ], [ -46.85570265, -15.68312449 ], [ -46.81314897, -15.78720428 ], [ -46.82450794, -15.81232620000001 ], [ -46.80550182, -15.85939482 ], [ -46.81172124, -15.88609117 ], [ -47.10540132, -15.95893737 ], [ -47.13509866, -15.94845960000001 ], [ -47.13412148, -15.91953621 ], [ -47.11359278, -15.89688114 ] ] ] } },
{ "type": "Feature", "properties": { "code_amc": 16077, "idade_amc": 16.3137254902, "n_pixels": 204.0, "n_munis": 1.0, "mesorregiao": "Sul Goiano" }, "geometry": { "type": "Polygon", "coordinates": [ [ [ -51.14775861, -18.30147988 ], [ -51.096558, -18.34785774 ], [ -51.05169689, -18.32448628 ], [ -50.98108225, -18.32532285 ], [ -50.97927444, -18.282290190000012 ], [ -50.91241601, -18.319523860000015 ], [ -50.85505098, -18.30010868 ], [ -50.82568832, -18.35761074 ], [ -50.76283182, -18.39026651 ], [ -50.75352252, -18.41824624 ], [ -50.85796175, -18.45320445 ], [ -50.89148973, -18.44833283 ], [ -50.90257429, -18.48195136 ], [ -50.96669507, -18.51401544 ], [ -50.95991038, -18.53298408 ], [ -50.86964219, -18.59645933 ], [ -50.86266666, -18.62440959 ], [ -50.78421943, -18.6530996 ], [ -50.8388798, -18.74434894 ], [ -50.81958039, -18.87081973 ], [ -50.84437574, -18.92221569 ], [ -50.87321835, -18.89632744 ], [ -50.93828493, -18.87839316 ], [ -50.93860863, -18.84133619 ], [ -50.98579934, -18.79289152 ], [ -51.00718658, -18.71647916 ], [ -51.080717989999989, -18.62775223 ], [ -51.07888644, -18.60570091 ], [ -51.21033091, -18.45425255 ], [ -51.20624562, -18.417000920000014 ], [ -51.22344276, -18.40896861 ], [ -51.22280637, -18.37238189 ], [ -51.23791153, -18.35750054 ], [ -51.18099702, -18.29724666 ], [ -51.14775861, -18.30147988 ] ] ] } },
{ "type": "Feature", "properties": { "code_amc": 16078, "idade_amc": 17.875, "n_pixels": 16.0, "n_munis": 1.0, "mesorregiao": "Centro Goiano" }, "geometry": { "type": "Polygon", "coordinates": [ [ [ -50.70243639, -16.620330740000011 ], [ -50.6071284, -16.63457067 ], [ -50.60776705, -16.67387149 ], [ -50.58427203, -16.70029351 ], [ -50.6148805, -16.74584024000001 ], [ -50.61724268, -16.78721486000001 ], [ -50.64873482, -16.8028437 ], [ -50.62973689, -16.81336242 ], [ -50.64038326, -16.83435264 ], [ -50.73607239, -16.80686068 ], [ -50.7996165, -16.82347612 ], [ -50.79040599, -16.7964941 ], [ -50.81837417, -16.721843570000011 ], [ -50.81168892, -16.69539647 ], [ -50.76194755, -16.68089974 ], [ -50.73107327, -16.58756017 ], [ -50.70243639, -16.620330740000011 ] ] ] } },
{ "type": "Feature", "properties": { "code_amc": 16079, "idade_amc": 7.5329032258149038, "n_pixels": 1550.0, "n_munis": 3.0, "mesorregiao": "Sul Goiano" }, "geometry": { "type": "Polygon", "coordinates": [ [ [ -49.7984257, -18.643921790000011 ], [ -49.88009559, -18.60956027000001 ], [ -49.93165148, -18.62399306 ], [ -50.02876304, -18.60146641 ], [ -50.04971078, -18.57955211 ], [ -50.03015182, -18.53454978 ], [ -50.06717682, -18.42377789 ], [ -50.04262344, -18.38303185 ], [ -50.01763003, -18.39250427 ], [ -50.00931719, -18.37134506 ], [ -49.93601475, -18.32769759000001 ], [ -49.94106555, -18.30996041 ], [ -49.87770427, -18.28977721 ], [ -49.8072855, -18.22720656 ], [ -49.75340841, -18.21224612 ], [ -49.69824886, -18.2453216 ], [ -49.69628995, -18.26075629 ], [ -49.6034245, -18.3034032 ], [ -49.59860795, -18.29219731 ], [ -49.57986989, -18.30119578 ], [ -49.59139095, -18.28450484 ], [ -49.57594664, -18.2948925 ], [ -49.56806174, -18.28467611000001 ], [ -49.57853518, -18.268624190000011 ], [ -49.56208911, -18.26396233 ], [ -49.56330828, -18.22352426 ], [ -49.50838559, -18.21428089 ], [ -49.47678422, -18.27207276 ], [ -49.41739219, -18.29009528000001 ], [ -49.40900103, -18.34088887 ], [ -49.28531094, -18.2279991 ], [ -49.23783998, -18.22127732 ], [ -49.25678533, -18.190453510000019 ], [ -49.24950467, -18.166736960000012 ], [ -49.183758159999989, -18.16568521 ], [ -49.12603051, -18.10779324 ], [ -49.09939082, -18.10523636 ], [ -49.0746396, -18.183333900000015 ], [ -49.00917136, -18.20603187 ], [ -48.99288893, -18.27788638 ], [ -48.95950216, -18.323478930000011 ], [ -48.98419537, -18.34141253 ], [ -48.98150122, -18.35637425 ], [ -49.00596419, -18.37435901000001 ], [ -49.03627369, -18.37221999 ], [ -49.07703988, -18.4167804 ], [ -49.12628171, -18.38250706 ], [ -49.16130056, -18.41693501 ], [ -49.21009875, -18.41478153 ], [ -49.19410993, -18.45244664 ], [ -49.22842443, -18.479854069999988 ], [ -49.24935695, -18.52350969 ], [ -49.28675244, -18.538908620000011 ], [ -49.29408475, -18.56524815 ], [ -49.32897694, -18.56384115 ], [ -49.37875526, -18.6423477 ], [ -49.4130377, -18.64227385 ], [ -49.4818303, -18.56103015 ], [ -49.4862851, -18.50645756 ], [ -49.50071372, -18.49148496 ], [ -49.5430373, -18.49787478 ], [ -49.55709874, -18.54657604 ], [ -49.65170602, -18.56111598 ], [ -49.63971453, -18.60013905000001 ], [ -49.68205441, -18.58884753 ], [ -49.73282625, -18.616023 ], [ -49.76584816, -18.61022582 ], [ -49.7984257, -18.643921790000011 ] ] ] } },
{ "type": "Feature", "properties": { "code_amc": 16080, "idade_amc": 17.701863354, "n_pixels": 322.0, "n_munis": 1.0, "mesorregiao": "Sul Goiano" }, "geometry": { "type": "Polygon", "coordinates": [ [ [ -51.38517342, -18.36546507 ], [ -51.38402959, -18.32013778000001 ], [ -51.35754995, -18.28012407 ], [ -51.28299915, -18.323770740000015 ], [ -51.27016621, -18.3173902 ], [ -51.27024996, -18.33610323 ], [ -51.22455227, -18.36919673 ], [ -51.22344276, -18.40896861 ], [ -51.20624562, -18.417000920000014 ], [ -51.21033091, -18.45425255 ], [ -51.07888644, -18.60570091 ], [ -51.080717989999989, -18.62775223 ], [ -51.00718658, -18.71647916 ], [ -50.98579934, -18.79289152 ], [ -50.93860863, -18.84133619 ], [ -50.93828493, -18.87839316 ], [ -50.87321835, -18.89632744 ], [ -50.8491587, -18.92238795 ], [ -50.83655256, -18.91261826 ], [ -50.81546708, -18.94022091 ], [ -50.78421443, -18.94135172 ], [ -50.67905301, -19.018828 ], [ -50.64143753, -19.12134724 ], [ -50.67805027, -19.13810697 ], [ -50.67779993, -19.17251486 ], [ -50.73347686, -19.18580722 ], [ -50.72754821, -19.16292046 ], [ -50.75349974, -19.14037211 ], [ -50.76985856, -19.145885740000015 ], [ -50.76541292, -19.1232052 ], [ -50.77907483, -19.12463553 ], [ -50.78685106, -19.09266567 ], [ -50.85010774, -19.06668603 ], [ -50.86712854, -19.04476728 ], [ -50.88863554, -19.05589551 ], [ -50.88027438000001, -19.0299466 ], [ -50.92415753, -19.02267649 ], [ -50.92319151, -18.99769172 ], [ -50.94106394, -19.005397190000014 ], [ -50.93540868, -18.97798581 ], [ -50.96076975, -18.9740266 ], [ -50.99155216, -18.906670680000012 ], [ -51.03979931, -18.90654415 ], [ -51.0443544, -18.88724614 ], [ -51.07672291, -18.87086274 ], [ -51.12097354, -18.87581174 ], [ -51.15605334, -18.8110684 ], [ -51.18513737, -18.81023456 ], [ -51.17858062, -18.79035977 ], [ -51.21072539, -18.78432553 ], [ -51.22741165, -18.74322255 ], [ -51.26386356, -18.73181602 ], [ -51.32064039, -18.67349298 ], [ -51.33546735, -18.68173563 ], [ -51.35475207, -18.63580949 ], [ -51.37058459, -18.64236721 ], [ -51.38669848, -18.62057322 ], [ -51.43433196, -18.60980047 ], [ -51.43336438, -18.595268860000012 ], [ -51.50685805, -18.56444051 ], [ -51.52771878, -18.53819028 ], [ -51.52266943, -18.52258653 ], [ -51.38517342, -18.36546507 ] ] ] } },
{ "type": "Feature", "properties": { "code_amc": 16081, "idade_amc": 19.440298507488727, "n_pixels": 1206.0, "n_munis": 3.0, "mesorregiao": "Sul Goiano" }, "geometry": { "type": "Polygon", "coordinates": [ [ [ -52.26283283, -16.59788317 ], [ -52.1957762, -16.467977 ], [ -52.17764407, -16.46136274 ], [ -52.17078302, -16.47795985 ], [ -52.12978144, -16.46849677 ], [ -52.05205682, -16.49150403 ], [ -52.04743727, -16.54567158 ], [ -52.003504049999989, -16.56774038 ], [ -51.97599705, -16.62743828 ], [ -51.91799803, -16.6508884 ], [ -51.89949745, -16.63415602 ], [ -51.86622777, -16.65900347 ], [ -51.75277295, -16.59890744 ], [ -51.70699667, -16.64337311 ], [ -51.67446788, -16.636536880000012 ], [ -51.68422171, -16.6213453 ], [ -51.66908231, -16.59907251000001 ], [ -51.63257714, -16.595308670000012 ], [ -51.59530298, -16.60450073 ], [ -51.57335798, -16.6571071 ], [ -51.50652839, -16.58009595 ], [ -51.50560388, -16.53755415 ], [ -51.45619206, -16.52895594 ], [ -51.41307997, -16.47463423 ], [ -51.37049258, -16.4656898 ], [ -51.34316504, -16.4791937 ], [ -51.33747111, -16.50932421 ], [ -51.30610793, -16.51885345 ], [ -51.28763523, -16.55427542000001 ], [ -51.30782948, -16.56477998 ], [ -51.25666411, -16.61669721 ], [ -51.26088183, -16.64765691 ], [ -51.21985352, -16.69759867 ], [ -51.22385761, -16.81440287 ], [ -51.20560976, -16.81052709 ], [ -51.19579948, -16.83952577 ], [ -51.15252274, -16.86759265 ], [ -51.14873888, -16.89144372 ], [ -51.10396573, -16.89453513 ], [ -51.0545756, -16.95721597 ], [ -51.10780058, -16.96913731 ], [ -51.08673973, -17.01586542 ], [ -51.09804345, -17.05982484 ], [ -51.13652223, -17.091395470000013 ], [ -51.13546355, -17.11649124 ], [ -51.20604913, -17.11774925 ], [ -51.26627899, -17.15625327 ], [ -51.26707974, -17.18697571 ], [ -51.29521473, -17.18264223 ], [ -51.2852479, -17.22335995 ], [ -51.32238837, -17.27019969 ], [ -51.38630177000001, -17.28992889 ], [ -51.42311846, -17.33485446 ], [ -51.53614983, -17.33809083 ], [ -51.54822677, -17.31939056 ], [ -51.56211344, -17.32923702 ], [ -51.65721755, -17.27829683 ], [ -51.72421809, -17.28245033 ], [ -51.74679971, -17.268975810000011 ], [ -51.78103727, -17.32151432 ], [ -51.8479688, -17.296921860000012 ], [ -51.854252099999989, -17.33607637 ], [ -51.88036089, -17.33415991 ], [ -51.88733233, -17.36932534 ], [ -51.93956028, -17.34836886 ], [ -51.95575516, -17.35566295 ], [ -51.96075647, -17.39108521 ], [ -51.94805786, -17.40399655 ], [ -51.98139372, -17.4690231 ], [ -51.99200232, -17.487254620000016 ], [ -52.02980378, -17.49105744 ], [ -52.04200401, -17.46135168 ], [ -52.07027955, -17.46740965 ], [ -52.06742092, -17.44037653 ], [ -52.09914357, -17.43133504 ], [ -52.10611676, -17.38119349 ], [ -52.14561643, -17.35589944 ], [ -52.15253067, -17.32297131 ], [ -52.1719195, -17.30892212 ], [ -52.26655048, -17.325613 ], [ -52.32569523, -17.2938754 ], [ -52.34873306, -17.30509864 ], [ -52.39305119, -17.25784968 ], [ -52.44564146, -17.286886700000011 ], [ -52.4485039, -17.25954893 ], [ -52.468116, -17.246280750000011 ], [ -52.49317899, -17.26150295 ], [ -52.52103244, -17.10064733 ], [ -52.55128073, -17.08290458 ], [ -52.54505975, -17.06513371 ], [ -52.5860649, -17.04024946 ], [ -52.60469885, -17.045597860000012 ], [ -52.64200658, -17.002660840000011 ], [ -52.61403366, -16.98975654 ], [ -52.61645624, -16.96684983 ], [ -52.74326062, -16.96103456 ], [ -52.74764496, -16.94209966 ], [ -52.82867735, -16.87954335 ], [ -52.81567839, -16.86336748 ], [ -52.82956182, -16.84730975 ], [ -52.821123129999989, -16.82215283 ], [ -52.83642805, -16.81560866 ], [ -52.83028315, -16.7603989 ], [ -52.78598004, -16.74118862 ], [ -52.785175099999989, -16.71339744 ], [ -52.76175322, -16.70628485 ], [ -52.75520268, -16.67225713 ], [ -52.77125685, -16.66851147 ], [ -52.74042665, -16.65679943 ], [ -52.74686571, -16.63070813 ], [ -52.71570084, -16.63926392 ], [ -52.74020125, -16.58906329 ], [ -52.70539709, -16.59907663 ], [ -52.7035639, -16.57055911 ], [ -52.67164656, -16.58300696 ], [ -52.67389918, -16.56906245 ], [ -52.66017169, -16.57034785 ], [ -52.66862108, -16.55050764 ], [ -52.65350624, -16.56166004 ], [ -52.64700957, -16.54591381 ], [ -52.63575574, -16.55163234 ], [ -52.62942886, -16.51777416 ], [ -52.61052972, -16.51281609 ], [ -52.59123538, -16.53511037 ], [ -52.56456345, -16.5180162 ], [ -52.58081592, -16.53638496 ], [ -52.56589767, -16.54690062 ], [ -52.50861319, -16.54115103 ], [ -52.49370265, -16.56350174000001 ], [ -52.43480562, -16.53661688 ], [ -52.40716827, -16.55490734 ], [ -52.36428389, -16.53620182 ], [ -52.33981081, -16.54515019 ], [ -52.32730514, -16.57435636 ], [ -52.26283283, -16.59788317 ] ] ] } },
{ "type": "Feature", "properties": { "code_amc": 16082, "idade_amc": 16.535315985127138, "n_pixels": 269.0, "n_munis": 2.0, "mesorregiao": "Sul Goiano" }, "geometry": { "type": "Polygon", "coordinates": [ [ [ -48.71847562, -17.84465672 ], [ -48.71768908, -17.91466941 ], [ -48.78291375, -17.9356706 ], [ -48.84696616, -17.90782849 ], [ -48.85116297, -17.87801229 ], [ -48.83155671, -17.85880576 ], [ -48.84941485, -17.85483583 ], [ -48.81569828, -17.81166562 ], [ -48.84649648, -17.74513988 ], [ -48.83491727, -17.73906313 ], [ -48.84055481, -17.69808259 ], [ -48.88397256, -17.66743781000001 ], [ -48.89302662, -17.63424998 ], [ -48.92816497, -17.60175703 ], [ -48.91474839, -17.54710035 ], [ -48.90130712, -17.53014792 ], [ -48.85064034, -17.56077022 ], [ -48.7805834, -17.5728174 ], [ -48.72747276, -17.53514687 ], [ -48.70560776, -17.53961553 ], [ -48.69413538, -17.49360546 ], [ -48.61483401, -17.47625312 ], [ -48.50111163, -17.49156274 ], [ -48.51724268, -17.5148986 ], [ -48.4983048, -17.55109448 ], [ -48.51020313, -17.56957649 ], [ -48.46985906, -17.58876457 ], [ -48.4576353, -17.61617118 ], [ -48.47793604, -17.62768212 ], [ -48.45163314, -17.63053848 ], [ -48.47113476, -17.65743941 ], [ -48.45441287, -17.68613187 ], [ -48.46046585, -17.71262363 ], [ -48.49471778, -17.71197217 ], [ -48.49921555000001, -17.73987286 ], [ -48.52111318, -17.75509888 ], [ -48.50980536, -17.78550741 ], [ -48.54632165, -17.79314576 ], [ -48.54482519, -17.8087809 ], [ -48.5631585, -17.81659012 ], [ -48.51338606, -17.851195470000015 ], [ -48.50732991, -17.90127499 ], [ -48.52444633, -17.92493337 ], [ -48.51800845, -17.98036208000001 ], [ -48.5442757, -17.99362407 ], [ -48.54296376, -18.03033886 ], [ -48.56341119, -18.04985253 ], [ -48.64102302, -18.06115232 ], [ -48.62155713, -18.00043560000001 ], [ -48.63551993, -17.94603046 ], [ -48.71847562, -17.84465672 ] ] ] } },
{ "type": "Feature", "properties": { "code_amc": 16083, "idade_amc": 13.324324324299999, "n_pixels": 37.0, "n_munis": 1.0, "mesorregiao": "Sul Goiano" }, "geometry": { "type": "Polygon", "coordinates": [ [ [ -49.63878463, -16.79500551 ], [ -49.59895194, -16.80220141 ], [ -49.61073204, -16.84182794 ], [ -49.66531641, -16.87530047000001 ], [ -49.74092007, -16.894479070000017 ], [ -49.7287257, -16.8731223 ], [ -49.75497683, -16.85100255 ], [ -49.7820098, -16.78016018 ], [ -49.72912084, -16.67092205 ], [ -49.68925806, -16.66932155 ], [ -49.65351086, -16.760483960000013 ], [ -49.61692481, -16.77922785 ], [ -49.63878463, -16.79500551 ] ] ] } },
{ "type": "Feature", "properties": { "code_amc": 16084, "idade_amc": 17.37071651086729, "n_pixels": 321.0, "n_munis": 2.0, "mesorregiao": "Norte Goiano" }, "geometry": { "type": "Polygon", "coordinates": [ [ [ -48.80580069, -14.06300547 ], [ -48.76782328, -13.8464438 ], [ -48.78449454, -13.81793335 ], [ -48.72691196, -13.77494229 ], [ -48.70930354, -13.70901196 ], [ -48.66766047, -13.685069580000011 ], [ -48.65966206, -13.62856020000001 ], [ -48.57974483, -13.62792449 ], [ -48.56285988, -13.59187095 ], [ -48.50943898, -13.61572408 ], [ -48.45602118, -13.60820452 ], [ -48.46543958, -13.66794187 ], [ -48.42883005, -13.70122073 ], [ -48.45521426, -13.70901346 ], [ -48.43551772, -13.73005664 ], [ -48.43491208, -13.76109807 ], [ -48.376267, -13.80211869 ], [ -48.38507816, -13.82109057 ], [ -48.36796658, -13.82409944 ], [ -48.33952859, -13.87296879 ], [ -48.31726762, -13.976447980000016 ], [ -48.35946252, -13.97552363 ], [ -48.43396219, -14.02293083 ], [ -48.47329967, -14.01938852 ], [ -48.48480259, -14.06328351 ], [ -48.5038015, -14.07244448 ], [ -48.50224176, -14.10883031 ], [ -48.56388201, -14.13122997 ], [ -48.59897051, -14.18577599000001 ], [ -48.67294255, -14.17155973 ], [ -48.69152744, -14.15092686 ], [ -48.70716564, -14.16061794 ], [ -48.7234937, -14.12720671 ], [ -48.76324831, -14.11973179 ], [ -48.76746669, -14.1482826 ], [ -48.79822089, -14.14075313 ], [ -48.82363819, -14.17674724 ], [ -48.8493238, -14.158592830000016 ], [ -48.88055713, -14.19044053 ], [ -48.88171909, -14.212000520000011 ], [ -48.89316455, -14.20789677000001 ], [ -48.89794412, -14.23408513 ], [ -48.94669604, -14.25090286 ], [ -48.96886142, -14.29529275 ], [ -49.01018705, -14.30704427 ], [ -49.01655587, -14.3218614 ], [ -48.98607957, -14.34128963 ], [ -48.9933087, -14.38814971 ], [ -48.97747225, -14.41443701 ], [ -48.99425258, -14.4561647 ], [ -49.02597359, -14.46990434000001 ], [ -49.02311038, -14.4958531 ], [ -49.05335764, -14.49913642 ], [ -49.00569845, -14.55089506 ], [ -49.03686176, -14.56294191 ], [ -49.04491357, -14.58842274 ], [ -49.01599792, -14.620947340000015 ], [ -49.04280139, -14.60605688 ], [ -49.05408271, -14.61710832000001 ], [ -49.02869873, -14.63492981 ], [ -49.002131919999989, -14.71908704000001 ], [ -49.04197261, -14.70867618 ], [ -49.06963465, -14.74358059 ], [ -49.09127533, -14.73048183 ], [ -49.12211343, -14.74714443 ], [ -49.14346895, -14.73375022 ], [ -49.15213524, -14.76858388 ], [ -49.19305443, -14.76868849 ], [ -49.2004682, -14.74627812 ], [ -49.28144618, -14.702567560000011 ], [ -49.27880374, -14.683372710000015 ], [ -49.31733281, -14.67333406 ], [ -49.32316522, -14.637919560000011 ], [ -49.35106024, -14.61169141 ], [ -49.39135914, -14.63795039 ], [ -49.43278763, -14.62225109 ], [ -49.42875495, -14.60220817 ], [ -49.45435966, -14.58534689 ], [ -49.44680815, -14.55761978000001 ], [ -49.39230471, -14.53424071 ], [ -49.3868884, -14.50673621 ], [ -49.36918235, -14.52285468 ], [ -49.34850398, -14.51162257 ], [ -49.34597823, -14.47843431 ], [ -49.32394167, -14.47184273 ], [ -49.33380444, -14.45584298 ], [ -49.29905395, -14.43289341 ], [ -49.30283367, -14.40396177 ], [ -49.2812525, -14.41411942 ], [ -49.26208925, -14.39569617 ], [ -49.13660087, -14.37261315 ], [ -49.08056151, -14.32756664 ], [ -49.00880278, -14.09199758 ], [ -48.80580069, -14.06300547 ] ] ] } },
{ "type": "Feature", "properties": { "code_amc": 16085, "idade_amc": 20.059602649, "n_pixels": 151.0, "n_munis": 1.0, "mesorregiao": "Norte Goiano" }, "geometry": { "type": "Polygon", "coordinates": [ [ [ -48.78802765, -13.71049823 ], [ -48.71635769, -13.64540024 ], [ -48.66132474, -13.64420906 ], [ -48.66766047, -13.685069580000011 ], [ -48.70930354, -13.70901196 ], [ -48.72691196, -13.77494229 ], [ -48.78449454, -13.81793335 ], [ -48.76782328, -13.8464438 ], [ -48.79855518, -14.06196581 ], [ -49.00880278, -14.09199758 ], [ -49.08056151, -14.32756664 ], [ -49.13660087, -14.37261315 ], [ -49.19366469, -14.38473274 ], [ -49.15372076, -14.211768060000011 ], [ -49.18800354, -14.18077023 ], [ -49.17572241, -14.15409704 ], [ -49.1810194, -14.03148191 ], [ -49.12452494, -14.02210869 ], [ -49.10835749, -14.00461133 ], [ -49.02544457, -14.0117223 ], [ -48.9693043, -14.0339241 ], [ -48.94308482000001, -14.01006984 ], [ -48.91572209, -14.00821961 ], [ -48.92454946, -13.9649245 ], [ -48.8813941, -13.93363521 ], [ -48.86936142, -13.86489359 ], [ -48.78640004, -13.80989503 ], [ -48.7812968, -13.79373076 ], [ -48.8058288, -13.77189473 ], [ -48.78338602, -13.73756957 ], [ -48.78802765, -13.71049823 ] ] ] } },
{ "type": "Feature", "properties": { "code_amc": 16086, "idade_amc": 10.9625, "n_pixels": 480.0, "n_munis": 1.0, "mesorregiao": "Sul Goiano" }, "geometry": { "type": "Polygon", "coordinates": [ [ [ -47.88912757, -17.37815214 ], [ -47.88405906, -17.26163262 ], [ -47.84597822, -17.26091198 ], [ -47.79304792, -17.21203698 ], [ -47.73709912, -17.19009146 ], [ -47.71815167, -17.14959295 ], [ -47.67654261, -17.23091846 ], [ -47.68990392, -17.26379398 ], [ -47.55479722, -17.35629626 ], [ -47.52142773, -17.42387328 ], [ -47.54035156, -17.44586478 ], [ -47.5400149, -17.48572817 ], [ -47.556324, -17.48784404 ], [ -47.5575152, -17.54138738 ], [ -47.59412042, -17.54909481 ], [ -47.60148875, -17.57633103 ], [ -47.58884695, -17.59290254 ], [ -47.61457275, -17.59343335 ], [ -47.61006873, -17.61924373 ], [ -47.6336, -17.61786498 ], [ -47.64190465, -17.64720002 ], [ -47.61056908, -17.74547978 ], [ -47.62929537, -17.75374394 ], [ -47.62351408, -17.7838998 ], [ -47.65159789, -17.7931827 ], [ -47.64251527, -17.81450751 ], [ -47.66387471, -17.82165944 ], [ -47.65537405, -17.8370468 ], [ -47.73337443, -17.83976903 ], [ -47.75468009, -17.77898671 ], [ -47.77529896, -17.83183356 ], [ -47.81798704, -17.84304525 ], [ -47.79948396, -17.87186751 ], [ -47.86859963, -17.91953237 ], [ -47.91777558, -17.91387198 ], [ -47.94126727, -17.895319900000011 ], [ -47.97235646, -17.90267336 ], [ -47.98382139, -17.88890563 ], [ -47.95555113, -17.84225388 ], [ -47.95865236, -17.81051408 ], [ -47.94510103, -17.815564470000012 ], [ -47.9521559, -17.79194804 ], [ -47.92696066, -17.73998936 ], [ -47.96405116, -17.6254204 ], [ -47.96662736, -17.55368134 ], [ -47.94482585, -17.53243435 ], [ -47.94101925, -17.47375398 ], [ -47.88912757, -17.37815214 ] ] ] } },
{ "type": "Feature", "properties": { "code_amc": 16087, "idade_amc": 17.0, "n_pixels": 2.0, "n_munis": 1.0, "mesorregiao": "Norte Goiano" }, "geometry": { "type": "Polygon", "coordinates": [ [ [ -46.75061097, -12.96915501 ], [ -46.45464987, -12.97115261 ], [ -46.43279373, -12.93071994 ], [ -46.4176247, -12.82345818 ], [ -46.40828565, -12.84579169 ], [ -46.36619442, -12.8648534 ], [ -46.36069849, -12.9088354 ], [ -46.37692559, -12.96339223 ], [ -46.3642794, -12.99135979 ], [ -46.11163937, -12.92559333 ], [ -46.12584375, -12.96147761 ], [ -46.273379, -13.01495349 ], [ -46.29591531, -13.063941110000011 ], [ -46.45110593, -13.05499141 ], [ -46.45491875, -13.01871361 ], [ -46.50216567, -13.00469617 ], [ -46.60555756, -13.043158560000013 ], [ -46.62305943, -13.06482128 ], [ -46.67261968, -13.060665 ], [ -46.71650498, -13.10441396 ], [ -46.80278428, -13.08598823 ], [ -46.8216134, -13.0580719 ], [ -46.8545584, -13.06730727 ], [ -46.81969807, -13.00246969 ], [ -46.75061097, -12.96915501 ] ] ] } },
{ "type": "Feature", "properties": { "code_amc": 16088, "idade_amc": 20.8, "n_pixels": 30.0, "n_munis": 2.0, "mesorregiao": "Norte Goiano" }, "geometry": { "type": "Polygon", "coordinates": [ [ [ -49.82578029, -14.23481778 ], [ -49.80867166, -14.20726093 ], [ -49.83139767, -14.20434585 ], [ -49.83422862, -14.18388824 ], [ -49.8441452, -14.19683021 ], [ -49.86128874, -14.18311966 ], [ -49.82050332, -14.14115178 ], [ -49.84656375, -14.11507273 ], [ -49.86714665, -14.11810342 ], [ -49.88084165, -14.09908317 ], [ -49.87039819, -14.07788497 ], [ -49.89636491, -14.068658 ], [ -49.87341998, -14.04519189 ], [ -49.88184133, -13.98636486 ], [ -49.85148203, -13.97688592 ], [ -49.86694948, -13.95775039 ], [ -49.81842502, -13.94048219 ], [ -49.79439161, -13.97457126 ], [ -49.81047996, -13.98371403 ], [ -49.79870335, -13.99677664 ], [ -49.80898002, -14.00821342 ], [ -49.79942386, -14.01949171 ], [ -49.78442318, -14.00439029 ], [ -49.74612398, -14.04659921 ], [ -49.75647672, -14.08357745 ], [ -49.71067002, -14.05683779 ], [ -49.67995295, -14.05979909 ], [ -49.68239086, -14.07543237 ], [ -49.64622486, -14.09363705 ], [ -49.65778055, -14.10796296 ], [ -49.63938953, -14.11845516 ], [ -49.62600542, -14.10781232 ], [ -49.60775635, -14.13735709 ], [ -49.57286796, -14.12980657 ], [ -49.54584005, -14.16672479 ], [ -49.56300792, -14.19049186 ], [ -49.56164345, -14.23283652 ], [ -49.49706208, -14.25518571000001 ], [ -49.4735935, -14.4624857 ], [ -49.52289054, -14.47528604 ], [ -49.54161765, -14.46389458 ], [ -49.55453634, -14.50269436 ], [ -49.53561195, -14.54690476 ], [ -49.57539036, -14.62695122 ], [ -49.56681507, -14.64479998 ], [ -49.61544906, -14.68152791 ], [ -49.62694822, -14.63242033 ], [ -49.64414087, -14.62826114 ], [ -49.63375411, -14.57025086000001 ], [ -49.66197609, -14.53192442 ], [ -49.66053146, -14.48097784 ], [ -49.68672179, -14.47903505 ], [ -49.71050403, -14.43982339 ], [ -49.73348004, -14.44903026 ], [ -49.73228306, -14.41945233 ], [ -49.76501023, -14.41561319 ], [ -49.75597346, -14.39271052 ], [ -49.78164231, -14.388389 ], [ -49.77372548, -14.32651859 ], [ -49.80030857, -14.3269187 ], [ -49.78050371, -14.30322193 ], [ -49.81067058, -14.29063439 ], [ -49.80408756, -14.26023667 ], [ -49.81469653, -14.26593287 ], [ -49.82578029, -14.23481778 ] ] ] } },
{ "type": "Feature", "properties": { "code_amc": 16089, "idade_amc": 11.989130434774999, "n_pixels": 92.0, "n_munis": 2.0, "mesorregiao": "Centro Goiano" }, "geometry": { "type": "Polygon", "coordinates": [ [ [ -49.78889815, -15.28058232 ], [ -49.67419803, -15.30795618 ], [ -49.66358664, -15.34019888 ], [ -49.62580871, -15.35873333000001 ], [ -49.59234032, -15.35447074 ], [ -49.58823063, -15.37649725 ], [ -49.6063378, -15.38511145 ], [ -49.61173052, -15.41269537 ], [ -49.63875582, -15.40268869000001 ], [ -49.69501025, -15.42004391 ], [ -49.68400042, -15.48281528 ], [ -49.7032879, -15.50892032 ], [ -49.73275711, -15.50503707 ], [ -49.73322783, -15.52533043 ], [ -49.75806678, -15.54149644 ], [ -49.85475394, -15.533530830000011 ], [ -49.88947597, -15.50751319000001 ], [ -49.8854796, -15.47491139 ], [ -49.86106549, -15.449787120000011 ], [ -49.86012346, -15.39309359 ], [ -49.88209161, -15.40208828 ], [ -49.91559038, -15.38185172 ], [ -49.89125596, -15.36571495 ], [ -49.89842163, -15.32975473 ], [ -49.85679567, -15.330812260000011 ], [ -49.78889815, -15.28058232 ] ] ] } },
{ "type": "Feature", "properties": { "code_amc": 16090, "idade_amc": 10.774841728574073, "n_pixels": 3633.0, "n_munis": 4.0, "mesorregiao": "Sul Goiano" }, "geometry": { "type": "Polygon", "coordinates": [ [ [ -50.35515204, -18.15888091 ], [ -50.28193333, -18.078787530000017 ], [ -50.22512912, -18.07835728 ], [ -50.18765087, -18.06040181 ], [ -50.16209455, -18.08972467 ], [ -50.16159906, -18.11982128 ], [ -50.18170466, -18.11752344000001 ], [ -50.18530764, -18.14150681 ], [ -50.23409892, -18.137493660000011 ], [ -50.28982567, -18.19822273 ], [ -50.33984662, -18.20295261 ], [ -50.37848768, -18.24328506 ], [ -50.51173946, -18.21472186 ], [ -50.52065444, -18.17496758 ], [ -50.56093107, -18.17125102 ], [ -50.58624088, -18.1380607 ], [ -50.60776559, -18.16908226 ], [ -50.67635291, -18.1938357 ], [ -50.81513467, -18.17379567 ], [ -50.81002455, -18.25133662 ], [ -50.88764926, -18.32077981 ], [ -50.94049454, -18.31418275 ], [ -50.97927444, -18.282290190000012 ], [ -50.98108225, -18.32532285 ], [ -51.05169689, -18.32448628 ], [ -51.10457704, -18.34571963 ], [ -51.14643936, -18.30056201 ], [ -51.12449809, -18.28273186 ], [ -51.13699789, -18.24548709 ], [ -51.12125047, -18.24227285 ], [ -51.12618523, -18.216187900000012 ], [ -51.11324543, -18.20520103 ], [ -51.15438134, -18.13530761 ], [ -51.16558239, -18.0705814 ], [ -51.21224662, -18.0085434 ], [ -51.206297, -17.97610571 ], [ -51.23319033, -17.9445153 ], [ -51.24207718, -17.885759360000012 ], [ -51.27927341, -17.88869106000001 ], [ -51.29032563, -17.86120187 ], [ -51.34669414, -17.87465204 ], [ -51.38849879, -17.86697483 ], [ -51.45202222, -17.80862398 ], [ -51.45811284, -17.76894226 ], [ -51.47816559, -17.74927524 ], [ -51.53930744, -17.73634602 ], [ -51.58133337, -17.68624771 ], [ -51.63697723, -17.661931030000012 ], [ -51.60752873, -17.60301166 ], [ -51.68836146, -17.548104090000013 ], [ -51.70422049, -17.52412819 ], [ -51.69480297, -17.50050181000001 ], [ -51.7304467, -17.46706715 ], [ -51.72074679, -17.41649593 ], [ -51.73205708, -17.37405591 ], [ -51.7040749, -17.29721761 ], [ -51.68757799, -17.27542767000001 ], [ -51.66202797, -17.27722328 ], [ -51.56211344, -17.32923702 ], [ -51.54822677, -17.31939056 ], [ -51.53614983, -17.33809083 ], [ -51.42311846, -17.33485446 ], [ -51.38630177000001, -17.28992889 ], [ -51.32238837, -17.27019969 ], [ -51.2852479, -17.22335995 ], [ -51.29521473, -17.18264223 ], [ -51.26707974, -17.18697571 ], [ -51.26627899, -17.15625327 ], [ -51.20604913, -17.11774925 ], [ -51.13546355, -17.11649124 ], [ -51.13652223, -17.091395470000013 ], [ -51.09804345, -17.05982484 ], [ -51.08673973, -17.01586542 ], [ -51.10780058, -16.96913731 ], [ -51.04713121, -16.95764378 ], [ -50.94771332, -17.09056534 ], [ -50.90668277, -17.1221297 ], [ -50.90373991, -17.15457515 ], [ -50.83685904, -17.17251161 ], [ -50.82149022, -17.19214282 ], [ -50.79846204, -17.18029231 ], [ -50.77676499, -17.18946491 ], [ -50.75176725, -17.23184135 ], [ -50.72043761, -17.24831345 ], [ -50.73770784, -17.26662849 ], [ -50.71707413, -17.2993745 ], [ -50.69024087, -17.29809499 ], [ -50.69705067, -17.32031403 ], [ -50.67729292, -17.3301406 ], [ -50.67131634, -17.35755723 ], [ -50.65582549, -17.34767625000001 ], [ -50.63601431, -17.38638788 ], [ -50.63149343, -17.367642910000011 ], [ -50.60879687, -17.37618481 ], [ -50.58956858, -17.40971179 ], [ -50.55707541, -17.40413725 ], [ -50.52443182, -17.43141453 ], [ -50.52488082, -17.46437371 ], [ -50.54266034, -17.47671653 ], [ -50.52160041, -17.47694608 ], [ -50.51504851, -17.51883851 ], [ -50.55862436, -17.54289478 ], [ -50.55043279, -17.58745102 ], [ -50.61795988, -17.63257518 ], [ -50.63534925, -17.62379357 ], [ -50.70072402, -17.65914279 ], [ -50.73696593, -17.7145396 ], [ -50.78639301, -17.74664624 ], [ -50.78577517, -17.77830272000001 ], [ -50.74479874, -17.83221064 ], [ -50.67587746, -17.84584182 ], [ -50.65396026, -17.87118232 ], [ -50.64177253, -17.86318398 ], [ -50.72236279, -17.95128861 ], [ -50.70777419, -17.96593929 ], [ -50.58838253, -17.98105226 ], [ -50.52601731, -17.9505259 ], [ -50.46762435, -17.95186595 ], [ -50.4807682, -18.00032421 ], [ -50.50740314, -18.01839794 ], [ -50.43810182, -18.0510133 ], [ -50.40837605, -18.12775585 ], [ -50.35515204, -18.15888091 ] ] ] } },
{ "type": "Feature", "properties": { "code_amc": 16091, "idade_amc": 13.0312035661, "n_pixels": 673.0, "n_munis": 1.0, "mesorregiao": "Sul Goiano" }, "geometry": { "type": "Polygon", "coordinates": [ [ [ -47.58884695, -17.59290254 ], [ -47.59412042, -17.54909481 ], [ -47.5575152, -17.54138738 ], [ -47.556324, -17.48784404 ], [ -47.54135111, -17.48763287 ], [ -47.53307725, -17.45719784000001 ], [ -47.51429564, -17.4608062 ], [ -47.49563157, -17.5263833 ], [ -47.4777115, -17.51133261 ], [ -47.4571001, -17.53839867 ], [ -47.39863738, -17.51221687 ], [ -47.33314914, -17.52345086 ], [ -47.28386259, -17.57757878 ], [ -47.26396708, -17.62045781 ], [ -47.2813782, -17.6532468 ], [ -47.27034403, -17.67528963 ], [ -47.31368487, -17.69901768 ], [ -47.3178457, -17.7266359 ], [ -47.34272972, -17.74445899 ], [ -47.33271201, -17.76661935 ], [ -47.35448179, -17.78754013 ], [ -47.35204088, -17.81513375 ], [ -47.37306082, -17.829951390000012 ], [ -47.34059279, -17.93740754 ], [ -47.31384624, -17.963223729999989 ], [ -47.319177689999989, -17.996036320000012 ], [ -47.296848679999989, -18.00939326000001 ], [ -47.28251454, -18.05655113 ], [ -47.35779536, -18.08502146 ], [ -47.35587921, -18.10511297 ], [ -47.39378932, -18.1162413 ], [ -47.40822654, -18.1419917 ], [ -47.47843965, -18.077465560000011 ], [ -47.4972145, -18.029467230000012 ], [ -47.56734316, -17.98264565 ], [ -47.59382871, -17.99697375 ], [ -47.63404478, -18.06056474 ], [ -47.67512987, -18.04641657 ], [ -47.66462584, -18.07580174 ], [ -47.69520691, -18.12557777000001 ], [ -47.78799226, -18.12115465 ], [ -47.82106694, -18.13924389 ], [ -47.87670707, -18.22416928 ], [ -47.87834733, -18.29317639 ], [ -47.91390484, -18.339973430000011 ], [ -47.85343083, -18.362609020000011 ], [ -47.86699139, -18.40301219 ], [ -47.85371499, -18.41869549 ], [ -47.87365288, -18.459150320000013 ], [ -47.86324331, -18.46974374 ], [ -47.914274, -18.46657784 ], [ -47.95691123, -18.50020996 ], [ -47.97921211, -18.47596359 ], [ -47.98091027, -18.44286118 ], [ -48.00475811, -18.45509112 ], [ -48.02846253, -18.43569151 ], [ -47.97729483, -18.38364973 ], [ -47.94077069, -18.38102963 ], [ -47.93934756, -18.32898425 ], [ -47.9619919, -18.3177193 ], [ -47.9734549, -18.287416980000014 ], [ -48.04656607, -18.2983299 ], [ -48.06236073, -18.26436056 ], [ -48.00975497, -18.17802333 ], [ -48.05141054, -18.14419114 ], [ -48.02385187, -18.12440454 ], [ -48.0306862, -18.06519892 ], [ -48.08882491, -18.03363216 ], [ -48.07836035, -18.02035947 ], [ -48.09614429, -17.99323167 ], [ -48.17334688, -17.96948645 ], [ -48.16141639, -17.951480040000014 ], [ -48.12476621, -17.94420007 ], [ -48.11929667, -17.91884171 ], [ -48.10883078, -17.93063819 ], [ -48.08563055, -17.91235791 ], [ -48.0262586, -17.924059 ], [ -47.98882294, -17.892386450000011 ], [ -47.86140249, -17.91765897 ], [ -47.84332496, -17.89051785 ], [ -47.79948396, -17.87186751 ], [ -47.81798704, -17.84304525 ], [ -47.77529896, -17.83183356 ], [ -47.75468009, -17.77898671 ], [ -47.73337443, -17.83976903 ], [ -47.65537405, -17.8370468 ], [ -47.66387471, -17.82165944 ], [ -47.64251527, -17.81450751 ], [ -47.65159789, -17.7931827 ], [ -47.62351408, -17.7838998 ], [ -47.62929537, -17.75374394 ], [ -47.61056908, -17.74547978 ], [ -47.64134875, -17.64207593 ], [ -47.63279617, -17.61611496 ], [ -47.61006873, -17.61924373 ], [ -47.61457275, -17.59343335 ], [ -47.58884695, -17.59290254 ] ] ] } },
{ "type": "Feature", "properties": { "code_amc": 16092, "idade_amc": 13.285714285699999, "n_pixels": 28.0, "n_munis": 1.0, "mesorregiao": "Centro Goiano" }, "geometry": { "type": "Polygon", "coordinates": [ [ [ -49.46518919, -16.41337936 ], [ -49.44641767, -16.45338312 ], [ -49.48133705, -16.4590414 ], [ -49.52200313, -16.499032620000015 ], [ -49.57673108, -16.49809417 ], [ -49.58595182, -16.48397998 ], [ -49.656398, -16.50943241 ], [ -49.69600301, -16.50300265000001 ], [ -49.68339042, -16.42438938 ], [ -49.6366775, -16.42034425 ], [ -49.63102804, -16.39901377 ], [ -49.55600518, -16.40737123000001 ], [ -49.54686125, -16.426413730000011 ], [ -49.49239736, -16.415727940000014 ], [ -49.480899, -16.42630134 ], [ -49.46518919, -16.41337936 ] ] ] } },
{ "type": "Feature", "properties": { "code_amc": 16093, "idade_amc": 15.89473684208421, "n_pixels": 19.0, "n_munis": 2.0, "mesorregiao": "Norte Goiano" }, "geometry": { "type": "Polygon", "coordinates": [ [ [ -48.24787476, -13.85794874 ], [ -48.19345577, -13.7866323 ], [ -48.13785275, -13.75349551 ], [ -48.14670956, -13.66695555 ], [ -48.11130817, -13.6176592 ], [ -48.11013276, -13.56867817 ], [ -48.09201868, -13.55409182 ], [ -48.10806874, -13.54039004 ], [ -48.14082934, -13.54785837 ], [ -48.13157089, -13.50496855 ], [ -48.1552984, -13.49773073 ], [ -48.16190915, -13.47858295 ], [ -48.1987112, -13.47146173 ], [ -48.18696061, -13.42068465 ], [ -48.16890172, -13.44843112 ], [ -48.14666089, -13.43632967 ], [ -48.1465425, -13.38450534 ], [ -48.1702727, -13.36937740000001 ], [ -48.17176816, -13.3053116 ], [ -48.0830173, -13.28877832 ], [ -48.076353, -13.23861375 ], [ -48.0331253, -13.253976180000011 ], [ -48.02432087, -13.27919243 ], [ -47.98679889, -13.27686831 ], [ -47.96632364, -13.31525872 ], [ -47.93588096, -13.29072259 ], [ -47.88357937, -13.32050877 ], [ -47.82121967, -13.31260766 ], [ -47.67898605, -13.46771266 ], [ -47.62273111, -13.36766292 ], [ -47.6501285, -13.35124855 ], [ -47.66220777, -13.30384787 ], [ -47.64048517, -13.26320737 ], [ -47.66625986, -13.21865178 ], [ -47.65534643, -13.1778753 ], [ -47.66998735, -13.16830072 ], [ -47.64450873, -13.14985822 ], [ -47.63570897, -13.10372336 ], [ -47.61412738, -13.10545073 ], [ -47.56251818, -13.1226248 ], [ -47.56307436, -13.18422949 ], [ -47.48460197, -13.18245488 ], [ -47.48561967, -13.22215824 ], [ -47.43575833, -13.22710079 ], [ -47.43128688, -13.23803457 ], [ -47.45509765, -13.24937701 ], [ -47.43286737, -13.28807539000001 ], [ -47.39751571, -13.26109576 ], [ -47.37714903, -13.26661585 ], [ -47.34653623, -13.32003708 ], [ -47.35251296, -13.34678043 ], [ -47.2608365, -13.44852386 ], [ -47.19780397, -13.452104450000014 ], [ -47.15109178, -13.4106746 ], [ -47.12676155, -13.43918256 ], [ -47.14336274, -13.51042273 ], [ -47.13794577, -13.5666591 ], [ -47.1615369, -13.63165042 ], [ -47.14870631, -13.67783381 ], [ -47.19423191, -13.72287017 ], [ -47.19815158, -13.86129878 ], [ -47.24478575, -13.878798820000011 ], [ -47.24237048, -13.93847109 ], [ -47.26311881, -13.97582132 ], [ -47.50535066, -13.96003671 ], [ -47.55404191, -14.03047272 ], [ -47.59140121, -14.05653497 ], [ -47.60904141, -14.04660407 ], [ -47.66802796, -14.07315548 ], [ -47.69710121, -14.0680147 ], [ -47.72945371, -14.0967645 ], [ -47.75733381, -14.0945371 ], [ -47.85989592, -14.1799832 ], [ -47.93209578, -14.17697641 ], [ -47.83854034, -14.3344216 ], [ -47.86609765, -14.33828986 ], [ -47.86943108, -14.35331869 ], [ -47.91404644, -14.33222185 ], [ -47.92612688, -14.29997227 ], [ -47.90913161, -14.2818574 ], [ -47.94988279, -14.28545953 ], [ -47.98129971, -14.25686017 ], [ -48.00323593, -14.26726892 ], [ -48.00479917, -14.24292445 ], [ -48.04412813, -14.23448328 ], [ -48.04963006, -14.21369217 ], [ -48.12676759, -14.17080729 ], [ -48.11951803, -14.15565619 ], [ -48.13957651, -14.12524377 ], [ -48.16298961, -14.11859388 ], [ -48.19327159, -14.0226044 ], [ -48.24530015, -13.993320050000012 ], [ -48.25282753, -13.9579477 ], [ -48.32690807, -13.927677130000012 ], [ -48.34588322, -13.86264426 ], [ -48.33532876, -13.83812027 ], [ -48.31729677, -13.84600916000001 ], [ -48.2822986, -13.83129138 ], [ -48.24787476, -13.85794874 ] ] ] } },
{ "type": "Feature", "properties": { "code_amc": 16094, "idade_amc": 16.552742616008018, "n_pixels": 237.0, "n_munis": 3.0, "mesorregiao": "Centro Goiano" }, "geometry": { "type": "Polygon", "coordinates": [ [ [ -49.54965875, -15.1839259 ], [ -49.56556144, -15.24195704 ], [ -49.55066473, -15.26222546 ], [ -49.58934344, -15.311258420000014 ], [ -49.57456634, -15.33617614 ], [ -49.59145807, -15.35449521 ], [ -49.64589116, -15.35214424 ], [ -49.67419803, -15.30795618 ], [ -49.77149618, -15.28849959 ], [ -49.74576003, -15.25230767 ], [ -49.74894686, -15.23742768 ], [ -49.77381054, -15.23560398 ], [ -49.67186197, -15.06160405 ], [ -49.59073249, -15.03938444 ], [ -49.54217235, -14.98586898 ], [ -49.52172388, -15.00279255 ], [ -49.46145463, -14.99269154 ], [ -49.45671918, -15.006233990000014 ], [ -49.43516749, -14.99806852 ], [ -49.4282472, -14.9704029 ], [ -49.42536603, -14.99450355 ], [ -49.38528164, -15.01075749 ], [ -49.32497111, -14.99096674 ], [ -49.38783621, -15.04940009 ], [ -49.40108702, -15.09750082 ], [ -49.44311244, -15.11668723 ], [ -49.45444705, -15.0999723 ], [ -49.47125534, -15.12478855 ], [ -49.50516666, -15.13083461 ], [ -49.47905921, -15.1398358 ], [ -49.48252922, -15.17664356 ], [ -49.50223213, -15.16836482 ], [ -49.5096144, -15.18244724 ], [ -49.52055578, -15.17264325 ], [ -49.54965875, -15.1839259 ] ] ] } },
{ "type": "Feature", "properties": { "code_amc": 16095, "idade_amc": 15.613764044923876, "n_pixels": 712.0, "n_munis": 2.0, "mesorregiao": "Sul Goiano" }, "geometry": { "type": "Polygon", "coordinates": [ [ [ -49.6380127, -17.30581344 ], [ -49.65972637, -17.25320485 ], [ -49.75201044, -17.13910978 ], [ -49.84587126, -17.16223591 ], [ -49.85125792, -17.1242441 ], [ -49.82475929, -17.09656066 ], [ -49.82220716, -17.06689004 ], [ -49.8534249, -17.04087232 ], [ -49.82228004, -17.00994245 ], [ -49.85181896, -17.01015745 ], [ -49.8551538, -16.98839508 ], [ -49.89973733, -16.95476917 ], [ -49.92967719, -16.96032543 ], [ -49.94987364, -17.02909794 ], [ -49.97462544, -17.05147434 ], [ -50.05464685, -17.08458902 ], [ -50.07906432, -17.07668187 ], [ -50.08079113, -17.0480559 ], [ -50.03442631, -16.96059871 ], [ -50.03823064, -16.93467362 ], [ -50.08792916, -16.91998934 ], [ -50.10574001, -16.95251771 ], [ -50.15404577, -16.917224720000014 ], [ -50.1013745, -16.89364892 ], [ -50.11059164000001, -16.79683069 ], [ -50.15875936, -16.719477940000012 ], [ -50.14998447, -16.67956603 ], [ -50.00556609, -16.62012027 ], [ -49.97279228, -16.59019912 ], [ -49.92798119, -16.62795921 ], [ -49.9106717, -16.61444701 ], [ -49.88656455, -16.64014875 ], [ -49.71884596, -16.64513116 ], [ -49.78200846, -16.78106983 ], [ -49.75497683, -16.85100255 ], [ -49.7287257, -16.8731223 ], [ -49.74153476, -16.89256708 ], [ -49.72634096, -16.93263066 ], [ -49.74931152, -16.94417839 ], [ -49.74023354, -16.96778435 ], [ -49.7520107, -16.99527439 ], [ -49.7306738, -17.07235338 ], [ -49.7059274, -17.07464508 ], [ -49.71983772, -17.0822503 ], [ -49.70139692, -17.08619912 ], [ -49.68594998, -17.13771829 ], [ -49.65256681, -17.15047965 ], [ -49.66628666, -17.17766523 ], [ -49.6429229, -17.183257890000011 ], [ -49.61556634, -17.24097999 ], [ -49.62753404, -17.24416123 ], [ -49.61445534, -17.27630259 ], [ -49.63078666, -17.2850488 ], [ -49.61736652, -17.29120275 ], [ -49.61634051, -17.29598476 ], [ -49.6380127, -17.30581344 ] ] ] } },
{ "type": "Feature", "properties": { "code_amc": 16096, "idade_amc": 15.696581196554702, "n_pixels": 234.0, "n_munis": 2.0, "mesorregiao": "Leste Goiano" }, "geometry": { "type": "Polygon", "coordinates": [ [ [ -48.41929316, -15.91430023 ], [ -48.40971943, -15.9766602 ], [ -48.425164, -15.9871577 ], [ -48.48661387, -15.93541566 ], [ -48.52447287, -15.93318241 ], [ -48.54188705, -15.91559918 ], [ -48.59065223, -15.92055579 ], [ -48.60832766, -15.93999755 ], [ -48.62874683, -15.9278541 ], [ -48.65113227, -15.97501103 ], [ -48.6161958, -16.05900797 ], [ -48.62286037, -16.14834536 ], [ -48.68733161, -16.14369925 ], [ -48.7941873, -16.01351892 ], [ -48.90740984, -15.98947432 ], [ -48.88841606, -15.95854731 ], [ -48.90216317, -15.94771845 ], [ -48.89922106, -15.88190179 ], [ -48.87317026, -15.876534780000014 ], [ -48.87102173, -15.84902467 ], [ -48.84360817, -15.83507962 ], [ -48.86213537, -15.805995370000014 ], [ -48.83411853, -15.79917899 ], [ -48.81644241, -15.74945701 ], [ -48.83463264, -15.72449599 ], [ -48.81013446, -15.66777424 ], [ -48.81049736, -15.63349953 ], [ -48.82722094, -15.62204983 ], [ -48.79566291, -15.59004809 ], [ -48.80529972, -15.571820550000011 ], [ -48.79230075, -15.55542338 ], [ -48.82980801, -15.53983203000001 ], [ -48.80041704, -15.49721094 ], [ -48.73983181, -15.49339733 ], [ -48.7480821, -15.47092811 ], [ -48.73119712, -15.46236522 ], [ -48.71180859, -15.38994404 ], [ -48.68975234, -15.39917291 ], [ -48.66180106, -15.36941601 ], [ -48.61858159, -15.35882643 ], [ -48.57166077, -15.37399853000001 ], [ -48.55907429, -15.41724715 ], [ -48.56974825, -15.44535149 ], [ -48.55524034, -15.46042876 ], [ -48.58097186, -15.48060042 ], [ -48.59869044, -15.53263167 ], [ -48.54624552, -15.58292239 ], [ -48.54113122, -15.60950401 ], [ -48.47910356, -15.6193758 ], [ -48.41260456, -15.65391987 ], [ -48.39319232, -15.64323006 ], [ -48.38468659, -15.61137771 ], [ -48.35073875, -15.63653851000001 ], [ -48.30913146000001, -15.62168055 ], [ -48.25390525, -15.64833189 ], [ -48.29912697, -15.70906886 ], [ -48.34907354, -15.72582311 ], [ -48.35093731, -15.79181159 ], [ -48.37829412, -15.815927 ], [ -48.41929316, -15.91430023 ] ] ] } },
{ "type": "Feature", "properties": { "code_amc": 16097, "idade_amc": 28.333333333300001, "n_pixels": 3.0, "n_munis": 1.0, "mesorregiao": "Centro Goiano" }, "geometry": { "type": "Polygon", "coordinates": [ [ [ -50.59585395, -16.23539603 ], [ -50.55743015, -16.20158121 ], [ -50.52895979, -16.23476398 ], [ -50.50345826, -16.22816647 ], [ -50.46301231, -16.26084536 ], [ -50.51710304, -16.39346538 ], [ -50.53524232, -16.38923611 ], [ -50.52828909, -16.40731904 ], [ -50.54127216, -16.40071083 ], [ -50.52348902, -16.4260813 ], [ -50.54503912, -16.44861305 ], [ -50.52315315, -16.484774450000018 ], [ -50.55326253, -16.52102465 ], [ -50.59962097, -16.49251104 ], [ -50.6091872, -16.50968354 ], [ -50.62465283, -16.49400762 ], [ -50.6347426, -16.51450832 ], [ -50.65456715, -16.4905614 ], [ -50.65685005, -16.44984623 ], [ -50.6818783, -16.45004379 ], [ -50.67659729, -16.33311605 ], [ -50.60504261, -16.31975233 ], [ -50.59585395, -16.23539603 ] ] ] } },
{ "type": "Feature", "properties": { "code_amc": 16098, "idade_amc": 18.016528925599999, "n_pixels": 121.0, "n_munis": 1.0, "mesorregiao": "Sul Goiano" }, "geometry": { "type": "Polygon", "coordinates": [ [ [ -48.60398353, -18.06292596 ], [ -48.54360862, -18.03206552 ], [ -48.5442757, -17.99362407 ], [ -48.51800845, -17.98036208000001 ], [ -48.51227266, -17.8784494 ], [ -48.47177804, -17.86616556 ], [ -48.45316401, -17.83854526 ], [ -48.41105318, -17.863406790000013 ], [ -48.39813961, -17.89472958 ], [ -48.41329597, -17.91650354 ], [ -48.39571787, -17.91492814 ], [ -48.38344963, -17.94412855 ], [ -48.31522012, -17.94358876 ], [ -48.32043567, -17.987504720000011 ], [ -48.2977704, -18.03326858 ], [ -48.39877482, -18.127157750000016 ], [ -48.33390853, -18.20182798 ], [ -48.29877573, -18.2777906 ], [ -48.33238821, -18.28383414 ], [ -48.3269713, -18.31089823 ], [ -48.35460695, -18.3195786 ], [ -48.34494017, -18.35480585 ], [ -48.33024273, -18.35383273 ], [ -48.34163695, -18.3697064 ], [ -48.40049629, -18.371874989999988 ], [ -48.4057185, -18.35634345 ], [ -48.44566087, -18.35530136 ], [ -48.48123525, -18.38013867 ], [ -48.48480651, -18.35363199 ], [ -48.51564919, -18.36641591 ], [ -48.55454264, -18.34694942 ], [ -48.56141465, -18.323886470000012 ], [ -48.63382489, -18.327648450000012 ], [ -48.64716967, -18.34389063 ], [ -48.69774702, -18.35016626 ], [ -48.75772338, -18.34476109 ], [ -48.81636161, -18.37966117 ], [ -48.8371347, -18.34148082 ], [ -48.91774469, -18.30587944 ], [ -48.8978873, -18.30182415 ], [ -48.89308853, -18.26741019 ], [ -48.85345259, -18.28915251 ], [ -48.81886392, -18.26416708 ], [ -48.82083215, -18.23485568 ], [ -48.77791773, -18.2387295 ], [ -48.71183255, -18.19914981 ], [ -48.72730402, -18.19216275 ], [ -48.71285764, -18.171454380000011 ], [ -48.72788948, -18.1602246 ], [ -48.68421812, -18.11903605 ], [ -48.71577415, -18.11733756000001 ], [ -48.68980129, -18.09029532 ], [ -48.65824687, -18.08558404 ], [ -48.6436121, -18.04809209 ], [ -48.63875525, -18.06248329000001 ], [ -48.60398353, -18.06292596 ] ] ] } },
{ "type": "Feature", "properties": { "code_amc": 16099, "idade_amc": 10.1569678407, "n_pixels": 1306.0, "n_munis": 1.0, "mesorregiao": "Leste Goiano" }, "geometry": { "type": "Polygon", "coordinates": [ [ [ -47.8199622, -16.63347309000001 ], [ -47.79682182, -16.52353396 ], [ -47.78235015, -16.52876519 ], [ -47.77015583, -16.57008194 ], [ -47.72859713, -16.54451113 ], [ -47.71910084, -16.47080372 ], [ -47.64920635, -16.381402340000015 ], [ -47.64090829, -16.28448334 ], [ -47.66613023, -16.24214882 ], [ -47.65848415, -16.16726087 ], [ -47.73242848, -16.16331604 ], [ -47.72454089, -16.09443576 ], [ -47.67707029, -16.06943559 ], [ -47.68729528, -16.05335553 ], [ -47.30838699, -16.05026426 ], [ -47.31134463, -16.0881327 ], [ -47.33313475, -16.08588628 ], [ -47.33776316, -16.12848373000001 ], [ -47.35273217, -16.13283035 ], [ -47.33195668, -16.17173921 ], [ -47.33632286, -16.20158759 ], [ -47.32211983, -16.2087752 ], [ -47.32799969, -16.24922098 ], [ -47.36627448, -16.33149845 ], [ -47.42717653, -16.39416133000001 ], [ -47.42952158, -16.44265873 ], [ -47.45382428, -16.46559295 ], [ -47.46006975, -16.50509677 ], [ -47.44371067, -16.5415793 ], [ -47.40507399, -16.556493350000011 ], [ -47.41287408, -16.57585862 ], [ -47.3868984, -16.58886224 ], [ -47.37737696, -16.579511680000014 ], [ -47.37667828, -16.60087112 ], [ -47.3428404, -16.59235734 ], [ -47.33534915, -16.61690973 ], [ -47.31854077, -16.603558960000015 ], [ -47.32126805, -16.61866879 ], [ -47.28651127, -16.63405874 ], [ -47.27723462, -16.66004909 ], [ -47.25015594, -16.666815290000013 ], [ -47.25148073, -16.70549856 ], [ -47.2216479, -16.72630106 ], [ -47.2359887, -16.75538555 ], [ -47.21723168, -16.78006688 ], [ -47.22036411, -16.80785079 ], [ -47.21200785, -16.82885379 ], [ -47.19352511, -16.825206300000012 ], [ -47.2093431, -16.86549248 ], [ -47.19317947, -16.8831586 ], [ -47.19779125, -16.91002111 ], [ -47.18092668, -16.90232906 ], [ -47.16007224, -16.92060053 ], [ -47.17419693, -16.93193777 ], [ -47.15692879, -16.941419760000013 ], [ -47.16659273, -16.95263628 ], [ -47.12593186, -16.981768270000011 ], [ -47.15112491, -16.9973511 ], [ -47.13111918, -17.00816972 ], [ -47.14684138, -17.03125366 ], [ -47.16156458, -17.02935155 ], [ -47.16697279, -17.04749215 ], [ -47.18445099, -17.03596038 ], [ -47.18037098, -17.06280802 ], [ -47.22973388, -17.08965122 ], [ -47.24772875, -17.08176787 ], [ -47.24817618, -17.098556560000013 ], [ -47.28195752, -17.11489324 ], [ -47.2827101, -17.1440996 ], [ -47.351987459999989, -17.16649941 ], [ -47.34017725, -17.18738712 ], [ -47.36304478, -17.18649298 ], [ -47.34989483, -17.20232886 ], [ -47.36264628, -17.22270846 ], [ -47.37598082, -17.21715505 ], [ -47.38422732, -17.24778293 ], [ -47.40781559, -17.24595609 ], [ -47.43445915, -17.27621848 ], [ -47.41920408, -17.29544746 ], [ -47.42286618, -17.32308931 ], [ -47.45487746, -17.329738890000016 ], [ -47.4415622, -17.34838404000001 ], [ -47.46529361000001, -17.3558535 ], [ -47.50992403, -17.33198966 ], [ -47.50065479, -17.29527673 ], [ -47.52500634, -17.279828210000012 ], [ -47.53076441, -17.24258865 ], [ -47.59829192, -17.16695959 ], [ -47.64084905, -17.145963870000013 ], [ -47.6571207, -17.09251982 ], [ -47.71323813, -17.0543309 ], [ -47.71976189, -17.03330242 ], [ -47.68454624, -16.94446773 ], [ -47.69059691, -16.90211727 ], [ -47.73068227, -16.92928335 ], [ -47.89393507, -16.91822682 ], [ -47.8829609, -16.84605147 ], [ -47.90429489, -16.81399889 ], [ -47.87871364, -16.78206195 ], [ -47.89152261, -16.74167114 ], [ -47.86370734, -16.67400091 ], [ -47.8199622, -16.63347309000001 ] ] ] } },
{ "type": "Feature", "properties": { "code_amc": 16100, "idade_amc": 16.698412698399999, "n_pixels": 63.0, "n_munis": 1.0, "mesorregiao": "Sul Goiano" }, "geometry": { "type": "Polygon", "coordinates": [ [ [ -48.75592579, -17.16928592 ], [ -48.70341891, -17.15842406 ], [ -48.645836, -17.18432273 ], [ -48.6013942, -17.11920844 ], [ -48.570855709999989, -17.13189905 ], [ -48.60641449, -17.22287299 ], [ -48.70322099, -17.23820705000001 ], [ -48.75408426, -17.27994752 ], [ -48.79414182, -17.3538386 ], [ -48.80419173, -17.31575574 ], [ -48.78521714, -17.28723911 ], [ -48.80969533, -17.22399576 ], [ -48.80386117, -17.18877761 ], [ -48.79903333, -17.1778846 ], [ -48.78816306, -17.19415514 ], [ -48.75592579, -17.16928592 ] ] ] } },
{ "type": "Feature", "properties": { "code_amc": 16101, "idade_amc": 22.66218487397731, "n_pixels": 595.0, "n_munis": 4.0, "mesorregiao": "Noroeste Goiano" }, "geometry": { "type": "Polygon", "coordinates": [ [ [ -49.94309465, -13.91460339 ], [ -49.93675989, -13.89576273 ], [ -49.95011376, -13.90155199 ], [ -49.95261692, -13.88532326 ], [ -49.87292696, -13.89737585 ], [ -49.85558943, -13.91543345 ], [ -49.84591539, -13.89867823 ], [ -49.83231006, -13.9078438 ], [ -49.81850567, -13.94083434 ], [ -49.86694948, -13.95775039 ], [ -49.85148203, -13.97688592 ], [ -49.88184133, -13.98636486 ], [ -49.87341998, -14.04519189 ], [ -49.89636491, -14.068658 ], [ -49.87039819, -14.07788497 ], [ -49.88084165, -14.09908317 ], [ -49.86714665, -14.11810342 ], [ -49.84656375, -14.11507273 ], [ -49.82050332, -14.14115178 ], [ -49.86128874, -14.18311966 ], [ -49.8441452, -14.19683021 ], [ -49.83553181, -14.1831011 ], [ -49.83139767, -14.20434585 ], [ -49.80781442, -14.20897539 ], [ -49.82578029, -14.23481778 ], [ -49.81469653, -14.26593287 ], [ -49.80408756, -14.26023667 ], [ -49.81009085, -14.29180451 ], [ -49.78050371, -14.30322193 ], [ -49.79972868, -14.32818614 ], [ -49.77372548, -14.32651859 ], [ -49.78164231, -14.388389 ], [ -49.75636391, -14.3922685 ], [ -49.76575741, -14.41489713 ], [ -49.74144948, -14.41106926 ], [ -49.73348004, -14.44903026 ], [ -49.71050403, -14.43982339 ], [ -49.69400492, -14.46600268 ], [ -49.71544987, -14.46434641 ], [ -49.72580833, -14.484822800000012 ], [ -49.77048826, -14.47699112 ], [ -49.74864546, -14.49959768 ], [ -49.75508479, -14.53166013 ], [ -49.77109152, -14.50682907 ], [ -49.77845221, -14.54008858 ], [ -49.79892502, -14.53409893 ], [ -49.82517507, -14.56173573 ], [ -49.80703395, -14.57823915 ], [ -49.82453142, -14.59481992 ], [ -49.81245408, -14.62028393 ], [ -49.78489252, -14.61975506 ], [ -49.76889709, -14.64549524000001 ], [ -49.77716959, -14.65464257 ], [ -49.75630693, -14.64739533 ], [ -49.73156426, -14.689447760000011 ], [ -49.78109087, -14.761583370000011 ], [ -49.82478689, -14.78160889 ], [ -49.81491847, -14.79193689 ], [ -49.82992217, -14.804983090000015 ], [ -49.8506476, -14.90086412 ], [ -49.83900296, -14.965398530000012 ], [ -49.87994781, -14.98794437 ], [ -49.91098021, -14.96536005 ], [ -49.96595169, -14.99998642 ], [ -49.96933845, -15.02020185 ], [ -49.98778895, -15.01480968 ], [ -50.04565277, -15.05924724 ], [ -50.05489376, -15.1244199 ], [ -50.07972972, -15.13637845 ], [ -50.11628347, -15.11742722 ], [ -50.12831892, -15.07983911 ], [ -50.19103865, -15.05937382000001 ], [ -50.19928574, -15.04915831 ], [ -50.18470658, -15.03730446 ], [ -50.20709841, -15.0318523 ], [ -50.20103727, -15.02118578 ], [ -50.2365635, -15.01263548 ], [ -50.24436841, -14.96628934000001 ], [ -50.32056909, -14.93973959 ], [ -50.30320647, -14.8976896 ], [ -50.35073514, -14.85156133 ], [ -50.34009846, -14.83601148 ], [ -50.35709354, -14.812001260000011 ], [ -50.38001689, -14.81248736 ], [ -50.38693194, -14.79132798 ], [ -50.4153903, -14.79790548 ], [ -50.44607344, -14.72367875 ], [ -50.46901293, -14.73221628 ], [ -50.50317585, -14.71981104 ], [ -50.4863469, -14.69143856 ], [ -50.50987783, -14.67790632 ], [ -50.51947196, -14.64928113 ], [ -50.54482179, -14.64161023 ], [ -50.54843212, -14.61390459000001 ], [ -50.57123143, -14.62996059 ], [ -50.58776706, -14.67650614 ], [ -50.64009866, -14.67151024 ], [ -50.664929549999989, -14.70508912 ], [ -50.68959552, -14.6993964 ], [ -50.718451, -14.72058103 ], [ -50.78346483, -14.68164892 ], [ -50.78248377, -14.62880877 ], [ -50.83545573, -14.60853645 ], [ -50.86109396, -14.62161085 ], [ -50.8795989, -14.60085417 ], [ -50.85924163, -14.55735493 ], [ -50.83976784, -14.42267085 ], [ -50.79904034, -14.39374343 ], [ -50.7956494, -14.35014067 ], [ -50.77749004, -14.35359178 ], [ -50.75937011, -14.29709798 ], [ -50.77301627, -14.24364085 ], [ -50.7912691, -14.24184581 ], [ -50.78333894, -14.22113284 ], [ -50.80103737, -14.17926377 ], [ -50.84865301, -14.12163406 ], [ -50.83128969, -14.07448612 ], [ -50.86595814, -13.97521743 ], [ -50.84129565, -13.9272743 ], [ -50.84061902, -13.86584733 ], [ -50.8567355, -13.83154576 ], [ -50.85381505, -13.7657727 ], [ -50.87179348, -13.73308958 ], [ -50.8039613, -13.69096301 ], [ -50.76848816, -13.59704275 ], [ -50.76345386, -13.53001139 ], [ -50.69696106, -13.4759336 ], [ -50.68415443, -13.44416064 ], [ -50.66546022, -13.44227969 ], [ -50.66565286, -13.37613551 ], [ -50.61214912, -13.31661733 ], [ -50.60811501, -13.35288149 ], [ -50.57545325, -13.38880292 ], [ -50.59414439, -13.40420722 ], [ -50.57270242, -13.40647232000001 ], [ -50.54126007, -13.46045104 ], [ -50.51831989, -13.46424179000001 ], [ -50.5427365, -13.50482803 ], [ -50.49587591, -13.55390233 ], [ -50.45411895, -13.56408087 ], [ -50.44689953, -13.54694178 ], [ -50.41484219, -13.54360485 ], [ -50.3829236, -13.57745903 ], [ -50.37421708, -13.56012151 ], [ -50.27222653, -13.53548815 ], [ -50.25501465, -13.547356470000011 ], [ -50.27464487, -13.5812385 ], [ -50.24678425, -13.57666281 ], [ -50.23364299, -13.61987898 ], [ -50.23962492, -13.65405257 ], [ -50.21664259, -13.65088854 ], [ -50.21509741, -13.6348175 ], [ -50.2022801, -13.657614 ], [ -50.19099749, -13.64215744 ], [ -50.14955894, -13.66062245 ], [ -50.14817308, -13.64527439 ], [ -50.13603059, -13.68070010000001 ], [ -50.11634162, -13.68925876 ], [ -50.10709322, -13.658934660000011 ], [ -50.05675786, -13.70613446 ], [ -50.03239076, -13.67988642 ], [ -49.97131091, -13.69025848 ], [ -49.96044715, -13.74356473 ], [ -49.92062043, -13.7674196 ], [ -49.92753563, -13.7969927 ], [ -49.95600685, -13.81200036 ], [ -49.93898211, -13.82824164 ], [ -49.97495594, -13.88247711 ], [ -49.94309465, -13.91460339 ] ] ] } },
{ "type": "Feature", "properties": { "code_amc": 16102, "idade_amc": 21.2, "n_pixels": 20.0, "n_munis": 1.0, "mesorregiao": "Sul Goiano" }, "geometry": { "type": "Polygon", "coordinates": [ [ [ -49.25697865, -17.20001732 ], [ -49.30572554, -17.3128661 ], [ -49.28903334, -17.33797513 ], [ -49.30069626, -17.373833810000011 ], [ -49.34385379, -17.34467779 ], [ -49.35159031, -17.31965221 ], [ -49.45282974, -17.31379766 ], [ -49.48995177, -17.26327439 ], [ -49.40673513, -17.20386664 ], [ -49.45028347, -17.14326341 ], [ -49.40122352, -17.15921019 ], [ -49.32586364, -17.13024205 ], [ -49.27675373, -17.1596517 ], [ -49.25697865, -17.20001732 ] ] ] } },
{ "type": "Feature", "properties": { "code_amc": 16103, "idade_amc": 18.133333333300001, "n_pixels": 30.0, "n_munis": 1.0, "mesorregiao": "Sul Goiano" }, "geometry": { "type": "Polygon", "coordinates": [ [ [ -48.17501677, -18.32575517 ], [ -48.19424307, -18.27834816 ], [ -48.217880719999989, -18.28167061 ], [ -48.22557856, -18.26815087 ], [ -48.26119101, -18.289366820000012 ], [ -48.27188642, -18.33088014 ], [ -48.3149483, -18.36415518 ], [ -48.30807912, -18.38496053 ], [ -48.34163695, -18.3697064 ], [ -48.33024273, -18.35383273 ], [ -48.34494017, -18.35480585 ], [ -48.35640684, -18.327615040000012 ], [ -48.3269713, -18.31089823 ], [ -48.33238821, -18.28383414 ], [ -48.2997757, -18.27996109 ], [ -48.31874225, -18.24700013 ], [ -48.28571395, -18.24133334 ], [ -48.29218379, -18.228062510000012 ], [ -48.27552514, -18.23365168 ], [ -48.27552162, -18.21931524 ], [ -48.22579214, -18.19641492 ], [ -48.06236073, -18.26436056 ], [ -48.04310423, -18.29995264 ], [ -47.9734549, -18.287416980000014 ], [ -47.9619919, -18.3177193 ], [ -47.93934756, -18.32898425 ], [ -47.9393269, -18.3783531 ], [ -47.97729483, -18.38364973 ], [ -48.02846253, -18.43569151 ], [ -48.05582565, -18.41324233 ], [ -48.07819409, -18.430538680000012 ], [ -48.10934217, -18.429129140000015 ], [ -48.14779697, -18.40820776 ], [ -48.1613598, -18.372234670000015 ], [ -48.22669601, -18.35789471 ], [ -48.20399203, -18.32873467 ], [ -48.17501677, -18.32575517 ] ] ] } },
{ "type": "Feature", "properties": { "code_amc": 16104, "idade_amc": null, "n_pixels": null, "n_munis": null, "mesorregiao": null }, "geometry": { "type": "Polygon", "coordinates": [ [ [ -46.31627727, -14.52473778 ], [ -46.3347504, -14.46304563 ], [ -46.32322131, -14.446973340000012 ], [ -46.27527772, -14.433699730000011 ], [ -46.19597284, -14.45534175 ], [ -46.18541295, -14.48347688 ], [ -46.12355665, -14.52822325 ], [ -46.10817021, -14.5624104 ], [ -46.11985519, -14.58656211 ], [ -46.10308701, -14.613554300000015 ], [ -46.06547169, -14.60973423 ], [ -46.02053088, -14.64082586 ], [ -46.02588866, -14.6780153 ], [ -46.16202398, -14.6649674 ], [ -46.19672289, -14.61570094 ], [ -46.25383346, -14.6024209 ], [ -46.31627727, -14.52473778 ] ] ] } },
{ "type": "Feature", "properties": { "code_amc": 16105, "idade_amc": 13.5, "n_pixels": 4.0, "n_munis": 1.0, "mesorregiao": "Centro Goiano" }, "geometry": { "type": "Polygon", "coordinates": [ [ [ -49.37658641, -16.30658671 ], [ -49.36992082, -16.20857778 ], [ -49.39267112, -16.18762814 ], [ -49.29130694, -16.23031003 ], [ -49.27594907, -16.26646619 ], [ -49.30794528, -16.311186630000012 ], [ -49.31953749, -16.31063744 ], [ -49.3176953, -16.28216962 ], [ -49.34533856, -16.27035926 ], [ -49.33681137, -16.29258404 ], [ -49.37658641, -16.30658671 ] ] ] } },
{ "type": "Feature", "properties": { "code_amc": 16106, "idade_amc": 12.9361702128, "n_pixels": 47.0, "n_munis": 1.0, "mesorregiao": "Sul Goiano" }, "geometry": { "type": "Polygon", "coordinates": [ [ [ -47.60744015, -18.24693791 ], [ -47.63676805, -18.23942034 ], [ -47.63137865, -18.20897333 ], [ -47.65256781, -18.21705282000001 ], [ -47.64007154, -18.17286608 ], [ -47.6514037, -18.18585198 ], [ -47.66501699, -18.15866201 ], [ -47.68837593, -18.17113105000001 ], [ -47.6778714, -18.154023 ], [ -47.71063295, -18.12415995000001 ], [ -47.68530189, -18.11828365 ], [ -47.69473143, -18.106946090000012 ], [ -47.66462584, -18.07580174 ], [ -47.67512987, -18.04641657 ], [ -47.63404478, -18.06056474 ], [ -47.59382871, -17.99697375 ], [ -47.56651039, -17.98265862 ], [ -47.4972145, -18.029467230000012 ], [ -47.47843965, -18.077465560000011 ], [ -47.40822654, -18.1419917 ], [ -47.42878727, -18.13928484 ], [ -47.43004122, -18.165813800000013 ], [ -47.45123881, -18.15917159 ], [ -47.48493209, -18.193529460000015 ], [ -47.51559369, -18.19637838 ], [ -47.53373946, -18.23070564 ], [ -47.54057198, -18.19337785 ], [ -47.60744015, -18.24693791 ] ] ] } },
{ "type": "Feature", "properties": { "code_amc": 16107, "idade_amc": 17.529411764700001, "n_pixels": 17.0, "n_munis": 1.0, "mesorregiao": "Noroeste Goiano" }, "geometry": { "type": "Polygon", "coordinates": [ [ [ -51.30688079, -16.21159281 ], [ -51.27451928, -16.16516401 ], [ -51.25665911, -16.18419223 ], [ -51.22649678, -16.13065199 ], [ -51.22715462, -16.09208152 ], [ -51.20256588, -16.07017303 ], [ -51.17049383, -16.12523314 ], [ -51.17090283, -16.1897405 ], [ -51.13460203, -16.22497681 ], [ -51.11240535, -16.306853180000012 ], [ -51.36771655, -16.28461528 ], [ -51.40096082, -16.265431860000014 ], [ -51.41629767, -16.311738330000018 ], [ -51.46115953, -16.32736206 ], [ -51.46908232, -16.30206919 ], [ -51.54318485, -16.27631929 ], [ -51.53702299, -16.25806865 ], [ -51.5563542, -16.22818122 ], [ -51.59923963, -16.22753076 ], [ -51.61650401, -16.1840047 ], [ -51.54846352, -16.17419885 ], [ -51.54144105, -16.14003659 ], [ -51.51046092, -16.14921345 ], [ -51.47513202, -16.11055851 ], [ -51.42305447, -16.16595432 ], [ -51.4437414, -16.18027156 ], [ -51.43351817, -16.20713972 ], [ -51.3784959, -16.18788587 ], [ -51.36115942, -16.21073047 ], [ -51.32033241, -16.19496031 ], [ -51.30688079, -16.21159281 ] ] ] } },
{ "type": "Feature", "properties": { "code_amc": 16108, "idade_amc": 10.16035634740145, "n_pixels": 898.0, "n_munis": 2.0, "mesorregiao": "Sul Goiano" }, "geometry": { "type": "Polygon", "coordinates": [ [ [ -49.90587509, -17.61533232 ], [ -49.93142899, -17.60720249 ], [ -49.94472916, -17.59927282 ], [ -49.94892658, -17.600995300000015 ], [ -49.92276172, -17.61575314 ], [ -49.93217329, -17.64485709 ], [ -49.95504224, -17.62761472 ], [ -49.97584396, -17.66360434 ], [ -50.01065005, -17.65620246 ], [ -50.01173582, -17.68255971 ], [ -50.03351285, -17.67664967 ], [ -50.02904406, -17.71387795 ], [ -50.06151213, -17.7266573 ], [ -50.07859941, -17.7150065 ], [ -50.06053908, -17.76940111 ], [ -50.09145934, -17.79014195000001 ], [ -50.11381273, -17.77851069 ], [ -50.14985002, -17.80775664 ], [ -50.18046055, -17.77913291 ], [ -50.209238569999989, -17.77472146 ], [ -50.18988009, -17.7610798 ], [ -50.21006796, -17.74742768 ], [ -50.18251781, -17.73285752 ], [ -50.20484917, -17.701497509999989 ], [ -50.18751072, -17.69570533 ], [ -50.18926581, -17.6751382 ], [ -50.15762267, -17.66505468 ], [ -50.17442816, -17.644401580000014 ], [ -50.15012654, -17.59739235 ], [ -50.12935016, -17.60613833 ], [ -50.10003919, -17.59146656 ], [ -50.09373766, -17.54390677 ], [ -50.07293054, -17.53031918 ], [ -50.0652345, -17.49272347 ], [ -50.07890148, -17.47157973 ], [ -50.05320579, -17.4418464 ], [ -50.05326034, -17.37485895 ], [ -49.99517997, -17.3210775 ], [ -50.02095544, -17.26770767 ], [ -50.01301629, -17.22756743 ], [ -49.85434212, -17.20489013000001 ], [ -49.82392909, -17.22758503 ], [ -49.81934109, -17.26880496 ], [ -49.79662222, -17.26859343000001 ], [ -49.76609319, -17.22047656 ], [ -49.71050837, -17.19269147 ], [ -49.65972637, -17.25320485 ], [ -49.64492654, -17.29618306 ], [ -49.64086721, -17.37277308 ], [ -49.65537315, -17.39181063 ], [ -49.63453862, -17.3951161 ], [ -49.64453751, -17.40614453 ], [ -49.62445084, -17.41937831 ], [ -49.63095079, -17.43983064 ], [ -49.652816, -17.44092989 ], [ -49.63950655, -17.46047222 ], [ -49.64758836, -17.47659461000001 ], [ -49.62889407, -17.48413481 ], [ -49.66755712, -17.4918861 ], [ -49.6488156, -17.51838715 ], [ -49.6685355, -17.51938462 ], [ -49.68173318, -17.54796053 ], [ -49.7248725, -17.55433891 ], [ -49.75945162, -17.58492153 ], [ -49.85050971, -17.57727678 ], [ -49.86187281, -17.60792096 ], [ -49.88404024, -17.617752830000011 ], [ -49.89904021, -17.59584069 ], [ -49.90587509, -17.61533232 ] ] ] } },
{ "type": "Feature", "properties": { "code_amc": 16109, "idade_amc": 17.785714285699999, "n_pixels": 14.0, "n_munis": 1.0, "mesorregiao": "Norte Goiano" }, "geometry": { "type": "Polygon", "coordinates": [ [ [ -49.15394242, -13.84359116 ], [ -49.15908177, -13.78203169 ], [ -49.18247085, -13.76826312 ], [ -49.18127888, -13.7247462 ], [ -49.12891277, -13.68002367 ], [ -49.14002681, -13.72083507 ], [ -49.11569782, -13.77157238 ], [ -49.07852303, -13.73718736 ], [ -49.05094376, -13.76500036 ], [ -48.97816369, -13.74814487 ], [ -48.98088141, -13.77378191 ], [ -49.00371831, -13.78905572 ], [ -48.99458638, -13.8175824 ], [ -49.0251695, -13.849819950000011 ], [ -49.0238847, -13.89004268 ], [ -49.10180338, -13.94209479 ], [ -49.11471843, -13.93185578 ], [ -49.11094396, -13.88652681 ], [ -49.15394242, -13.84359116 ] ] ] } },
{ "type": "Feature", "properties": { "code_amc": 16110, "idade_amc": 16.030303030300001, "n_pixels": 33.0, "n_munis": 1.0, "mesorregiao": "Centro Goiano" }, "geometry": { "type": "Polygon", "coordinates": [ [ [ -50.98734294, -16.1556204 ], [ -51.00684882, -16.12020446 ], [ -51.09323877, -16.10327916 ], [ -51.17301787, -16.03075264 ], [ -51.21516443, -16.03067135 ], [ -51.2066549, -16.00360973 ], [ -51.23566161, -15.9943897 ], [ -51.23791157, -15.9639658 ], [ -51.25782742, -15.96261219 ], [ -51.22152956, -15.941263480000011 ], [ -51.19576684, -15.96559824 ], [ -51.15146003, -15.95193492 ], [ -51.0810764, -15.979537830000011 ], [ -51.0636297, -15.96903735 ], [ -50.99429064, -16.02708137 ], [ -50.94029741, -16.020910990000012 ], [ -50.91423575000001, -16.05373821 ], [ -50.88554664, -16.04391469 ], [ -50.87206918, -16.01095054000001 ], [ -50.814268060000011, -16.02363044 ], [ -50.79671652, -15.999902480000014 ], [ -50.82238365, -16.06930933 ], [ -50.81051591, -16.088438090000011 ], [ -50.65718248, -16.10720968 ], [ -50.63088023, -16.15719471000001 ], [ -50.60548444, -16.14882381 ], [ -50.61640887, -16.17833375 ], [ -50.59582215, -16.19970649 ], [ -50.60954226, -16.274533690000016 ], [ -50.59617999, -16.30490051 ], [ -50.60756773, -16.32170395 ], [ -50.67659729, -16.33311605 ], [ -50.68115036, -16.41408121 ], [ -50.72496088, -16.39684254 ], [ -50.75238231, -16.40373038 ], [ -50.7552441, -16.34404219 ], [ -50.78218205, -16.34636487 ], [ -50.79248628, -16.32179351000001 ], [ -50.81160056, -16.31750712 ], [ -50.83588274, -16.228492880000012 ], [ -50.98734294, -16.1556204 ] ] ] } },
{ "type": "Feature", "properties": { "code_amc": 16111, "idade_amc": 18.010101010100001, "n_pixels": 99.0, "n_munis": 1.0, "mesorregiao": "Centro Goiano" }, "geometry": { "type": "Polygon", "coordinates": [ [ [ -50.44379031, -16.59398048 ], [ -50.3040699, -16.5556992 ], [ -50.27837573, -16.52952116 ], [ -50.28123097, -16.50627063 ], [ -50.24895745, -16.4536646 ], [ -50.22670934, -16.45214039 ], [ -50.24723041, -16.55169876 ], [ -50.23986814, -16.63922481 ], [ -50.20845733, -16.68338463 ], [ -50.21534318, -16.7070535 ], [ -50.25329169, -16.73316241 ], [ -50.27318131, -16.79826274 ], [ -50.28741857, -16.797245920000012 ], [ -50.28562668, -16.76647359 ], [ -50.36008182, -16.74138789 ], [ -50.35101895, -16.72579357 ], [ -50.37176043, -16.69159244 ], [ -50.3723489, -16.63608552 ], [ -50.41603191, -16.62830061 ], [ -50.45482842, -16.66670866 ], [ -50.49048278, -16.66345487 ], [ -50.44379031, -16.59398048 ] ] ] } },
{ "type": "Feature", "properties": { "code_amc": 16112, "idade_amc": 11.065934065900001, "n_pixels": 182.0, "n_munis": 1.0, "mesorregiao": "Leste Goiano" }, "geometry": { "type": "Polygon", "coordinates": [ [ [ -47.07226079, -14.59675597 ], [ -47.10492589, -14.53878117 ], [ -47.15217738, -14.5308513 ], [ -47.15723236, -14.46626469 ], [ -47.18378947, -14.43870724 ], [ -47.18920089, -14.40306795 ], [ -47.18443091, -14.30271437 ], [ -47.17165388, -14.26749817 ], [ -47.13899942, -14.25436109 ], [ -47.12928509, -14.20060731 ], [ -47.08540464, -14.17071845 ], [ -47.0842906, -14.142373430000012 ], [ -47.05364375, -14.10386558 ], [ -46.99642639, -14.08149528 ], [ -46.97834221, -14.09749276 ], [ -46.95520326, -14.09085616 ], [ -46.93067654, -14.118736330000011 ], [ -46.94437312, -14.144123810000011 ], [ -46.96783712, -14.14944071 ], [ -46.97823177, -14.1953959 ], [ -46.99303631, -14.19413318 ], [ -46.9329808, -14.27254079 ], [ -46.93337046, -14.30542725 ], [ -46.87959168, -14.36024157 ], [ -46.87128521, -14.40382909 ], [ -46.89258848, -14.40831843 ], [ -46.89020048, -14.429251780000012 ], [ -46.85839569, -14.43949264 ], [ -46.85106302, -14.48987873 ], [ -46.87308531, -14.51789815 ], [ -46.84637464, -14.52415359 ], [ -46.85603768, -14.53616952000001 ], [ -46.81192644, -14.56890075 ], [ -46.78670059, -14.56189705 ], [ -46.77356339, -14.58231523 ], [ -46.7606989, -14.56834881 ], [ -46.73581626, -14.60695693 ], [ -46.71653462, -14.594416350000014 ], [ -46.69830876, -14.61063338 ], [ -46.66766477, -14.75639489000001 ], [ -46.62978419, -14.77520101 ], [ -46.56019828, -15.02861881 ], [ -46.52613463, -15.05636837 ], [ -46.57530842, -15.08363187 ], [ -46.64101941, -15.08758743 ], [ -46.72647706, -15.03841547 ], [ -46.84434196, -15.00908168 ], [ -46.92506014, -15.05750552 ], [ -46.98434473, -14.91057303 ], [ -47.05470337, -14.90286697 ], [ -47.07281196, -14.81012007 ], [ -47.11447878, -14.77898439 ], [ -47.09320288, -14.75162288 ], [ -47.09562284, -14.71984555 ], [ -47.11262159, -14.70716507 ], [ -47.10050825, -14.68953547 ], [ -47.10973543, -14.66784857 ], [ -47.08515948, -14.637121460000012 ], [ -47.10072979, -14.62723985 ], [ -47.07226079, -14.59675597 ] ] ] } },
{ "type": "Feature", "properties": { "code_amc": 16113, "idade_amc": 14.436046511587209, "n_pixels": 344.0, "n_munis": 2.0, "mesorregiao": "Leste Goiano" }, "geometry": { "type": "Polygon", "coordinates": [ [ [ -47.37537873, -14.81612302 ], [ -47.35709173, -14.77565247 ], [ -47.31304336, -14.76552756 ], [ -47.32240283, -14.74989609 ], [ -47.31631405, -14.73847116 ], [ -47.3078187, -14.74948517 ], [ -47.28253385, -14.69433052000001 ], [ -47.23614722, -14.68915576 ], [ -47.23128532, -14.6307304 ], [ -47.21578975, -14.62685833 ], [ -47.22054164, -14.60397492 ], [ -47.20442819, -14.60742912000001 ], [ -47.18531141, -14.54395629 ], [ -47.0935402, -14.54578518 ], [ -47.08953295, -14.58307257 ], [ -47.07226079, -14.59675597 ], [ -47.10072979, -14.62723985 ], [ -47.08515948, -14.637121460000012 ], [ -47.10973543, -14.66784857 ], [ -47.10050825, -14.68953547 ], [ -47.11262159, -14.70716507 ], [ -47.09562284, -14.71984555 ], [ -47.09320288, -14.75162288 ], [ -47.11447878, -14.77898439 ], [ -47.07281196, -14.81012007 ], [ -47.05470337, -14.90286697 ], [ -46.98434473, -14.91057303 ], [ -46.92603741, -15.07356242 ], [ -46.88831902, -15.1125393 ], [ -46.94086661, -15.23070156 ], [ -46.92765535, -15.25509532 ], [ -46.89148456, -15.23525961 ], [ -46.88931835, -15.28224692 ], [ -46.83567583, -15.32512774 ], [ -46.86948026, -15.36147417 ], [ -46.8494784, -15.37316396 ], [ -46.91786187, -15.41950116 ], [ -46.94421457, -15.5181869 ], [ -46.9476375, -15.56076586 ], [ -46.89453251, -15.59538695 ], [ -46.88878468, -15.61747766 ], [ -46.95869838, -15.66331903 ], [ -46.97428854, -15.64882043 ], [ -46.99975732, -15.65270978 ], [ -47.01862424, -15.54551652 ], [ -47.04645078, -15.53399193 ], [ -47.14551333, -15.59460986 ], [ -47.18015111, -15.59823825 ], [ -47.10221082, -15.73627013000001 ], [ -47.12251119, -15.84796875 ], [ -47.10978364, -15.85571405 ], [ -47.11359278, -15.89688114 ], [ -47.21952926, -16.0142438 ], [ -47.27653541, -16.00616548 ], [ -47.31846939, -16.03777861 ], [ -47.37723633, -15.98636697 ], [ -47.36121102, -15.92447271 ], [ -47.38078292, -15.88120861 ], [ -47.36741669, -15.82836766 ], [ -47.31258474, -15.74010246 ], [ -47.33369408, -15.63154687 ], [ -47.31556428, -15.59491843 ], [ -47.41765797, -15.54638954 ], [ -47.41733821, -15.50025661 ], [ -47.49596706, -15.50025646 ], [ -47.49009266, -15.42177047 ], [ -47.46689827, -15.37668605 ], [ -47.48776779, -15.29990227 ], [ -47.54690168, -15.29190723000001 ], [ -47.51556852, -15.271921810000011 ], [ -47.5060069, -15.24221559 ], [ -47.52779399, -15.20743066 ], [ -47.57652088, -15.02297078 ], [ -47.5643986, -14.93767988 ], [ -47.49962254, -14.90712482 ], [ -47.47840411, -14.81734595 ], [ -47.42250367, -14.82921035 ], [ -47.37537873, -14.81612302 ] ] ] } },
{ "type": "Feature", "properties": { "code_amc": 16114, "idade_amc": 20.887323943654931, "n_pixels": 71.0, "n_munis": 3.0, "mesorregiao": "Norte Goiano" }, "geometry": { "type": "Polygon", "coordinates": [ [ [ -48.92635083, -13.66742446000001 ], [ -48.92024132, -13.62156145 ], [ -48.83257498, -13.54644004 ], [ -48.824645, -13.5006235 ], [ -48.85702878, -13.43653966 ], [ -48.89319523, -13.42443824 ], [ -48.9041886, -13.38372205 ], [ -48.93496846, -13.37683172 ], [ -48.93510944, -13.35199984 ], [ -48.96107417, -13.33864406 ], [ -48.94433262, -13.34100527 ], [ -48.94077539, -13.31805606 ], [ -48.899137, -13.28356614 ], [ -48.90044633, -13.25595852 ], [ -48.85619339, -13.24236638 ], [ -48.86788855, -13.19141031 ], [ -48.8857405, -13.19151554 ], [ -48.91732774, -13.14847391 ], [ -48.88810575, -13.149669 ], [ -48.87918981, -13.12723607 ], [ -48.89280221, -13.10955243 ], [ -48.87829828, -13.09270263 ], [ -48.89913589, -13.0694521 ], [ -48.87030029, -13.06892044 ], [ -48.88043791, -13.04062029 ], [ -48.85963115, -13.01403914 ], [ -48.8704939, -12.98801299 ], [ -48.8491667, -12.985920430000013 ], [ -48.81921503, -12.94761667 ], [ -48.84099116, -12.93349302 ], [ -48.8327769, -12.918956670000014 ], [ -48.85940619, -12.91382406 ], [ -48.84154815, -12.88093267 ], [ -48.86107447, -12.87331645 ], [ -48.87888793, -12.83559926 ], [ -48.87008117, -12.80347859 ], [ -48.84676994, -12.8098025 ], [ -48.8423617, -12.8444045 ], [ -48.82094295, -12.84430346000001 ], [ -48.81455241, -12.86412563 ], [ -48.73657701, -12.92102479 ], [ -48.73366249, -12.98064135 ], [ -48.71781168, -13.00231918 ], [ -48.67166282, -12.99572665 ], [ -48.63849925, -13.01610446000001 ], [ -48.62772995, -13.0521551 ], [ -48.60141146, -13.06088267 ], [ -48.59663512, -13.1068718 ], [ -48.57710055, -13.12567488 ], [ -48.59676578, -13.15262808 ], [ -48.57793309, -13.18746569 ], [ -48.60057387, -13.23862816 ], [ -48.58763938, -13.25474952 ], [ -48.60054686, -13.29516055 ], [ -48.57147061, -13.32421754 ], [ -48.5605219, -13.38953501 ], [ -48.58110877, -13.42312592 ], [ -48.54699264, -13.43075561 ], [ -48.53941374, -13.45181192 ], [ -48.56927407, -13.45801088 ], [ -48.58624601, -13.50902812 ], [ -48.62593504, -13.53621231 ], [ -48.64668488, -13.57968763 ], [ -48.68480081, -13.59693808 ], [ -48.72690969, -13.6685393 ], [ -48.7872232, -13.70848936 ], [ -48.78416058, -13.74021631 ], [ -48.8058288, -13.77189473 ], [ -48.78144157, -13.80172055 ], [ -48.86936142, -13.86489359 ], [ -48.8813941, -13.93363521 ], [ -48.91991244, -13.94215664 ], [ -48.97065928, -13.90437218 ], [ -49.02194191, -13.89559372 ], [ -49.02744085, -13.87484943 ], [ -49.0251695, -13.849819950000011 ], [ -48.99163437, -13.80945858 ], [ -49.00336238, -13.78778829 ], [ -48.97691442, -13.76682124 ], [ -48.98991147, -13.7337083 ], [ -48.96813566, -13.71847475 ], [ -48.964411149999989, -13.68445791 ], [ -48.92635083, -13.66742446000001 ] ] ] } },
{ "type": "Feature", "properties": { "code_amc": 16115, "idade_amc": 13.829151732356511, "n_pixels": 837.0, "n_munis": 3.0, "mesorregiao": "Sul Goiano" }, "geometry": { "type": "Polygon", "coordinates": [ [ [ -48.63824677, -17.165451470000011 ], [ -48.63968654, -17.131070900000012 ], [ -48.68091059, -17.11951308 ], [ -48.71522331, -17.0396123 ], [ -48.77158476, -17.0108829 ], [ -48.76941696, -16.93706235 ], [ -48.80580771, -16.91239312 ], [ -48.79102641, -16.80701874 ], [ -48.83255744, -16.79247945 ], [ -48.83450971, -16.76329661 ], [ -48.85605982, -16.75143261 ], [ -48.86865414, -16.76783226 ], [ -48.88055762, -16.74148477000001 ], [ -48.91562365, -16.73073108 ], [ -48.87266318, -16.65713658000001 ], [ -48.83130293, -16.65767312 ], [ -48.79633453, -16.62993972 ], [ -48.72347163, -16.68650232 ], [ -48.71882757, -16.67657712 ], [ -48.72713387, -16.60447724 ], [ -48.78577621, -16.58769956 ], [ -48.79558112, -16.558443690000011 ], [ -48.864820709999989, -16.48645739 ], [ -48.86319503, -16.45156236 ], [ -48.90096229, -16.417746300000012 ], [ -48.86884765, -16.39493173000001 ], [ -48.85419661, -16.40387056 ], [ -48.75572304, -16.38229023 ], [ -48.75085725, -16.33216468 ], [ -48.7700545, -16.29850266 ], [ -48.7595002, -16.28652544 ], [ -48.63127733, -16.28271198 ], [ -48.61805404, -16.31001615 ], [ -48.55063378, -16.34628504 ], [ -48.49652685, -16.32397437 ], [ -48.48991378, -16.29581586 ], [ -48.41154738, -16.28667267 ], [ -48.37421896, -16.30896527 ], [ -48.39868539, -16.32445375 ], [ -48.40058413, -16.38492881 ], [ -48.35866145, -16.40154914 ], [ -48.34160712, -16.44414825 ], [ -48.30579695, -16.453154 ], [ -48.26655928, -16.49566909 ], [ -48.22916164, -16.602347620000018 ], [ -48.19141328, -16.64845922000001 ], [ -48.19471742, -16.73500369 ], [ -48.26435045, -16.7374611 ], [ -48.32068743, -16.66249094 ], [ -48.38496983, -16.62764663 ], [ -48.50857861, -16.64800715 ], [ -48.59869352, -16.91608217 ], [ -48.527968799999989, -17.00879421 ], [ -48.58618777, -17.09048054 ], [ -48.57258418, -17.12936161 ], [ -48.6013942, -17.11920844 ], [ -48.63824677, -17.165451470000011 ] ] ] } },
{ "type": "Feature", "properties": { "code_amc": 16116, "idade_amc": null, "n_pixels": null, "n_munis": null, "mesorregiao": null }, "geometry": { "type": "Polygon", "coordinates": [ [ [ -46.71451552, -13.38543431 ], [ -46.69647934, -13.35316025 ], [ -46.70303497, -13.29805084 ], [ -46.67748384, -13.28368309 ], [ -46.68317757, -13.24365264 ], [ -46.59019662, -13.21378045 ], [ -46.530754450000011, -13.154006340000011 ], [ -46.50628048, -13.09712874 ], [ -46.44941678, -13.0550896 ], [ -46.40947511, -13.10832813 ], [ -46.37585674, -13.21739789 ], [ -46.39511751, -13.31345123 ], [ -46.38305935, -13.38285825 ], [ -46.71451552, -13.38543431 ] ] ] } },
{ "type": "Feature", "properties": { "code_amc": 16117, "idade_amc": 16.958333333333332, "n_pixels": 24.0, "n_munis": 2.0, "mesorregiao": "Centro Goiano" }, "geometry": { "type": "Polygon", "coordinates": [ [ [ -48.98091305, -16.39899883 ], [ -49.02316807, -16.54350794 ], [ -49.06024748, -16.56448344 ], [ -49.07261297, -16.59268548 ], [ -49.09669489, -16.59128961 ], [ -49.10538837, -16.56182556 ], [ -49.1676439, -16.57840136 ], [ -49.16627599, -16.562600740000011 ], [ -49.18922891, -16.54837166 ], [ -49.12322773, -16.50835887 ], [ -49.09352861, -16.38145683 ], [ -49.05010999, -16.37627267 ], [ -49.02347626, -16.41293244 ], [ -48.98091305, -16.39899883 ] ] ] } },
{ "type": "Feature", "properties": { "code_amc": 16118, "idade_amc": 16.372549019600001, "n_pixels": 51.0, "n_munis": 1.0, "mesorregiao": "Sul Goiano" }, "geometry": { "type": "Polygon", "coordinates": [ [ [ -48.1769022, -17.97258786 ], [ -48.12727024, -17.974173670000013 ], [ -48.09614429, -17.99323167 ], [ -48.07836035, -18.02035947 ], [ -48.08882491, -18.03363216 ], [ -48.0306862, -18.06519892 ], [ -48.02385187, -18.12440454 ], [ -48.05141054, -18.14419114 ], [ -48.00975497, -18.17802333 ], [ -48.06236073, -18.26436056 ], [ -48.22400775, -18.19675018 ], [ -48.26660965, -18.22337112 ], [ -48.27322182, -18.2144246 ], [ -48.26291651, -18.20881704 ], [ -48.27508325, -18.14541321 ], [ -48.2623162, -18.12374192 ], [ -48.233102529999989, -18.12224433 ], [ -48.23605133, -18.082983240000011 ], [ -48.20860383, -18.06978084 ], [ -48.23455085, -18.03439205 ], [ -48.20196987, -18.01834808 ], [ -48.20899226, -17.99635935 ], [ -48.19760747, -18.00391289 ], [ -48.20193942, -17.98958121 ], [ -48.1769022, -17.97258786 ] ] ] } },
{ "type": "Feature", "properties": { "code_amc": 16119, "idade_amc": 15.325842696600001, "n_pixels": 178.0, "n_munis": 1.0, "mesorregiao": "Centro Goiano" }, "geometry": { "type": "Polygon", "coordinates": [ [ [ -49.32314677, -15.22251117 ], [ -49.28996916, -14.99210444 ], [ -49.13468385, -14.99842102 ], [ -49.19294253, -15.12916781 ], [ -49.15919618, -15.15710287 ], [ -49.08706508, -15.15947843 ], [ -49.00642107, -15.11443314 ], [ -49.00488976, -15.13831865 ], [ -48.97919672, -15.13468931 ], [ -48.97030448, -15.16146197 ], [ -48.9082814, -15.16394003 ], [ -48.92813792, -15.25186288 ], [ -49.00066373, -15.26525915 ], [ -49.06252324, -15.30760756 ], [ -49.08544402, -15.373319119999989 ], [ -49.06731046, -15.4471239 ], [ -49.09205119, -15.46901802 ], [ -49.08263906, -15.512871 ], [ -49.11980318, -15.52514461 ], [ -49.08903228, -15.53863697 ], [ -49.18672395, -15.60246773 ], [ -49.21222551, -15.56708635 ], [ -49.23805965, -15.5588686 ], [ -49.21972429, -15.48865944 ], [ -49.23522183, -15.45475068 ], [ -49.291833, -15.43322904 ], [ -49.29785993, -15.41102791 ], [ -49.27661452, -15.3875363 ], [ -49.28580191, -15.36845161 ], [ -49.26011608, -15.3521415 ], [ -49.26322787, -15.33893376 ], [ -49.28786318, -15.32608226000001 ], [ -49.3429184, -15.34359853 ], [ -49.36050101, -15.32555988 ], [ -49.32314677, -15.22251117 ] ] ] } },
{ "type": "Feature", "properties": { "code_amc": 16120, "idade_amc": 14.208333333356251, "n_pixels": 48.0, "n_munis": 2.0, "mesorregiao": "Centro Goiano" }, "geometry": { "type": "Polygon", "coordinates": [ [ [ -49.44641767, -16.45338312 ], [ -49.42339254, -16.40556041 ], [ -49.38664604, -16.456327180000013 ], [ -49.29675776, -16.44334306 ], [ -49.28061216, -16.39911338 ], [ -49.21497135, -16.453670230000011 ], [ -49.27824905, -16.52741499 ], [ -49.31227921, -16.52885175 ], [ -49.32980694, -16.57074901 ], [ -49.37505567, -16.56000786 ], [ -49.39500422, -16.59486945 ], [ -49.41786216, -16.53972421 ], [ -49.45504604, -16.536019 ], [ -49.45856051, -16.49559246 ], [ -49.59517294, -16.52621995 ], [ -49.62144527, -16.48974725 ], [ -49.52200313, -16.499032620000015 ], [ -49.48133705, -16.4590414 ], [ -49.44641767, -16.45338312 ] ] ] } },
{ "type": "Feature", "properties": { "code_amc": 16121, "idade_amc": 6.5036075036058447, "n_pixels": 1386.0, "n_munis": 2.0, "mesorregiao": "Sul Goiano" }, "geometry": { "type": "Polygon", "coordinates": [ [ [ -49.28416761, -17.94816171 ], [ -49.17475924, -17.989059630000014 ], [ -49.17986691, -18.02169643 ], [ -49.16581106, -18.02262714 ], [ -49.25108565, -18.17778856000001 ], [ -49.2876707, -18.14386064000001 ], [ -49.34426156, -18.18123482 ], [ -49.37439426, -18.13345054 ], [ -49.41319929, -18.13987334 ], [ -49.45756141, -18.09275199 ], [ -49.49795195, -18.07932073 ], [ -49.51223339, -18.093286490000011 ], [ -49.49209029, -18.11047674 ], [ -49.51183678, -18.11657995 ], [ -49.51106749, -18.14894384 ], [ -49.52531377, -18.15486354 ], [ -49.51291944, -18.161471 ], [ -49.54001038, -18.17611534 ], [ -49.55237388, -18.20612734 ], [ -49.59345016, -18.17038514 ], [ -49.58392579, -18.14583154 ], [ -49.62167652, -18.099708 ], [ -49.68080903, -18.07795298 ], [ -49.70376409, -18.08837075 ], [ -49.80167756, -18.06695148 ], [ -49.84045173, -18.03785018 ], [ -49.83576248, -18.009159140000012 ], [ -49.84820273, -18.00388994 ], [ -49.98009784, -18.09241314 ], [ -49.97581294, -18.107897030000014 ], [ -50.00575798, -18.10004962 ], [ -50.00454279, -18.120275150000012 ], [ -50.04293245, -18.10483621 ], [ -50.03918342, -18.09379238 ], [ -50.07734097, -18.10473534 ], [ -50.08621107, -18.12707298 ], [ -50.09679127, -18.10725122 ], [ -50.13729439, -18.12278056 ], [ -50.14188439, -18.10478161 ], [ -50.16048308, -18.12037627 ], [ -50.17038777, -18.07334455 ], [ -50.2277967, -18.01179704 ], [ -50.20095961, -17.98290001 ], [ -50.2651516, -17.97280988000001 ], [ -50.28587514, -17.98966775 ], [ -50.28106924, -17.95172244 ], [ -50.29753815, -17.92262679 ], [ -50.23886943, -17.90106286 ], [ -50.23311807000001, -17.86674018 ], [ -50.25536947, -17.85259523 ], [ -50.24220974, -17.83609445 ], [ -50.26854201, -17.81816153 ], [ -50.26329037, -17.7817371 ], [ -50.23629106, -17.79171316 ], [ -50.19423854, -17.77398925000001 ], [ -50.14985002, -17.80775664 ], [ -50.10823233, -17.777073530000013 ], [ -50.10595537, -17.78932826 ], [ -50.06026272, -17.80003255 ], [ -49.97795965, -17.77567014 ], [ -49.88892379, -17.81194556 ], [ -49.87298287, -17.85263899 ], [ -49.82825547, -17.85457787 ], [ -49.78709703, -17.89903781 ], [ -49.7505103, -17.86576942 ], [ -49.67973062, -17.85889977 ], [ -49.65942817, -17.88390762 ], [ -49.59728828, -17.84085435 ], [ -49.56461983, -17.83281632 ], [ -49.51856762, -17.85556136 ], [ -49.49608922, -17.83452392 ], [ -49.45411385, -17.85089231 ], [ -49.45614353, -17.892038660000011 ], [ -49.43531585, -17.91727351 ], [ -49.39569658, -17.9159063 ], [ -49.36211476, -17.960892250000011 ], [ -49.28416761, -17.94816171 ] ] ] } },
{ "type": "Feature", "properties": { "code_amc": 16122, "idade_amc": 10.361014420713229, "n_pixels": 2011.0, "n_munis": 2.0, "mesorregiao": "Sul Goiano" }, "geometry": { "type": "Polygon", "coordinates": [ [ [ -50.06717682, -18.42377789 ], [ -50.03001245, -18.54016544 ], [ -50.05015737, -18.57711686 ], [ -50.02876304, -18.60146641 ], [ -50.05343477, -18.64706675 ], [ -50.08203227, -18.67261527 ], [ -50.16428803, -18.66435247 ], [ -50.29609886, -18.69123977 ], [ -50.35740596, -18.76167658 ], [ -50.42068435, -18.73535756 ], [ -50.42785074, -18.70162102 ], [ -50.48877787, -18.68019802 ], [ -50.52337437, -18.63796817 ], [ -50.52110367, -18.62110277 ], [ -50.54982071, -18.6141149 ], [ -50.59171307, -18.70876757 ], [ -50.56728384, -18.77032023 ], [ -50.63219155, -18.74466361 ], [ -50.64618295, -18.75725476 ], [ -50.67463037, -18.74652843 ], [ -50.67377438, -18.73121071 ], [ -50.75857649, -18.68305762 ], [ -50.78810572, -18.64656921 ], [ -50.82646308, -18.64777924 ], [ -50.86266666, -18.62440959 ], [ -50.86964219, -18.59645933 ], [ -50.95991038, -18.53298408 ], [ -50.96669507, -18.51401544 ], [ -50.90257429, -18.48195136 ], [ -50.89148973, -18.44833283 ], [ -50.85796175, -18.45320445 ], [ -50.7530172, -18.41788301 ], [ -50.77443985, -18.37423982 ], [ -50.82568832, -18.35761074 ], [ -50.85874373, -18.29992211 ], [ -50.82054549, -18.27191452 ], [ -50.80179577, -18.23438799 ], [ -50.82257746, -18.20641994 ], [ -50.81596514, -18.1743418 ], [ -50.67635291, -18.1938357 ], [ -50.60776559, -18.16908226 ], [ -50.58624088, -18.1380607 ], [ -50.56093107, -18.17125102 ], [ -50.52065444, -18.17496758 ], [ -50.51173946, -18.21472186 ], [ -50.40012575, -18.24458438 ], [ -50.37706875, -18.24275405 ], [ -50.33984662, -18.20295261 ], [ -50.28982567, -18.19822273 ], [ -50.228103, -18.135807180000011 ], [ -50.15978976, -18.15862962000001 ], [ -50.16709859, -18.20092132 ], [ -50.14339901, -18.20314937 ], [ -50.11879096, -18.17918376 ], [ -50.12895817, -18.24075798 ], [ -50.09593704, -18.2539244 ], [ -50.11757164, -18.31390411000001 ], [ -50.05073887, -18.37166144 ], [ -50.04726817, -18.39633502 ], [ -50.06717682, -18.42377789 ] ] ] } },
{ "type": "Feature", "properties": { "code_amc": 16123, "idade_amc": 18.314285714285713, "n_pixels": 105.0, "n_munis": 2.0, "mesorregiao": "Centro Goiano" }, "geometry": { "type": "Polygon", "coordinates": [ [ [ -50.02321391, -15.7810312 ], [ -50.04930539, -15.77294147 ], [ -50.06865032, -15.788451550000016 ], [ -50.08626138, -15.76958614 ], [ -50.06114992, -15.72589846 ], [ -50.07687196, -15.69051585 ], [ -50.12511552, -15.65400525 ], [ -50.13142904, -15.58007247 ], [ -50.15667536, -15.56039911 ], [ -50.15304906, -15.52569204 ], [ -50.16570257, -15.52458882 ], [ -50.1533441, -15.48810707 ], [ -50.16511985, -15.43227823 ], [ -50.11393038, -15.37097453 ], [ -50.01997641, -15.35845932 ], [ -50.01339219, -15.37310513 ], [ -49.97755792, -15.37192305 ], [ -49.9382276, -15.35844733 ], [ -49.88209161, -15.40208828 ], [ -49.86012346, -15.39309359 ], [ -49.86106549, -15.449787120000011 ], [ -49.88684128, -15.47863548 ], [ -49.88150843, -15.51952839 ], [ -49.77316983, -15.54617016 ], [ -49.72211489, -15.52352198 ], [ -49.72864563, -15.53495635 ], [ -49.70656251, -15.534400840000011 ], [ -49.6936724, -15.55471585 ], [ -49.70186517, -15.61142025 ], [ -49.73022743, -15.6523022 ], [ -49.73898425, -15.6420492 ], [ -49.74703754, -15.66388888 ], [ -49.76772726, -15.66084458 ], [ -49.81844874, -15.71168077 ], [ -49.84498039, -15.70737098 ], [ -49.84906385, -15.72138917 ], [ -49.8541777, -15.70034179 ], [ -49.87403377, -15.73202443000001 ], [ -49.90314583, -15.72950412 ], [ -49.89806728, -15.75287344 ], [ -49.932758389999989, -15.74019433 ], [ -50.02321391, -15.7810312 ] ] ] } },
{ "type": "Feature", "properties": { "code_amc": 16124, "idade_amc": 14.2045454545, "n_pixels": 44.0, "n_munis": 1.0, "mesorregiao": "Leste Goiano" }, "geometry": { "type": "Polygon", "coordinates": [ [ [ -46.4594223, -13.80887121 ], [ -46.30120324, -13.700437 ], [ -46.23551429, -13.70816079 ], [ -46.26689271, -13.74032471 ], [ -46.23716854, -13.74482846 ], [ -46.22441878, -13.771004870000011 ], [ -46.28244443, -13.79522387 ], [ -46.26258316, -13.8085777 ], [ -46.2695641, -13.82885389 ], [ -46.23366204, -13.84561648 ], [ -46.26813414, -13.94376032 ], [ -46.2187252, -13.97404522 ], [ -46.21000711, -14.01285004 ], [ -46.25000074, -14.057077350000011 ], [ -46.28563568, -14.05274605 ], [ -46.30775249, -14.02057361 ], [ -46.41705765, -14.04656057 ], [ -46.45000487, -13.99491986 ], [ -46.53672721, -14.01766878000001 ], [ -46.57064486, -13.98689894000001 ], [ -46.58175398, -13.94758004 ], [ -46.62033534, -13.945288 ], [ -46.69919527, -13.907284250000014 ], [ -46.75947507, -13.83718562 ], [ -46.75228774, -13.82021759 ], [ -46.73106366, -13.83520864 ], [ -46.65267124, -13.80649181 ], [ -46.60217332, -13.82094246 ], [ -46.54147537, -13.79293124 ], [ -46.51550134, -13.8117742 ], [ -46.4594223, -13.80887121 ] ] ] } },
{ "type": "Feature", "properties": { "code_amc": 16125, "idade_amc": 19.541666666666668, "n_pixels": 24.0, "n_munis": 2.0, "mesorregiao": "Centro Goiano" }, "geometry": { "type": "Polygon", "coordinates": [ [ [ -49.8157558, -14.84251065 ], [ -49.73239873, -14.69433888 ], [ -49.73397987, -14.6741352 ], [ -49.75630693, -14.64739533 ], [ -49.77716959, -14.65464257 ], [ -49.76889709, -14.64549524000001 ], [ -49.78489252, -14.61975506 ], [ -49.81245408, -14.62028393 ], [ -49.82462081, -14.59554197 ], [ -49.80703395, -14.57823915 ], [ -49.8252589, -14.5636407 ], [ -49.81603418, -14.54443186 ], [ -49.77845221, -14.54008858 ], [ -49.77109152, -14.50682907 ], [ -49.75508479, -14.53166013 ], [ -49.75348226, -14.48291028 ], [ -49.77141967, -14.47782471 ], [ -49.72580833, -14.484822800000012 ], [ -49.71405957, -14.46423372 ], [ -49.66053146, -14.48097784 ], [ -49.66197609, -14.53192442 ], [ -49.63375411, -14.57025086000001 ], [ -49.64414087, -14.62826114 ], [ -49.62694822, -14.63242033 ], [ -49.61544906, -14.68152791 ], [ -49.56681507, -14.64479998 ], [ -49.57539036, -14.62695122 ], [ -49.53561195, -14.54690476 ], [ -49.55453634, -14.50269436 ], [ -49.54161765, -14.46389458 ], [ -49.52289054, -14.47528604 ], [ -49.4735935, -14.4624857 ], [ -49.49706208, -14.25518571000001 ], [ -49.56164345, -14.23283652 ], [ -49.56378411, -14.20338134 ], [ -49.4826385, -14.23793882 ], [ -49.48177611, -14.273781500000011 ], [ -49.4599211, -14.29210564 ], [ -49.42866466, -14.258170650000011 ], [ -49.40008361, -14.37383527 ], [ -49.42056004, -14.38738329 ], [ -49.39725459, -14.40233547 ], [ -49.40936193, -14.42972514 ], [ -49.35546803, -14.504692 ], [ -49.38845009, -14.50758422 ], [ -49.39230471, -14.53424071 ], [ -49.44680815, -14.55761978000001 ], [ -49.45435966, -14.58534689 ], [ -49.42875495, -14.60220817 ], [ -49.43497836, -14.61957112 ], [ -49.46010924, -14.6361578 ], [ -49.4818909, -14.68313838 ], [ -49.51044618, -14.69685233 ], [ -49.53403546, -14.74218805 ], [ -49.52711728, -14.77706509 ], [ -49.44178186, -14.80479429 ], [ -49.40911922, -14.84861711 ], [ -49.43258313, -14.848578500000015 ], [ -49.45377065, -14.87152156 ], [ -49.52997898, -14.81467805 ], [ -49.59525108, -14.803767140000014 ], [ -49.63791984, -14.81738847 ], [ -49.64572502, -14.84067546 ], [ -49.67108306, -14.834259 ], [ -49.67481253, -14.85691225 ], [ -49.73778628, -14.91311219 ], [ -49.76947799, -14.9181904 ], [ -49.76849754, -14.9356773 ], [ -49.81431701, -14.94057257 ], [ -49.8157558, -14.84251065 ] ] ] } },
{ "type": "Feature", "properties": { "code_amc": 16126, "idade_amc": 16.148148148099999, "n_pixels": 27.0, "n_munis": 1.0, "mesorregiao": "Centro Goiano" }, "geometry": { "type": "Polygon", "coordinates": [ [ [ -49.81844874, -15.71168077 ], [ -49.75033727, -15.65771657 ], [ -49.74905878, -15.67381469 ], [ -49.72022878, -15.69018175000001 ], [ -49.68481021, -15.75477023 ], [ -49.69308867, -15.80602422 ], [ -49.80114398, -15.78900193 ], [ -49.82450961, -15.8094952 ], [ -49.88367356, -15.7538948 ], [ -49.90920045, -15.77099147 ], [ -49.91904171, -15.754087830000014 ], [ -49.93364959, -15.76525347 ], [ -49.932758389999989, -15.74019433 ], [ -49.89806728, -15.75287344 ], [ -49.90028304, -15.72706993 ], [ -49.87403377, -15.73202443000001 ], [ -49.8541777, -15.70034179 ], [ -49.84906385, -15.72138917 ], [ -49.84498039, -15.70737098 ], [ -49.81844874, -15.71168077 ] ] ] } },
{ "type": "Feature", "properties": { "code_amc": 16127, "idade_amc": 19.40625, "n_pixels": 96.0, "n_munis": 1.0, "mesorregiao": "Centro Goiano" }, "geometry": { "type": "Polygon", "coordinates": [ [ [ -49.46307911, -17.16583943 ], [ -49.48989531, -17.15782337 ], [ -49.47997683, -17.13226549 ], [ -49.49356293, -17.12038091 ], [ -49.474364, -17.09967482 ], [ -49.4915378, -17.06752105 ], [ -49.48356057, -17.02377385 ], [ -49.42259093, -17.04728863 ], [ -49.36816952, -17.03965166 ], [ -49.36589634, -16.88544567 ], [ -49.32194586, -16.88241598 ], [ -49.32600182, -16.86100361 ], [ -49.30419241, -16.86753848 ], [ -49.25833416, -16.84507598 ], [ -49.18466984, -16.86861631 ], [ -49.16861589, -16.88901789 ], [ -49.14633516, -16.88174508 ], [ -49.14453168, -16.90090061 ], [ -49.11391954, -16.91415866 ], [ -49.11405778, -16.94661192 ], [ -49.09083905, -16.94094015 ], [ -49.09636399, -16.95600117 ], [ -49.05933281, -16.97179486 ], [ -49.09141995, -17.02746583 ], [ -49.08094961, -17.04625886 ], [ -49.0990865, -17.05120808 ], [ -49.08355769, -17.06114036 ], [ -49.08944639, -17.07771359 ], [ -49.12050249, -17.097668 ], [ -49.10900068, -17.13490669 ], [ -49.17408019, -17.12073052 ], [ -49.19191923, -17.137295070000011 ], [ -49.2316978, -17.08253953 ], [ -49.3901094, -17.15767434 ], [ -49.44831498, -17.14229998 ], [ -49.46307911, -17.16583943 ] ] ] } },
{ "type": "Feature", "properties": { "code_amc": 16128, "idade_amc": 17.644444444400001, "n_pixels": 45.0, "n_munis": 1.0, "mesorregiao": "Centro Goiano" }, "geometry": { "type": "Polygon", "coordinates": [ [ [ -49.28153971, -14.70232165 ], [ -49.2004682, -14.74627812 ], [ -49.19719118, -14.77911785 ], [ -49.16508238, -14.8000658 ], [ -49.21030062, -14.81867846 ], [ -49.20566903, -14.84559666 ], [ -49.23486318, -14.86519675 ], [ -49.24931187, -14.82172592 ], [ -49.3250046, -14.82121785 ], [ -49.34611247, -14.80725873 ], [ -49.40911922, -14.84861711 ], [ -49.44178186, -14.80479429 ], [ -49.53186618, -14.76972943 ], [ -49.53263857, -14.73094616 ], [ -49.43497836, -14.61957112 ], [ -49.39135914, -14.63795039 ], [ -49.35608109, -14.60862795000001 ], [ -49.32316522, -14.637919560000011 ], [ -49.31733281, -14.67333406 ], [ -49.27880374, -14.683372710000015 ], [ -49.28153971, -14.70232165 ] ] ] } },
{ "type": "Feature", "properties": { "code_amc": 16129, "idade_amc": 12.676666666699999, "n_pixels": 300.0, "n_munis": 1.0, "mesorregiao": "Leste Goiano" }, "geometry": { "type": "Polygon", "coordinates": [ [ [ -46.53822071, -14.01668368 ], [ -46.44508976, -13.99572059 ], [ -46.4306858, -14.04300538 ], [ -46.50606498, -14.06344235 ], [ -46.51880244, -14.05184556 ], [ -46.48078016, -14.10811853 ], [ -46.58106495, -14.10777616 ], [ -46.58922589, -14.12271317 ], [ -46.63216819, -14.12754201 ], [ -46.69672549, -14.16213268 ], [ -46.72303712, -14.19238733 ], [ -46.74085856, -14.2866277 ], [ -46.77234865, -14.3041621 ], [ -46.78593071, -14.35759769 ], [ -46.86920061, -14.34023002 ], [ -46.87979224, -14.3168854 ], [ -46.90081503, -14.33007555 ], [ -46.92026333, -14.31822906 ], [ -46.94475369, -14.25253142 ], [ -46.99169619, -14.19838968 ], [ -46.97823177, -14.1953959 ], [ -46.96783712, -14.14944071 ], [ -46.94339552, -14.14256905 ], [ -46.92370141, -14.07777184 ], [ -46.88909383, -14.07056752 ], [ -46.87558581, -14.03338359 ], [ -46.84314219, -14.0484924 ], [ -46.8270096, -14.03033429 ], [ -46.85095489, -13.98644073 ], [ -46.83717192, -13.91167624 ], [ -46.86819607, -13.88440855 ], [ -46.79203455, -13.82007913 ], [ -46.76980997, -13.81434057 ], [ -46.69919527, -13.907284250000014 ], [ -46.62033534, -13.945288 ], [ -46.58175398, -13.94758004 ], [ -46.57064486, -13.98689894000001 ], [ -46.53822071, -14.01668368 ] ] ] } },
{ "type": "Feature", "properties": { "code_amc": 16130, "idade_amc": 12.02924791087298, "n_pixels": 718.0, "n_munis": 2.0, "mesorregiao": "Sul Goiano" }, "geometry": { "type": "Polygon", "coordinates": [ [ [ -49.94620971, -17.02017392 ], [ -49.94918035, -16.99454856 ], [ -49.91581998, -16.95498174 ], [ -49.8551538, -16.98839508 ], [ -49.85181896, -17.01015745 ], [ -49.82253684, -17.009038 ], [ -49.8534249, -17.04087232 ], [ -49.82220716, -17.06689004 ], [ -49.82475929, -17.09656066 ], [ -49.85125792, -17.1242441 ], [ -49.84587126, -17.16223591 ], [ -49.80018008, -17.16107863 ], [ -49.75759019, -17.13688447 ], [ -49.71050837, -17.19269147 ], [ -49.76609319, -17.22047656 ], [ -49.79662222, -17.26859343000001 ], [ -49.81934109, -17.26880496 ], [ -49.82392909, -17.22758503 ], [ -49.85434212, -17.20489013000001 ], [ -50.01301629, -17.22756743 ], [ -50.02095544, -17.26770767 ], [ -49.9940641, -17.31704339 ], [ -50.05326034, -17.37485895 ], [ -50.05320579, -17.4418464 ], [ -50.07365162, -17.46148976 ], [ -50.11931974, -17.43730729 ], [ -50.12290002, -17.37794488 ], [ -50.14831436, -17.33995697 ], [ -50.16373405, -17.35918409 ], [ -50.18584689, -17.35118424 ], [ -50.20454128, -17.36399289 ], [ -50.20390882, -17.34449573 ], [ -50.17248457, -17.3154723 ], [ -50.1875426, -17.301732220000016 ], [ -50.18151392, -17.27612892 ], [ -50.20006948, -17.2671462 ], [ -50.20092855, -17.2973228 ], [ -50.22451076, -17.27944689 ], [ -50.23676514, -17.28693095 ], [ -50.23392512, -17.237841200000013 ], [ -50.29623766, -17.18181647 ], [ -50.27142763, -17.15544435 ], [ -50.29576029, -17.13765961 ], [ -50.27370611, -17.11433548 ], [ -50.29890434, -17.1047754 ], [ -50.28679503, -17.0781064 ], [ -50.30823083, -17.071071460000013 ], [ -50.28621178, -17.04710540000001 ], [ -50.2955421, -16.99320836 ], [ -50.27634983, -16.97162684 ], [ -50.290093, -16.90219852 ], [ -50.26234288, -16.89300752 ], [ -50.10574001, -16.95251771 ], [ -50.08792916, -16.91998934 ], [ -50.0438743, -16.93007171 ], [ -50.03442631, -16.96059871 ], [ -50.08107003, -17.04905238000001 ], [ -50.06812321, -17.08306644 ], [ -49.99015305, -17.06041234 ], [ -49.94620971, -17.02017392 ] ] ] } },
{ "type": "Feature", "properties": { "code_amc": 16131, "idade_amc": 15.568181818200001, "n_pixels": 44.0, "n_munis": 1.0, "mesorregiao": "Centro Goiano" }, "geometry": { "type": "Polygon", "coordinates": [ [ [ -49.66084467, -16.42723597 ], [ -49.6535897, -16.33094814 ], [ -49.62294904, -16.29159126 ], [ -49.65239182, -16.22149137 ], [ -49.5943942, -16.225914490000012 ], [ -49.53616531, -16.18354322 ], [ -49.4531445, -16.22548522 ], [ -49.39472793, -16.18968582 ], [ -49.36992082, -16.20857778 ], [ -49.38114003, -16.314706440000013 ], [ -49.45472639, -16.38251768 ], [ -49.42339254, -16.40556041 ], [ -49.44978432, -16.43555648000001 ], [ -49.46518919, -16.41337936 ], [ -49.480899, -16.42630134 ], [ -49.49239736, -16.415727940000014 ], [ -49.54686125, -16.426413730000011 ], [ -49.58041795, -16.40094501 ], [ -49.63102804, -16.39901377 ], [ -49.6366775, -16.42034425 ], [ -49.66084467, -16.42723597 ] ] ] } },
{ "type": "Feature", "properties": { "code_amc": 16132, "idade_amc": 13.4093567251, "n_pixels": 684.0, "n_munis": 1.0, "mesorregiao": "Sul Goiano" }, "geometry": { "type": "Polygon", "coordinates": [ [ [ -47.74332696, -16.92982162 ], [ -47.69059691, -16.90211727 ], [ -47.68454624, -16.94446773 ], [ -47.71976189, -17.03330242 ], [ -47.71323813, -17.0543309 ], [ -47.6571207, -17.09251982 ], [ -47.64148777, -17.145158590000012 ], [ -47.59829192, -17.16695959 ], [ -47.53076441, -17.24258865 ], [ -47.52165517, -17.2852196 ], [ -47.50065479, -17.29527673 ], [ -47.50515092, -17.34051172 ], [ -47.52167846, -17.3528125 ], [ -47.51393339, -17.37463917 ], [ -47.53882628, -17.38880063 ], [ -47.52366265, -17.41245688 ], [ -47.54968488, -17.38523621 ], [ -47.55479722, -17.35629626 ], [ -47.68990392, -17.26379398 ], [ -47.67654261, -17.23091846 ], [ -47.68776847, -17.19092703 ], [ -47.72359662, -17.14846564 ], [ -47.73709912, -17.19009146 ], [ -47.79304792, -17.21203698 ], [ -47.84597822, -17.26091198 ], [ -47.88405906, -17.26163262 ], [ -47.88912757, -17.37815214 ], [ -47.94101925, -17.47375398 ], [ -47.94482585, -17.53243435 ], [ -47.96662736, -17.55368134 ], [ -47.96405116, -17.6254204 ], [ -47.92696066, -17.73998936 ], [ -47.98346839, -17.89777969 ], [ -48.0262586, -17.924059 ], [ -48.08563055, -17.91235791 ], [ -48.10883078, -17.93063819 ], [ -48.12018881, -17.91927609 ], [ -48.12476621, -17.94420007 ], [ -48.16141639, -17.951480040000014 ], [ -48.20126867, -18.00482281 ], [ -48.2593001, -17.99389223 ], [ -48.29691135, -17.95827133 ], [ -48.28916458, -17.917836 ], [ -48.31522012, -17.94358876 ], [ -48.38344963, -17.94412855 ], [ -48.39571787, -17.91492814 ], [ -48.41329597, -17.91650354 ], [ -48.39813961, -17.89472958 ], [ -48.41105318, -17.863406790000013 ], [ -48.45107965, -17.83904522 ], [ -48.47177804, -17.86616556 ], [ -48.51227266, -17.8784494 ], [ -48.51338606, -17.851195470000015 ], [ -48.5631585, -17.81659012 ], [ -48.54482519, -17.8087809 ], [ -48.54632165, -17.79314576 ], [ -48.50980536, -17.78550741 ], [ -48.52111318, -17.75509888 ], [ -48.49921555000001, -17.73987286 ], [ -48.49735554, -17.714260070000016 ], [ -48.45955104, -17.71158085 ], [ -48.45510737, -17.67826943 ], [ -48.47113476, -17.65743941 ], [ -48.45102514, -17.63262581 ], [ -48.47760573, -17.62337133 ], [ -48.45786048, -17.617128860000012 ], [ -48.46361273, -17.59825194 ], [ -48.44505573, -17.6150702 ], [ -48.41427072, -17.58314542 ], [ -48.39635632000001, -17.58665286 ], [ -48.41330314, -17.5706493 ], [ -48.39327305, -17.57233687 ], [ -48.37538814, -17.54583111 ], [ -48.38546524, -17.51907838 ], [ -48.2857698, -17.52834606 ], [ -48.22371119, -17.59538258000001 ], [ -48.15768849, -17.52982867 ], [ -48.11449009, -17.54191014 ], [ -48.10421509, -17.47233785 ], [ -48.1173299, -17.45519686 ], [ -48.08602985, -17.42895513 ], [ -48.043269960000011, -17.424078470000012 ], [ -48.04676413, -17.39465391 ], [ -48.07687522, -17.36370923 ], [ -48.0883534, -17.29479978 ], [ -48.11852255, -17.26646396 ], [ -48.08504253, -17.24746398000001 ], [ -48.070433, -17.20891261 ], [ -48.0553202, -17.21385591 ], [ -48.05666588, -17.19566411 ], [ -48.03152505, -17.19331841 ], [ -48.0022975, -17.14511373 ], [ -47.99260626, -17.08901164 ], [ -47.91968365, -17.01080303 ], [ -47.92227009, -16.98490424 ], [ -47.90093561, -16.95327786 ], [ -47.91112118, -16.923879180000011 ], [ -47.80795499, -16.91712069 ], [ -47.74332696, -16.92982162 ] ] ] } },
{ "type": "Feature", "properties": { "code_amc": 16133, "idade_amc": 20.448275862100001, "n_pixels": 29.0, "n_munis": 1.0, "mesorregiao": "Centro Goiano" }, "geometry": { "type": "Polygon", "coordinates": [ [ [ -51.41343176, -16.30514481 ], [ -51.40096082, -16.265431860000014 ], [ -51.36771655, -16.28461528 ], [ -51.06512953, -16.306113230000015 ], [ -51.06629712, -16.334500630000012 ], [ -51.02643712, -16.364580050000015 ], [ -51.02826913, -16.40493765 ], [ -50.9888779, -16.42084185 ], [ -50.948076639999989, -16.39827168 ], [ -51.00141227, -16.503935330000015 ], [ -50.98857968, -16.529181420000011 ], [ -50.96387938, -16.532361280000014 ], [ -50.97721808, -16.56991308 ], [ -50.94657957, -16.5838914 ], [ -50.96407125, -16.62172417 ], [ -51.00915719, -16.63617708 ], [ -51.03010594, -16.62646758 ], [ -51.02388359, -16.56872571000001 ], [ -51.063183, -16.54911702 ], [ -51.07649008, -16.51777081 ], [ -51.1436867, -16.5103242 ], [ -51.18554948, -16.53116747 ], [ -51.26732788, -16.47453605 ], [ -51.27673398, -16.44786848 ], [ -51.33355146, -16.47755576 ], [ -51.37474769, -16.42228754 ], [ -51.3965199, -16.419811880000012 ], [ -51.41583012, -16.39484838 ], [ -51.41210607, -16.37193477 ], [ -51.43988695, -16.3492568 ], [ -51.43211134, -16.31394803 ], [ -51.41343176, -16.30514481 ] ] ] } },
{ "type": "Feature", "properties": { "code_amc": 16134, "idade_amc": 28.083333333300001, "n_pixels": 12.0, "n_munis": 1.0, "mesorregiao": "Centro Goiano" }, "geometry": { "type": "Polygon", "coordinates": [ [ [ -50.90250951, -16.24088721 ], [ -50.90849421, -16.20199708 ], [ -50.8671318, -16.20448869 ], [ -50.83588274, -16.228492880000012 ], [ -50.81160056, -16.31750712 ], [ -50.79248628, -16.32179351000001 ], [ -50.78218205, -16.34636487 ], [ -50.7552441, -16.34404219 ], [ -50.75371647, -16.40232423 ], [ -50.72496088, -16.39684254 ], [ -50.70235165, -16.41462034 ], [ -50.70668852, -16.443351590000013 ], [ -50.75668393, -16.459309150000013 ], [ -50.77076052, -16.51000539 ], [ -50.82999106, -16.47024195 ], [ -50.83729255, -16.4778211 ], [ -50.8575698, -16.44135571 ], [ -50.92249141, -16.39802918 ], [ -50.97582266, -16.40403524 ], [ -50.9888779, -16.42084185 ], [ -51.02826913, -16.40493765 ], [ -51.02671121, -16.36385098 ], [ -51.06629712, -16.334500630000012 ], [ -51.0580198, -16.29736532 ], [ -50.99635105, -16.26960972 ], [ -50.98137647, -16.29384919 ], [ -50.93754095, -16.31320328 ], [ -50.90250951, -16.24088721 ] ] ] } },
{ "type": "Feature", "properties": { "code_amc": 16135, "idade_amc": 15.160714285699999, "n_pixels": 448.0, "n_munis": 1.0, "mesorregiao": "Centro Goiano" }, "geometry": { "type": "Polygon", "coordinates": [ [ [ -49.79685032, -15.885653550000015 ], [ -49.82450961, -15.8094952 ], [ -49.80114398, -15.78900193 ], [ -49.69308867, -15.80602422 ], [ -49.67150381, -15.91389139 ], [ -49.68772996, -16.00558268 ], [ -49.63813995, -16.02060812 ], [ -49.68103209, -16.04208135 ], [ -49.64347452, -16.1158601 ], [ -49.73614893, -16.19197194 ], [ -49.75811382, -16.23067524 ], [ -49.75525812, -16.27433666 ], [ -49.73489227, -16.2900595 ], [ -49.72487261, -16.33167049 ], [ -49.73756334, -16.37694487 ], [ -49.71501043, -16.42309815 ], [ -49.72250744, -16.44119087 ], [ -49.77487511, -16.43629118 ], [ -49.82020279, -16.38629888 ], [ -49.8005635, -16.36256362 ], [ -49.74378679, -16.36241681 ], [ -49.7692801, -16.30676854 ], [ -49.8214277, -16.275633 ], [ -49.87448205, -16.28550687 ], [ -49.87428295, -16.22838101 ], [ -49.95906316, -16.21999837 ], [ -49.97206182, -16.20142312 ], [ -50.01637077, -16.19440172 ], [ -50.03861714, -16.14398741 ], [ -50.03623383, -16.01885061 ], [ -49.94269728, -15.96552334 ], [ -49.86717361, -15.98844556 ], [ -49.83697623, -15.94230227000001 ], [ -49.84039669, -15.9064534 ], [ -49.81631142, -15.90673777 ], [ -49.79685032, -15.885653550000015 ] ] ] } },
{ "type": "Feature", "properties": { "code_amc": 16136, "idade_amc": 11.259259259233334, "n_pixels": 54.0, "n_munis": 2.0, "mesorregiao": "Centro Goiano" }, "geometry": { "type": "Polygon", "coordinates": [ [ [ -49.55200361, -15.96819502 ], [ -49.52038908, -16.00028659 ], [ -49.54313319, -16.07092844 ], [ -49.52841901, -16.11346101 ], [ -49.55189682, -16.12809953 ], [ -49.57736548, -16.103408600000016 ], [ -49.61489943, -16.12021559 ], [ -49.64911563, -16.11585674 ], [ -49.68103209, -16.04208135 ], [ -49.63813995, -16.02060812 ], [ -49.68772996, -16.00558268 ], [ -49.69167545, -15.98142112 ], [ -49.67164805, -15.91770576 ], [ -49.68058409, -15.865720019999989 ], [ -49.66314403, -15.88956173 ], [ -49.6247559, -15.86680607 ], [ -49.58981187, -15.90142988 ], [ -49.59276559, -15.91601581 ], [ -49.54514487, -15.92096311 ], [ -49.55200361, -15.96819502 ] ] ] } },
{ "type": "Feature", "properties": { "code_amc": 16137, "idade_amc": 12.043478260900001, "n_pixels": 23.0, "n_munis": 1.0, "mesorregiao": "Centro Goiano" }, "geometry": { "type": "Polygon", "coordinates": [ [ [ -49.64761386, -15.75815333 ], [ -49.63889853, -15.68259439 ], [ -49.60580665, -15.69814170000001 ], [ -49.60055949, -15.6748239 ], [ -49.55603378, -15.63575984 ], [ -49.55677959, -15.68916804 ], [ -49.53570379, -15.71478736 ], [ -49.54369956, -15.75121653 ], [ -49.57775431, -15.78867902 ], [ -49.59400338, -15.866342740000011 ], [ -49.61011406, -15.88469855 ], [ -49.62600337, -15.86690062 ], [ -49.66314403, -15.88956173 ], [ -49.68855862, -15.85873051000001 ], [ -49.68950476, -15.82709462 ], [ -49.67825789, -15.77679145 ], [ -49.64761386, -15.75815333 ] ] ] } },
{ "type": "Feature", "properties": { "code_amc": 16138, "idade_amc": 16.142857142887756, "n_pixels": 147.0, "n_munis": 2.0, "mesorregiao": "Sul Goiano" }, "geometry": { "type": "Polygon", "coordinates": [ [ [ -51.09258689, -19.30719721 ], [ -51.18049869, -19.28353551 ], [ -51.20296999, -19.26123506 ], [ -51.25221591, -19.27407611 ], [ -51.30791351, -19.23794096 ], [ -51.30781143, -19.21853085 ], [ -51.368747569999989, -19.22151117 ], [ -51.37511204, -19.19463962 ], [ -51.39822709, -19.19463288 ], [ -51.42047404, -19.16653715 ], [ -51.49392298, -19.1629955 ], [ -51.50147505, -19.14778014 ], [ -51.57666969, -19.12655938 ], [ -51.65795069, -19.137919460000013 ], [ -51.69322394, -19.11821506 ], [ -51.686917, -19.07359642 ], [ -51.72408489, -18.83315746 ], [ -51.66453162, -18.78139168 ], [ -51.61283227, -18.78994738 ], [ -51.61061479, -18.80604307 ], [ -51.59608962, -18.79456094 ], [ -51.58702662, -18.82537545 ], [ -51.55263995, -18.82881948 ], [ -51.52500636, -18.86012623 ], [ -51.5041951, -18.85862993 ], [ -51.49525178, -18.88050865 ], [ -51.47014299, -18.87195348 ], [ -51.43174468, -18.89087292 ], [ -51.43816891, -18.91681028 ], [ -51.40647207, -18.90949948 ], [ -51.3803611, -18.9204998 ], [ -51.37966005, -18.94097227 ], [ -51.35768908, -18.93434955 ], [ -51.34808427, -18.95525422 ], [ -51.31122747, -18.963256300000012 ], [ -51.30058342, -18.9819104 ], [ -51.31058913, -19.00761082 ], [ -51.29266762, -19.00449104 ], [ -51.29471805, -19.01754475000001 ], [ -51.24290512, -19.02730228 ], [ -51.23761039, -19.04540561 ], [ -51.22533124, -19.03482413 ], [ -51.20441073, -19.06754602 ], [ -51.15380201, -19.06990733 ], [ -51.14910332, -19.10284523000001 ], [ -51.12511281, -19.09740877 ], [ -51.10358345, -19.12699106 ], [ -51.08743572, -19.11712235 ], [ -51.07962158, -19.13321783 ], [ -51.05541365, -19.13150568 ], [ -51.0323555, -19.17054131 ], [ -51.00993853, -19.15930028 ], [ -51.0138044, -19.17475933 ], [ -50.98730396, -19.168038 ], [ -50.96569486, -19.18860007 ], [ -50.95282594, -19.1737495 ], [ -50.95863143, -19.20187556 ], [ -50.93371707, -19.20284897 ], [ -50.93424689, -19.22345257 ], [ -50.90577664, -19.22324609 ], [ -50.89790687, -19.2570331 ], [ -50.87721818, -19.27195971 ], [ -50.88536028, -19.28611345 ], [ -50.87072343, -19.275872240000016 ], [ -50.85310751, -19.30886804 ], [ -50.82944557, -19.31047837 ], [ -50.87591486, -19.41991971 ], [ -50.82904423, -19.46703499 ], [ -50.82669128, -19.48746834 ], [ -50.84938686, -19.49813669 ], [ -50.9343326, -19.4680997 ], [ -50.95080095, -19.44345032 ], [ -50.9853022, -19.43138285 ], [ -50.98505595, -19.41041361 ], [ -51.03072189, -19.40143849 ], [ -51.01799798, -19.38387709 ], [ -51.03099632, -19.36379134 ], [ -51.09258689, -19.30719721 ] ] ] } },
{ "type": "Feature", "properties": { "code_amc": 16139, "idade_amc": 20.404761904800001, "n_pixels": 84.0, "n_munis": 1.0, "mesorregiao": "Noroeste Goiano" }, "geometry": { "type": "Polygon", "coordinates": [ [ [ -50.61378529, -15.73066217 ], [ -50.57853661, -15.73374953 ], [ -50.57172986, -15.76005451 ], [ -50.5080729, -15.80581286 ], [ -50.51493195, -15.87429097 ], [ -50.46450923, -15.94029289 ], [ -50.50623475, -16.00831401 ], [ -50.57543384, -16.042433750000011 ], [ -50.61821221, -15.96517313 ], [ -50.68343165, -15.952116840000011 ], [ -50.68412581, -15.90988462 ], [ -50.71112968, -15.89991638 ], [ -50.71757102, -15.87936674 ], [ -50.74648497, -15.92274293 ], [ -50.77184911, -15.926455120000011 ], [ -50.76324173, -15.89993855 ], [ -50.78553945, -15.86487943 ], [ -50.78631899, -15.82999218 ], [ -50.8160972, -15.79505163 ], [ -50.88836328, -15.78386245 ], [ -50.94368209000001, -15.72557601 ], [ -51.01330115, -15.70322585 ], [ -51.02365415, -15.61509925 ], [ -51.05455009, -15.565584 ], [ -51.05367994, -15.519200310000013 ], [ -51.11910439, -15.43661955 ], [ -50.92157244, -15.44947484 ], [ -50.9069851, -15.47412402 ], [ -50.8902132, -15.46701361 ], [ -50.87365078, -15.49750227 ], [ -50.8512403, -15.50323992 ], [ -50.81692799, -15.46648772 ], [ -50.80149168, -15.4846381 ], [ -50.77984388, -15.48020925 ], [ -50.78012599, -15.49743472 ], [ -50.73881543, -15.4928152 ], [ -50.680399199999989, -15.57446695000001 ], [ -50.65623737, -15.57517481 ], [ -50.63592595, -15.59639652 ], [ -50.6470472, -15.60771598 ], [ -50.62221247, -15.6133252 ], [ -50.61665133, -15.64583471 ], [ -50.59995674, -15.64401672 ], [ -50.61206385, -15.68525091 ], [ -50.62863098, -15.68543607 ], [ -50.61095543, -15.69586525 ], [ -50.61378529, -15.73066217 ] ] ] } },
{ "type": "Feature", "properties": { "code_amc": 16140, "idade_amc": 17.246105919000001, "n_pixels": 321.0, "n_munis": 1.0, "mesorregiao": "Sul Goiano" }, "geometry": { "type": "Polygon", "coordinates": [ [ [ -51.01436145, -18.90125716 ], [ -50.97124256, -18.93211672 ], [ -50.96076975, -18.9740266 ], [ -50.93540868, -18.97798581 ], [ -50.94134471, -19.00474399 ], [ -50.92221433, -18.99850477 ], [ -50.92597112, -19.02112747 ], [ -50.87933388, -19.03085835 ], [ -50.87916065, -19.04774098 ], [ -50.89540634, -19.05142544 ], [ -50.88063783, -19.05654571 ], [ -50.86712854, -19.04476728 ], [ -50.85010774, -19.06668603 ], [ -50.80611195, -19.07793187 ], [ -50.77907483, -19.12463553 ], [ -50.76713134, -19.1190191 ], [ -50.76985856, -19.145885740000015 ], [ -50.75349974, -19.14037211 ], [ -50.72754821, -19.16292046 ], [ -50.74763981, -19.23851472 ], [ -50.82944557, -19.31047837 ], [ -50.85310751, -19.30886804 ], [ -50.87072343, -19.275872240000016 ], [ -50.88536028, -19.28611345 ], [ -50.87721818, -19.27195971 ], [ -50.89790687, -19.2570331 ], [ -50.90577664, -19.22324609 ], [ -50.93424689, -19.22345257 ], [ -50.93371707, -19.20284897 ], [ -50.95863143, -19.20187556 ], [ -50.95282594, -19.1737495 ], [ -50.96569486, -19.18860007 ], [ -50.98730396, -19.168038 ], [ -51.0138044, -19.17475933 ], [ -51.00993853, -19.15930028 ], [ -51.0323555, -19.17054131 ], [ -51.05541365, -19.13150568 ], [ -51.07962158, -19.13321783 ], [ -51.08743572, -19.11712235 ], [ -51.10358345, -19.12699106 ], [ -51.12511281, -19.09740877 ], [ -51.14910332, -19.10284523000001 ], [ -51.15380201, -19.06990733 ], [ -51.20441073, -19.06754602 ], [ -51.22533124, -19.03482413 ], [ -51.23761039, -19.04540561 ], [ -51.24290512, -19.02730228 ], [ -51.29471805, -19.01754475000001 ], [ -51.29266762, -19.00449104 ], [ -51.31202772, -19.00191001 ], [ -51.30508195, -18.96800515 ], [ -51.34808427, -18.95525422 ], [ -51.35768908, -18.93434955 ], [ -51.37966005, -18.94097227 ], [ -51.3803611, -18.9204998 ], [ -51.42322594, -18.90565227 ], [ -51.43816891, -18.91681028 ], [ -51.43174468, -18.89087292 ], [ -51.47014299, -18.87195348 ], [ -51.49525178, -18.88050865 ], [ -51.5041951, -18.85862993 ], [ -51.52500636, -18.86012623 ], [ -51.55263995, -18.82881948 ], [ -51.58702662, -18.82537545 ], [ -51.59608962, -18.79456094 ], [ -51.61061479, -18.80604307 ], [ -51.61283227, -18.78994738 ], [ -51.64919497, -18.79388504 ], [ -51.66706159, -18.76491588 ], [ -51.73000214, -18.75206763000001 ], [ -51.76042332, -18.7633038 ], [ -51.79700067, -18.74167028 ], [ -51.80161208, -18.72309035 ], [ -51.88327608, -18.6663087 ], [ -51.92441962, -18.54123748 ], [ -51.83313757, -18.56947081 ], [ -51.79942195, -18.54150304 ], [ -51.79830667, -18.48943046 ], [ -51.75105449, -18.46959322 ], [ -51.69083017, -18.49118664 ], [ -51.68650329, -18.48139284 ], [ -51.66263696, -18.49612534 ], [ -51.59019481, -18.4994239 ], [ -51.57033252, -18.52640049 ], [ -51.55277773, -18.523455 ], [ -51.5051716, -18.55160983 ], [ -51.50685805, -18.56444051 ], [ -51.43336438, -18.595268860000012 ], [ -51.43433196, -18.60980047 ], [ -51.38669848, -18.62057322 ], [ -51.37058459, -18.64236721 ], [ -51.35475207, -18.63580949 ], [ -51.33546735, -18.68173563 ], [ -51.32064039, -18.67349298 ], [ -51.26386356, -18.73181602 ], [ -51.22741165, -18.74322255 ], [ -51.21072539, -18.78432553 ], [ -51.17858062, -18.79035977 ], [ -51.18513737, -18.81023456 ], [ -51.15605334, -18.8110684 ], [ -51.12097354, -18.87581174 ], [ -51.07672291, -18.87086274 ], [ -51.0443544, -18.88724614 ], [ -51.03979931, -18.90654415 ], [ -51.01436145, -18.90125716 ] ] ] } },
{ "type": "Feature", "properties": { "code_amc": 16141, "idade_amc": 14.935483871000001, "n_pixels": 31.0, "n_munis": 1.0, "mesorregiao": "Centro Goiano" }, "geometry": { "type": "Polygon", "coordinates": [ [ [ -49.65456978, -16.12497584 ], [ -49.57736548, -16.103408600000016 ], [ -49.55189682, -16.12809953 ], [ -49.52841901, -16.11346101 ], [ -49.45064119, -16.16996705 ], [ -49.4116731, -16.1741105 ], [ -49.40464159, -16.19499776 ], [ -49.4531445, -16.22548522 ], [ -49.53616531, -16.18354322 ], [ -49.5943942, -16.225914490000012 ], [ -49.65239182, -16.22149137 ], [ -49.62294904, -16.29159126 ], [ -49.63150133, -16.31568356 ], [ -49.66264568, -16.32990169 ], [ -49.69131091, -16.27079415 ], [ -49.7260062, -16.26050693 ], [ -49.73550696, -16.28284874 ], [ -49.75267727, -16.27854847 ], [ -49.75811382, -16.23067524 ], [ -49.73614893, -16.19197194 ], [ -49.65456978, -16.12497584 ] ] ] } },
{ "type": "Feature", "properties": { "code_amc": 16142, "idade_amc": 18.7037037037, "n_pixels": 54.0, "n_munis": 1.0, "mesorregiao": "Centro Goiano" }, "geometry": { "type": "Polygon", "coordinates": [ [ [ -50.8097699, -16.56602613 ], [ -50.77851597, -16.5914258 ], [ -50.73107327, -16.58756017 ], [ -50.76194755, -16.68089974 ], [ -50.81168892, -16.69539647 ], [ -50.8189126, -16.67101041 ], [ -50.84926902, -16.72694597 ], [ -50.92415418, -16.78349072 ], [ -50.97118358, -16.7935562 ], [ -51.00796127, -16.84786357 ], [ -51.05711288, -16.86044076 ], [ -51.0545756, -16.95721597 ], [ -51.10396573, -16.89453513 ], [ -51.14873888, -16.89144372 ], [ -51.15252274, -16.86759265 ], [ -51.19579948, -16.83952577 ], [ -51.20560976, -16.81052709 ], [ -51.22385761, -16.81440287 ], [ -51.21985352, -16.69759867 ], [ -51.26088183, -16.64765691 ], [ -51.25666411, -16.61669721 ], [ -51.30782948, -16.56477998 ], [ -51.28763523, -16.55427542000001 ], [ -51.30610793, -16.51885345 ], [ -51.3383806, -16.50851152 ], [ -51.34316504, -16.4791937 ], [ -51.37868244, -16.46522807 ], [ -51.37413603, -16.44542877 ], [ -51.39327197, -16.44996485 ], [ -51.39941276, -16.42413717 ], [ -51.37474769, -16.42228754 ], [ -51.33299312, -16.47783756 ], [ -51.27808057, -16.447671990000011 ], [ -51.26732788, -16.47453605 ], [ -51.23746906, -16.48903917 ], [ -51.24468781, -16.5453317 ], [ -51.20277042, -16.58095203 ], [ -51.18324143, -16.64585111 ], [ -51.13748442, -16.63337431 ], [ -51.103717349999989, -16.73420581 ], [ -51.10818794, -16.76607059 ], [ -51.09071377, -16.79984633 ], [ -51.06524848, -16.80555169 ], [ -51.07374703, -16.8240067 ], [ -51.05146287, -16.8124764 ], [ -51.04751935, -16.74759276 ], [ -51.02318662, -16.69766857 ], [ -51.03432388, -16.64926539 ], [ -50.96488245, -16.62259254 ], [ -50.94651557, -16.58616398 ], [ -50.97721808, -16.56991308 ], [ -50.96360379, -16.53326797 ], [ -50.98919297, -16.52835988 ], [ -50.99638389, -16.48620946 ], [ -50.9782686, -16.47769037 ], [ -50.96893957, -16.5018069 ], [ -50.91660222, -16.52715742 ], [ -50.87649289, -16.523853630000012 ], [ -50.858161, -16.49175714 ], [ -50.85337933, -16.5069636 ], [ -50.82082414, -16.50895073 ], [ -50.80095688, -16.52916519 ], [ -50.8097699, -16.56602613 ] ] ] } },
{ "type": "Feature", "properties": { "code_amc": 16143, "idade_amc": 17.851851851815923, "n_pixels": 270.0, "n_munis": 2.0, "mesorregiao": "Centro Goiano" }, "geometry": { "type": "Polygon", "coordinates": [ [ [ -49.50789181, -15.51540366 ], [ -49.44114462, -15.52705346 ], [ -49.42816934, -15.4927269 ], [ -49.33911217, -15.49796676 ], [ -49.34505243, -15.46751438 ], [ -49.32719508, -15.454602010000011 ], [ -49.35180597, -15.45054896 ], [ -49.36394743, -15.43018344 ], [ -49.46330691, -15.43140022 ], [ -49.45620024, -15.37941909000001 ], [ -49.49050596, -15.35121833 ], [ -49.48442051, -15.32424637 ], [ -49.51975606, -15.27035386 ], [ -49.48500742, -15.23614933 ], [ -49.51242069, -15.2238216 ], [ -49.49747468, -15.20265859 ], [ -49.50392202, -15.169345740000011 ], [ -49.48252922, -15.17664356 ], [ -49.47506466, -15.15585338 ], [ -49.47905921, -15.1398358 ], [ -49.50547197, -15.13171136 ], [ -49.47125534, -15.12478855 ], [ -49.45444705, -15.0999723 ], [ -49.44311244, -15.11668723 ], [ -49.40108702, -15.09750082 ], [ -49.38783621, -15.04940009 ], [ -49.32497111, -14.99096674 ], [ -49.28996916, -14.99210444 ], [ -49.3107011, -15.07821473 ], [ -49.30861363, -15.170874070000014 ], [ -49.36050101, -15.32555988 ], [ -49.3429184, -15.34359853 ], [ -49.28786318, -15.32608226000001 ], [ -49.26322787, -15.33893376 ], [ -49.29785993, -15.41102791 ], [ -49.29117325, -15.43405131 ], [ -49.23522183, -15.45475068 ], [ -49.22372647, -15.47636467 ], [ -49.23761188, -15.56004922 ], [ -49.21222551, -15.56708635 ], [ -49.17028135, -15.62747014 ], [ -49.14944694, -15.61584059 ], [ -49.1286973, -15.62428383 ], [ -49.21734726, -15.85601549 ], [ -49.25432642, -15.81641967 ], [ -49.3236298, -15.83530152 ], [ -49.34270644, -15.89954053 ], [ -49.37895074, -15.91461444 ], [ -49.3901461, -15.88736214 ], [ -49.39441829, -15.90558681 ], [ -49.46667211, -15.94410359 ], [ -49.46650609, -16.00452866 ], [ -49.50841916, -15.97316737 ], [ -49.54955599, -15.97480472 ], [ -49.54514487, -15.92096311 ], [ -49.59276559, -15.91601581 ], [ -49.60851054, -15.88035097 ], [ -49.53570379, -15.71478736 ], [ -49.55744531, -15.684671930000013 ], [ -49.56311771, -15.56852959 ], [ -49.55172074, -15.5442597 ], [ -49.57531657, -15.5165724 ], [ -49.56903319, -15.47679166 ], [ -49.55461164, -15.46594727 ], [ -49.53094487, -15.48208443 ], [ -49.52886508, -15.47087475 ], [ -49.50789181, -15.51540366 ] ] ] } },
{ "type": "Feature", "properties": { "code_amc": 16144, "idade_amc": 10.7037037037, "n_pixels": 27.0, "n_munis": 1.0, "mesorregiao": "Centro Goiano" }, "geometry": { "type": "Polygon", "coordinates": [ [ [ -50.98373749, -16.16280923 ], [ -50.91016219, -16.18498932 ], [ -50.89782298, -16.21741148 ], [ -50.93754095, -16.31320328 ], [ -50.98137647, -16.29384919 ], [ -50.99635105, -16.26960972 ], [ -51.06438112, -16.30666248 ], [ -51.11747206, -16.30543285 ], [ -51.13460203, -16.22497681 ], [ -51.17090283, -16.1897405 ], [ -51.17049383, -16.12523314 ], [ -51.19599148, -16.09906185 ], [ -51.21157058, -16.03092082 ], [ -51.17301787, -16.03075264 ], [ -51.14499153, -16.06493175 ], [ -51.12199458, -16.06384612 ], [ -51.09521197, -16.10207831 ], [ -51.00684882, -16.12020446 ], [ -50.98373749, -16.16280923 ] ] ] } },
{ "type": "Feature", "properties": { "code_amc": 16145, "idade_amc": 11.805555555533333, "n_pixels": 36.0, "n_munis": 2.0, "mesorregiao": "Centro Goiano" }, "geometry": { "type": "Polygon", "coordinates": [ [ [ -49.4731194, -15.95947034 ], [ -49.3901461, -15.88736214 ], [ -49.37895074, -15.91461444 ], [ -49.34270644, -15.89954053 ], [ -49.32486477, -15.83629046 ], [ -49.25432642, -15.81641967 ], [ -49.2478719, -15.83639734 ], [ -49.2171829, -15.84960843 ], [ -49.19888723, -15.92784207 ], [ -49.17460379, -15.94008843 ], [ -49.18077541, -15.95878041 ], [ -49.13234972, -15.99840603 ], [ -49.18128225, -16.08301158 ], [ -49.21997003, -16.08106578 ], [ -49.22914182, -16.05166082 ], [ -49.25444607, -16.046930980000013 ], [ -49.26419676, -16.02005134 ], [ -49.29075491, -16.00660221 ], [ -49.36722381, -16.00759322 ], [ -49.38211116, -15.99220525 ], [ -49.40511845, -16.02654766 ], [ -49.43830083, -16.03219387 ], [ -49.44431336, -16.01219076 ], [ -49.46650609, -16.00452866 ], [ -49.4731194, -15.95947034 ] ] ] } },
{ "type": "Feature", "properties": { "code_amc": 16146, "idade_amc": 9.1846153846000007, "n_pixels": 195.0, "n_munis": 1.0, "mesorregiao": "Sul Goiano" }, "geometry": { "type": "Polygon", "coordinates": [ [ [ -49.78328806, -17.78004574 ], [ -49.68417257, -17.80780218 ], [ -49.73615252, -17.7545254 ], [ -49.73019839, -17.72324747 ], [ -49.6941746, -17.68697759 ], [ -49.56599123, -17.78283986 ], [ -49.54621642, -17.7072589 ], [ -49.53087737, -17.70882925 ], [ -49.53747508, -17.73219583 ], [ -49.51639716, -17.75147344 ], [ -49.42381472, -17.7547758 ], [ -49.44195484, -17.77733036 ], [ -49.42403748, -17.7874394 ], [ -49.45470523, -17.78689201 ], [ -49.43822403, -17.81079753 ], [ -49.45206163, -17.85039493 ], [ -49.49706129, -17.83451924 ], [ -49.53026189, -17.85589018 ], [ -49.56461983, -17.83281632 ], [ -49.65942817, -17.88390762 ], [ -49.67973062, -17.85889977 ], [ -49.7505103, -17.86576942 ], [ -49.78311966, -17.88601331 ], [ -49.77247893, -17.82629707 ], [ -49.78328806, -17.78004574 ] ] ] } },
{ "type": "Feature", "properties": { "code_amc": 16147, "idade_amc": 19.1495877503, "n_pixels": 849.0, "n_munis": 1.0, "mesorregiao": "Noroeste Goiano" }, "geometry": { "type": "Polygon", "coordinates": [ [ [ -51.60716496, -15.16350424 ], [ -51.52224285, -15.05842929 ], [ -51.47774791, -15.05671964 ], [ -51.42216961, -15.00592894 ], [ -51.35728522, -15.00249324 ], [ -51.3956056, -15.03651404 ], [ -51.40748803, -15.08747879 ], [ -51.40254344, -15.14191049 ], [ -51.37988413, -15.1815783 ], [ -51.38202095, -15.2414681 ], [ -51.27240924, -15.275820810000011 ], [ -51.23077288, -15.27075219 ], [ -51.21327055, -15.30802931 ], [ -51.30676983, -15.32342391 ], [ -51.31141464, -15.48085917 ], [ -51.29288824, -15.47071575 ], [ -51.23171362, -15.48416618 ], [ -51.24357131, -15.5414562 ], [ -51.21860277, -15.60434063 ], [ -51.17279278, -15.65183856 ], [ -51.24232811, -15.67740429 ], [ -51.37138344, -15.59723748 ], [ -51.38496361, -15.63457539 ], [ -51.44499533, -15.60763226 ], [ -51.43488813, -15.66528422 ], [ -51.39160502, -15.69623243 ], [ -51.38377942, -15.72420825 ], [ -51.34029669, -15.73325636 ], [ -51.24483404, -15.80649015 ], [ -51.15718961, -15.79826667 ], [ -51.11894011, -15.90786422 ], [ -51.05374455, -15.88405542 ], [ -51.05573974, -15.82503607 ], [ -51.04579574, -15.80001184 ], [ -51.00460376, -15.77777451 ], [ -50.9889926, -15.73904948 ], [ -50.99696384, -15.713301350000011 ], [ -50.94368209000001, -15.72557601 ], [ -50.88836328, -15.78386245 ], [ -50.8160972, -15.79505163 ], [ -50.78631899, -15.82999218 ], [ -50.76316728, -15.90178928 ], [ -50.77352003, -15.93948547 ], [ -50.79414642, -15.94352172 ], [ -50.78265209, -15.99336639 ], [ -50.81337829, -16.02322647 ], [ -50.87206918, -16.01095054000001 ], [ -50.88554664, -16.04391469 ], [ -50.91423575000001, -16.05373821 ], [ -50.94029741, -16.020910990000012 ], [ -50.99429064, -16.02708137 ], [ -51.06815888, -15.9678804 ], [ -51.0810764, -15.979537830000011 ], [ -51.15146003, -15.95193492 ], [ -51.19576684, -15.96559824 ], [ -51.22152956, -15.941263480000011 ], [ -51.26693496, -15.97443814 ], [ -51.33135364, -15.92539865 ], [ -51.37494015, -15.93365865 ], [ -51.38201925, -15.90043549 ], [ -51.39558409, -15.910364 ], [ -51.43238707, -15.877447 ], [ -51.42860504, -15.847423600000013 ], [ -51.46294069, -15.85355246 ], [ -51.48478312, -15.81757696 ], [ -51.53243623, -15.81199298 ], [ -51.52094162, -15.78229796 ], [ -51.52813704, -15.77072412 ], [ -51.53754886, -15.78041858 ], [ -51.54636015, -15.75412997 ], [ -51.52780576, -15.725755560000012 ], [ -51.57571731, -15.70252895000001 ], [ -51.57610399, -15.68647046 ], [ -51.55849827, -15.68145279 ], [ -51.56255208, -15.65177281000001 ], [ -51.57860789, -15.648244650000011 ], [ -51.57949453, -15.6006455 ], [ -51.59063058, -15.60535691 ], [ -51.59588, -15.57650566 ], [ -51.61391362, -15.587159830000012 ], [ -51.63261825, -15.561862270000011 ], [ -51.65100064, -15.56132378 ], [ -51.63568825, -15.52470918 ], [ -51.69878779, -15.48496194 ], [ -51.70841374, -15.456475 ], [ -51.6713831, -15.37172776 ], [ -51.68683278, -15.30277089 ], [ -51.64693886, -15.26794595 ], [ -51.66802288, -15.2463438 ], [ -51.65209686, -15.17987321 ], [ -51.60716496, -15.16350424 ] ] ] } },
{ "type": "Feature", "properties": { "code_amc": 16148, "idade_amc": 13.845238095199999, "n_pixels": 84.0, "n_munis": 1.0, "mesorregiao": "Sul Goiano" }, "geometry": { "type": "Polygon", "coordinates": [ [ [ -49.48988119, -17.26331427 ], [ -49.45282974, -17.31379766 ], [ -49.35159031, -17.31965221 ], [ -49.34385379, -17.34467779 ], [ -49.30069626, -17.373833810000011 ], [ -49.30572971, -17.43442271 ], [ -49.27675713, -17.47200289 ], [ -49.29189572, -17.50758436 ], [ -49.44560956, -17.32913314 ], [ -49.51467486, -17.353996540000015 ], [ -49.57692879, -17.30421465 ], [ -49.63065178, -17.28685497 ], [ -49.61339368, -17.27069001 ], [ -49.61989388, -17.22803275 ], [ -49.56405856, -17.20208342 ], [ -49.51381055, -17.15430588 ], [ -49.46307911, -17.16583943 ], [ -49.44534008, -17.14605522 ], [ -49.40673513, -17.20386664 ], [ -49.48988119, -17.26331427 ] ] ] } },
{ "type": "Feature", "properties": { "code_amc": 16149, "idade_amc": 21.7692307692, "n_pixels": 26.0, "n_munis": 1.0, "mesorregiao": "Sul Goiano" }, "geometry": { "type": "Polygon", "coordinates": [ [ [ -48.69180741, -18.09428578 ], [ -48.71994831, -18.07558891 ], [ -48.73821915, -18.03082049 ], [ -48.73219732, -17.98340132 ], [ -48.76536056, -17.93458354 ], [ -48.7083952, -17.901055840000012 ], [ -48.71847562, -17.84465672 ], [ -48.63551993, -17.94603046 ], [ -48.62155713, -18.00043560000001 ], [ -48.62935426, -18.0406515 ], [ -48.66044018, -18.06467699 ], [ -48.65824687, -18.08558404 ], [ -48.69180741, -18.09428578 ] ] ] } },
{ "type": "Feature", "properties": { "code_amc": 16150, "idade_amc": 5.343220339, "n_pixels": 236.0, "n_munis": 1.0, "mesorregiao": "Sul Goiano" }, "geometry": { "type": "Polygon", "coordinates": [ [ [ -50.34538197, -17.94233705000001 ], [ -50.30734416, -18.00038584 ], [ -50.28620921, -17.99851245 ], [ -50.29140522, -18.02913513 ], [ -50.25284433, -18.03193729 ], [ -50.22726281, -18.01291675 ], [ -50.18765087, -18.06040181 ], [ -50.22512912, -18.07835728 ], [ -50.2838155, -18.07959398 ], [ -50.35267785, -18.15744409 ], [ -50.37843289, -18.153998030000011 ], [ -50.40837605, -18.12775585 ], [ -50.43810182, -18.0510133 ], [ -50.50740314, -18.01839794 ], [ -50.4807682, -18.00032421 ], [ -50.46762435, -17.95186595 ], [ -50.42059871, -17.94698138 ], [ -50.39841505, -17.92857697 ], [ -50.34538197, -17.94233705000001 ] ] ] } },
{ "type": "Feature", "properties": { "code_amc": 16151, "idade_amc": 16.105065666031706, "n_pixels": 533.0, "n_munis": 2.0, "mesorregiao": "Norte Goiano" }, "geometry": { "type": "Polygon", "coordinates": [ [ [ -48.04817219, -14.96960785 ], [ -48.05821565, -15.05240348 ], [ -48.09888268, -15.11156631 ], [ -48.09121047, -15.13574777 ], [ -48.11460621, -15.1539712 ], [ -48.1290696, -15.1365512 ], [ -48.18207232, -15.14100135 ], [ -48.21605317, -15.11330897 ], [ -48.23690408, -15.12819137 ], [ -48.30446353, -15.09682385 ], [ -48.3231316, -15.11278077 ], [ -48.36510614, -15.08981275 ], [ -48.40641173, -15.1056465 ], [ -48.42440742, -15.08649287 ], [ -48.48910857, -15.11752522 ], [ -48.49958166, -15.15225562 ], [ -48.54266502, -15.17411177 ], [ -48.6142744, -15.15494699 ], [ -48.6305258, -15.110272030000012 ], [ -48.65402873, -15.10119094 ], [ -48.65694473, -15.04570529 ], [ -48.59889524, -15.00604274 ], [ -48.62055169, -15.00418835 ], [ -48.61833479, -14.98688732 ], [ -48.63485742, -14.99719594 ], [ -48.65002309, -14.958753740000011 ], [ -48.66818764, -14.98256126 ], [ -48.69644158, -14.98139711000001 ], [ -48.68361048, -14.951909 ], [ -48.74913921, -14.93927995 ], [ -48.73669202, -14.88272196 ], [ -48.76177695, -14.8474719 ], [ -48.74549897, -14.84315686 ], [ -48.74038515, -14.81170448 ], [ -48.71316342, -14.80109177 ], [ -48.72813304, -14.77932293 ], [ -48.71208461, -14.76449469 ], [ -48.71278, -14.726555 ], [ -48.7316307, -14.70930718 ], [ -48.72738584, -14.6726963 ], [ -48.77188456, -14.642764070000011 ], [ -48.78177846, -14.66598519000001 ], [ -48.81518881, -14.66364023 ], [ -48.84283786, -14.689542320000013 ], [ -48.87594123, -14.69453547 ], [ -48.90635516, -14.670973 ], [ -48.95027976, -14.68104444 ], [ -48.95042019, -14.66120105 ], [ -48.965855, -14.6651375 ], [ -48.96683521, -14.64547751 ], [ -48.9875008, -14.643984390000011 ], [ -48.99005644, -14.622250560000012 ], [ -48.97488709, -14.62302317 ], [ -48.99172182, -14.58645991 ], [ -49.00175335, -14.59849047 ], [ -49.01141915, -14.57578123 ], [ -49.03913197, -14.57714549 ], [ -49.03686176, -14.56294191 ], [ -49.00672455, -14.55852943 ], [ -49.00672282, -14.53994792 ], [ -49.04022229, -14.52811481 ], [ -49.05335764, -14.49913642 ], [ -49.02311038, -14.4958531 ], [ -49.02597359, -14.46990434000001 ], [ -48.99425258, -14.4561647 ], [ -48.97747225, -14.41443701 ], [ -48.9933087, -14.38814971 ], [ -48.98607957, -14.34128963 ], [ -49.01630406, -14.31434072 ], [ -48.9661582, -14.29337754 ], [ -48.94669604, -14.25090286 ], [ -48.89599875, -14.23227393 ], [ -48.89316455, -14.20789677000001 ], [ -48.88171909, -14.212000520000011 ], [ -48.88055713, -14.19044053 ], [ -48.8493238, -14.158592830000016 ], [ -48.82363819, -14.17674724 ], [ -48.79822089, -14.14075313 ], [ -48.76746669, -14.1482826 ], [ -48.75686086, -14.11978414 ], [ -48.7234937, -14.12720671 ], [ -48.70716564, -14.16061794 ], [ -48.69152744, -14.15092686 ], [ -48.67294255, -14.17155973 ], [ -48.59897051, -14.18577599000001 ], [ -48.56388201, -14.13122997 ], [ -48.50224176, -14.10883031 ], [ -48.5038015, -14.07244448 ], [ -48.48480259, -14.06328351 ], [ -48.4719061, -14.01838563 ], [ -48.43396219, -14.02293083 ], [ -48.35946252, -13.97552363 ], [ -48.31846406, -13.97718857 ], [ -48.31758093, -13.93849725 ], [ -48.25282753, -13.9579477 ], [ -48.24530015, -13.993320050000012 ], [ -48.19232037, -14.02386022 ], [ -48.16298961, -14.11859388 ], [ -48.13957651, -14.12524377 ], [ -48.11951803, -14.15565619 ], [ -48.12676759, -14.17080729 ], [ -48.04963006, -14.21369217 ], [ -48.04412813, -14.23448328 ], [ -48.00479917, -14.24292445 ], [ -48.00323593, -14.26726892 ], [ -47.98129971, -14.25686017 ], [ -47.94988279, -14.28545953 ], [ -47.90913161, -14.2818574 ], [ -47.92640185, -14.30287696 ], [ -47.90762657, -14.33882993 ], [ -47.88876298, -14.3354795 ], [ -47.87073545, -14.35350602 ], [ -47.86574095, -14.338108030000011 ], [ -47.83229584, -14.33465502 ], [ -47.82660076, -14.35187768 ], [ -47.86431647, -14.38023322 ], [ -47.85940426, -14.40387195 ], [ -47.8355945, -14.43647423 ], [ -47.82243075, -14.50526745000001 ], [ -47.76162394, -14.54163687 ], [ -47.77862178, -14.67862937 ], [ -47.81232351, -14.69723888 ], [ -47.83537734, -14.74409278 ], [ -47.90771211, -14.79880876 ], [ -47.99353479, -14.80413458000001 ], [ -48.06612986, -14.86813377 ], [ -48.07885323, -14.898796150000011 ], [ -48.04307978, -14.92986326 ], [ -48.03559439, -14.96091103 ], [ -48.04817219, -14.96960785 ] ] ] } },
{ "type": "Feature", "properties": { "code_amc": 16152, "idade_amc": 17.0, "n_pixels": 6.0, "n_munis": 1.0, "mesorregiao": "Norte Goiano" }, "geometry": { "type": "Polygon", "coordinates": [ [ [ -48.53964404, -13.44980673 ], [ -48.54699264, -13.43075561 ], [ -48.58079765, -13.4249261 ], [ -48.5605219, -13.38953501 ], [ -48.5791851, -13.31937804 ], [ -48.55360988, -13.30198172 ], [ -48.55460968, -13.20496713 ], [ -48.53038508, -13.19256033 ], [ -48.51344307, -13.13083281 ], [ -48.47363096, -13.13741058 ], [ -48.47527721, -13.23573218 ], [ -48.45710756, -13.24869324 ], [ -48.46024253, -13.2807606 ], [ -48.44171277, -13.2923674 ], [ -48.42985552, -13.27157971 ], [ -48.38568309, -13.26607312 ], [ -48.36088049, -13.24263741 ], [ -48.33693625, -13.24708286 ], [ -48.34212859, -13.22839862 ], [ -48.30710371, -13.23544265 ], [ -48.28791162, -13.20398882 ], [ -48.25089197, -13.1969913 ], [ -48.23188331, -13.16816868 ], [ -48.19585052, -13.17301593 ], [ -48.18882456, -13.15365572 ], [ -48.14665435, -13.15201119 ], [ -48.16577256, -13.18999075 ], [ -48.15332762, -13.21967033 ], [ -48.16893432, -13.24008729 ], [ -48.15373742, -13.27919494 ], [ -48.17199122, -13.31102169 ], [ -48.1702727, -13.36937740000001 ], [ -48.1465425, -13.38450534 ], [ -48.14666089, -13.43632967 ], [ -48.16890172, -13.44843112 ], [ -48.18696061, -13.42068465 ], [ -48.1987112, -13.47146173 ], [ -48.16190915, -13.47858295 ], [ -48.1552984, -13.49773073 ], [ -48.13157089, -13.50496855 ], [ -48.14082934, -13.54785837 ], [ -48.10806874, -13.54039004 ], [ -48.09201868, -13.55409182 ], [ -48.11013276, -13.56867817 ], [ -48.11130817, -13.6176592 ], [ -48.14670956, -13.66695555 ], [ -48.1446304, -13.76392276 ], [ -48.19345577, -13.7866323 ], [ -48.24787476, -13.85794874 ], [ -48.28525756, -13.83106127 ], [ -48.31729677, -13.84600916000001 ], [ -48.33258843, -13.83628077 ], [ -48.34588322, -13.86264426 ], [ -48.36796658, -13.82409944 ], [ -48.38507816, -13.82109057 ], [ -48.376267, -13.80211869 ], [ -48.43565979, -13.75991239 ], [ -48.43551772, -13.73005664 ], [ -48.45521426, -13.70901346 ], [ -48.42883005, -13.70122073 ], [ -48.46543958, -13.66794187 ], [ -48.45602118, -13.60820452 ], [ -48.50943898, -13.61572408 ], [ -48.56285988, -13.59187095 ], [ -48.57974483, -13.62792449 ], [ -48.61571572, -13.63525893 ], [ -48.64293934, -13.61883649 ], [ -48.66132474, -13.64420906 ], [ -48.70170807, -13.63894128000001 ], [ -48.68480081, -13.59693808 ], [ -48.64789523, -13.58097759 ], [ -48.62593504, -13.53621231 ], [ -48.58624601, -13.50902812 ], [ -48.56927407, -13.45801088 ], [ -48.53964404, -13.44980673 ] ] ] } },
{ "type": "Feature", "properties": { "code_amc": 16153, "idade_amc": 20.714285714300001, "n_pixels": 7.0, "n_munis": 1.0, "mesorregiao": "Centro Goiano" }, "geometry": { "type": "Polygon", "coordinates": [ [ [ -50.77076052, -16.51000539 ], [ -50.75476575, -16.45689531 ], [ -50.70668852, -16.443351590000013 ], [ -50.70379379, -16.41627716 ], [ -50.67649609, -16.40656777 ], [ -50.6818783, -16.45004379 ], [ -50.65685005, -16.44984623 ], [ -50.6429864, -16.50813674 ], [ -50.62562776, -16.51242066 ], [ -50.62348866, -16.49361801 ], [ -50.60815249, -16.50938796 ], [ -50.61290466, -16.49688134 ], [ -50.59860036, -16.49259283 ], [ -50.59443498, -16.51433446 ], [ -50.61678624, -16.58930607 ], [ -50.70243639, -16.620330740000011 ], [ -50.73876794, -16.5836515 ], [ -50.77851597, -16.5914258 ], [ -50.80168713, -16.57643033 ], [ -50.79774075, -16.53562078 ], [ -50.81787569, -16.51051501 ], [ -50.85337933, -16.5069636 ], [ -50.86159678, -16.49129963 ], [ -50.87557618, -16.52312515 ], [ -50.91776663, -16.52693 ], [ -50.96893957, -16.5018069 ], [ -50.9807458, -16.46779496 ], [ -50.96360209, -16.41863621 ], [ -50.92982556, -16.39621384 ], [ -50.8575698, -16.44135571 ], [ -50.83729255, -16.4778211 ], [ -50.82999106, -16.47024195 ], [ -50.77076052, -16.51000539 ] ] ] } },
{ "type": "Feature", "properties": { "code_amc": 16154, "idade_amc": 16.058823529400001, "n_pixels": 17.0, "n_munis": 1.0, "mesorregiao": "Norte Goiano" }, "geometry": { "type": "Polygon", "coordinates": [ [ [ -46.80278428, -13.08598823 ], [ -46.71650498, -13.10441396 ], [ -46.67261968, -13.060665 ], [ -46.62305943, -13.06482128 ], [ -46.60555756, -13.043158560000013 ], [ -46.5030016, -13.00477393 ], [ -46.46244694, -13.013745810000012 ], [ -46.44859032, -13.03871041 ], [ -46.45308278, -13.06589096 ], [ -46.50628048, -13.09712874 ], [ -46.530754450000011, -13.154006340000011 ], [ -46.59019662, -13.21378045 ], [ -46.68317757, -13.24365264 ], [ -46.67748384, -13.28368309 ], [ -46.70236449, -13.29670548 ], [ -46.70895275, -13.32447043 ], [ -46.699059, -13.36891141 ], [ -46.73339142, -13.38630654 ], [ -46.7695115, -13.44632055 ], [ -46.76300589, -13.48218749000001 ], [ -46.78481221, -13.50812067 ], [ -46.77239049, -13.54019381 ], [ -46.7887004, -13.5509654 ], [ -46.79198378, -13.59008045 ], [ -46.84020589, -13.590738610000011 ], [ -46.84839332, -13.61504496 ], [ -46.90511705, -13.58664872 ], [ -46.92794965, -13.59102481 ], [ -46.95238178, -13.5595865 ], [ -46.97994731, -13.56041485 ], [ -47.05425396, -13.52289259 ], [ -47.08345352, -13.48561627 ], [ -47.06681697, -13.44746332 ], [ -47.10126335, -13.4327938 ], [ -47.1253661, -13.439813790000011 ], [ -47.15109178, -13.4106746 ], [ -47.19780397, -13.452104450000014 ], [ -47.2608365, -13.44852386 ], [ -47.3297851, -13.38002218 ], [ -47.32867853, -13.35926594 ], [ -47.35251296, -13.34678043 ], [ -47.34767719, -13.31641193 ], [ -47.39240927, -13.2623516 ], [ -47.3731027, -13.228555040000016 ], [ -47.35242402, -13.24883473 ], [ -47.294538, -13.248929860000013 ], [ -47.28215127, -13.26490908 ], [ -47.2282277, -13.19432328 ], [ -47.18284975, -13.188105960000012 ], [ -47.17979218, -13.207122730000014 ], [ -47.13778891, -13.204623500000011 ], [ -47.132593, -13.17850001 ], [ -47.08734725, -13.18242112 ], [ -47.0808448, -13.16196034 ], [ -47.01939237, -13.14578055 ], [ -47.00114417, -13.12137787 ], [ -46.9788723, -13.1315756 ], [ -46.8790387, -13.04883311 ], [ -46.86884201, -13.06851664 ], [ -46.8216134, -13.0580719 ], [ -46.80278428, -13.08598823 ] ] ] } },
{ "type": "Feature", "properties": { "code_amc": 16155, "idade_amc": 15.115444617800001, "n_pixels": 641.0, "n_munis": 1.0, "mesorregiao": "Noroeste Goiano" }, "geometry": { "type": "Polygon", "coordinates": [ [ [ -51.87927265, -15.8162332 ], [ -51.80380653000001, -15.724903140000011 ], [ -51.75563955, -15.6278022 ], [ -51.77560799, -15.53580851 ], [ -51.76185627, -15.53164161 ], [ -51.7516924, -15.55511159 ], [ -51.72771637, -15.55079017 ], [ -51.7354652, -15.51086743 ], [ -51.69878779, -15.48496194 ], [ -51.64799281, -15.507437550000015 ], [ -51.63449207, -15.53559536 ], [ -51.65100064, -15.56132378 ], [ -51.63261825, -15.561862270000011 ], [ -51.61391362, -15.587159830000012 ], [ -51.59588, -15.57650566 ], [ -51.59063058, -15.60535691 ], [ -51.57949453, -15.6006455 ], [ -51.57860789, -15.648244650000011 ], [ -51.56255208, -15.65177281000001 ], [ -51.55849827, -15.68145279 ], [ -51.57610399, -15.68647046 ], [ -51.57472533, -15.7043619 ], [ -51.52780576, -15.725755560000012 ], [ -51.54636015, -15.75412997 ], [ -51.53754886, -15.78041858 ], [ -51.52813704, -15.77072412 ], [ -51.52094162, -15.78229796 ], [ -51.53243623, -15.81199298 ], [ -51.48478312, -15.81757696 ], [ -51.46294069, -15.85355246 ], [ -51.42860504, -15.847423600000013 ], [ -51.43238707, -15.877447 ], [ -51.39558409, -15.910364 ], [ -51.38201925, -15.90043549 ], [ -51.37243768, -15.93560731 ], [ -51.33135364, -15.92539865 ], [ -51.26693496, -15.97443814 ], [ -51.23880039, -15.96325496 ], [ -51.23566161, -15.9943897 ], [ -51.2066549, -16.00360973 ], [ -51.21746978, -16.02683828000001 ], [ -51.20179153, -16.06806582 ], [ -51.22715462, -16.09208152 ], [ -51.22649678, -16.13065199 ], [ -51.25665911, -16.18419223 ], [ -51.27893782, -16.165571650000015 ], [ -51.30452457, -16.21097883 ], [ -51.32033241, -16.19496031 ], [ -51.36115942, -16.21073047 ], [ -51.3784959, -16.18788587 ], [ -51.43351817, -16.20713972 ], [ -51.4437414, -16.18027156 ], [ -51.42305447, -16.16595432 ], [ -51.47513202, -16.11055851 ], [ -51.51046092, -16.14921345 ], [ -51.54144105, -16.14003659 ], [ -51.54846352, -16.17419885 ], [ -51.56988844, -16.167896880000011 ], [ -51.60671707, -16.18796289 ], [ -51.63164097, -16.17932086 ], [ -51.64276013, -16.13886446 ], [ -51.70116788, -16.11082251 ], [ -51.72063309, -16.08038641 ], [ -51.75819251, -16.08747665 ], [ -51.79810377, -16.02981401 ], [ -51.82449769, -16.03233276 ], [ -51.82772063, -15.99070602 ], [ -51.86022117, -15.97089971 ], [ -51.85219454, -15.944519430000014 ], [ -51.83980652, -15.940626030000011 ], [ -51.84047749, -15.95699488 ], [ -51.8213313, -15.92319323 ], [ -51.86305232, -15.91441511 ], [ -51.83030121, -15.86701368 ], [ -51.84305011, -15.85200338 ], [ -51.86636398, -15.859657080000011 ], [ -51.87632753, -15.84053656 ], [ -51.86377415, -15.82013745000001 ], [ -51.87544633, -15.82865134 ], [ -51.87927265, -15.8162332 ] ] ] } },
{ "type": "Feature", "properties": { "code_amc": 16156, "idade_amc": 12.3136915078, "n_pixels": 577.0, "n_munis": 1.0, "mesorregiao": "Sul Goiano" }, "geometry": { "type": "Polygon", "coordinates": [ [ [ -49.32412944, -17.59117351 ], [ -49.31872535, -17.5708008 ], [ -49.30189151, -17.56777732 ], [ -49.30195241, -17.50702002 ], [ -49.25655985, -17.51932355 ], [ -49.22664017, -17.50602146000001 ], [ -49.15677627, -17.54533681 ], [ -49.12733771, -17.53015657 ], [ -49.09836205, -17.545291100000014 ], [ -49.07655837, -17.52243921 ], [ -49.02491457, -17.558203410000012 ], [ -48.94905597, -17.579599170000012 ], [ -48.89302662, -17.63424998 ], [ -48.88397256, -17.66743781000001 ], [ -48.85019214, -17.68052965 ], [ -48.83491727, -17.73906313 ], [ -48.84649648, -17.74513988 ], [ -48.81558281, -17.81275218 ], [ -48.84941485, -17.85483583 ], [ -48.83155671, -17.85880576 ], [ -48.85356005, -17.88881711 ], [ -48.83405581, -17.93533253 ], [ -48.86480953, -17.99178205 ], [ -48.86233575, -18.04504847 ], [ -48.89010649, -18.09221246 ], [ -48.91616583, -18.0907993 ], [ -48.92266752, -18.05871686 ], [ -48.94299683, -18.05418568 ], [ -48.93055739, -18.02114904 ], [ -48.94972742, -18.01939683 ], [ -48.96088534, -17.98592875 ], [ -49.037138400000011, -17.974709310000012 ], [ -49.05552748, -17.94991879 ], [ -49.08558788, -17.95560758 ], [ -49.11431153, -17.98382278 ], [ -49.15322501, -17.96959936 ], [ -49.17475924, -17.989059630000014 ], [ -49.28920242, -17.94627694 ], [ -49.36211476, -17.960892250000011 ], [ -49.39569658, -17.9159063 ], [ -49.43531585, -17.91727351 ], [ -49.455029949999989, -17.89495066 ], [ -49.45922843, -17.86872150000001 ], [ -49.43784067, -17.82517149 ], [ -49.45470523, -17.78689201 ], [ -49.42403748, -17.7874394 ], [ -49.44195484, -17.77733036 ], [ -49.42381472, -17.7547758 ], [ -49.45803793, -17.7464122 ], [ -49.43266813, -17.73850718 ], [ -49.44200614, -17.71050473 ], [ -49.42006273, -17.71276343000001 ], [ -49.40517406, -17.62860493 ], [ -49.34869798, -17.58375877 ], [ -49.32412944, -17.59117351 ] ] ] } },
{ "type": "Feature", "properties": { "code_amc": 16157, "idade_amc": 17.812499999989061, "n_pixels": 64.0, "n_munis": 2.0, "mesorregiao": "Centro Goiano" }, "geometry": { "type": "Polygon", "coordinates": [ [ [ -49.89656215, -15.32634275 ], [ -49.89755643, -15.371169020000011 ], [ -49.9382276, -15.35844733 ], [ -50.01339219, -15.37310513 ], [ -50.01719788, -15.35908529 ], [ -50.04484041, -15.35832367 ], [ -50.11393038, -15.37097453 ], [ -50.13950869, -15.40040103 ], [ -50.1237291, -15.366471 ], [ -50.13184413, -15.33802787 ], [ -50.10228392, -15.31541655 ], [ -50.10603922, -15.28606802 ], [ -50.08067163, -15.23759592 ], [ -50.039047429999989, -15.19745245 ], [ -50.05559309, -15.18301542 ], [ -50.03570126, -15.14571453 ], [ -50.05489376, -15.1244199 ], [ -50.04898454, -15.10995074 ], [ -50.00006697, -15.08098266 ], [ -49.92153384, -15.09440229000001 ], [ -49.76444827, -15.07097182 ], [ -49.75242488, -15.085780770000017 ], [ -49.7049511, -15.06260264 ], [ -49.68695464, -15.08085174 ], [ -49.66733744, -15.068297300000014 ], [ -49.77381054, -15.23560398 ], [ -49.74667999, -15.24019511 ], [ -49.7489791, -15.27040124 ], [ -49.77149618, -15.28849959 ], [ -49.7899818, -15.28087494 ], [ -49.8606438, -15.33230092 ], [ -49.89656215, -15.32634275 ] ] ] } },
{ "type": "Feature", "properties": { "code_amc": 16158, "idade_amc": 22.408163265300001, "n_pixels": 98.0, "n_munis": 1.0, "mesorregiao": "Noroeste Goiano" }, "geometry": { "type": "Polygon", "coordinates": [ [ [ -50.50531835, -15.05726916 ], [ -50.55126915, -15.04306431 ], [ -50.59392734, -14.99064656 ], [ -50.64626687, -14.98347678 ], [ -50.67726318, -14.95916518 ], [ -50.76179077, -14.95860990000001 ], [ -50.79742728, -14.92662774 ], [ -50.80235184, -14.85576027 ], [ -50.82886585, -14.82167719 ], [ -50.83443216, -14.71164957 ], [ -50.85695928, -14.67389234 ], [ -50.87987951, -14.666338180000011 ], [ -50.84026075, -14.62627595 ], [ -50.84520574, -14.60964312 ], [ -50.78248377, -14.62880877 ], [ -50.78346483, -14.68164892 ], [ -50.718451, -14.72058103 ], [ -50.68959552, -14.6993964 ], [ -50.664929549999989, -14.70508912 ], [ -50.64009866, -14.67151024 ], [ -50.58776706, -14.67650614 ], [ -50.55190707, -14.61185251 ], [ -50.54482179, -14.64161023 ], [ -50.51947196, -14.64928113 ], [ -50.50987783, -14.67790632 ], [ -50.4863469, -14.69143856 ], [ -50.50317585, -14.71981104 ], [ -50.46901293, -14.73221628 ], [ -50.44607344, -14.72367875 ], [ -50.4153903, -14.79790548 ], [ -50.38693194, -14.79132798 ], [ -50.38001689, -14.81248736 ], [ -50.35709354, -14.812001260000011 ], [ -50.34009846, -14.83601148 ], [ -50.35073514, -14.85156133 ], [ -50.30320647, -14.8976896 ], [ -50.31453574, -14.94386548 ], [ -50.40328852, -15.02551538 ], [ -50.50531835, -15.05726916 ] ] ] } },
{ "type": "Feature", "properties": { "code_amc": 16159, "idade_amc": 19.4, "n_pixels": 25.0, "n_munis": 1.0, "mesorregiao": "Norte Goiano" }, "geometry": { "type": "Polygon", "coordinates": [ [ [ -49.17602411, -13.71754223 ], [ -49.18247085, -13.76826312 ], [ -49.15908177, -13.78203169 ], [ -49.15941056, -13.83407546 ], [ -49.13936012, -13.86144867 ], [ -49.33413598, -13.87012287 ], [ -49.29497234, -13.7876989 ], [ -49.33108084, -13.76494409 ], [ -49.39924102, -13.79175631 ], [ -49.4114163, -13.81876903 ], [ -49.45800161, -13.81176615 ], [ -49.52099995, -13.83623096 ], [ -49.56347982, -13.78214475 ], [ -49.59183707, -13.77870544 ], [ -49.55105624, -13.76510849 ], [ -49.53708792, -13.71317564 ], [ -49.52575373, -13.71988421 ], [ -49.52149666, -13.7024905 ], [ -49.45253357, -13.66632508 ], [ -49.432500330000011, -13.66434646 ], [ -49.35766551, -13.71089073 ], [ -49.30847399, -13.69648911 ], [ -49.35763793, -13.56455114 ], [ -49.3342747, -13.57462586 ], [ -49.26633696, -13.56411212 ], [ -49.24086278, -13.592215520000012 ], [ -49.14899778, -13.58484351 ], [ -49.12157628, -13.55744235 ], [ -49.07655608, -13.55560003 ], [ -49.08624653, -13.60447764 ], [ -49.11969663, -13.61936811 ], [ -49.10891218, -13.666774720000014 ], [ -49.17602411, -13.71754223 ] ] ] } },
{ "type": "Feature", "properties": { "code_amc": 16160, "idade_amc": 17.106194690300001, "n_pixels": 113.0, "n_munis": 1.0, "mesorregiao": "Centro Goiano" }, "geometry": { "type": "Polygon", "coordinates": [ [ [ -49.75091939, -16.652712690000012 ], [ -49.77681972, -16.6384737 ], [ -49.88656455, -16.64014875 ], [ -49.9106717, -16.61444701 ], [ -49.92492033, -16.62951336 ], [ -49.97279228, -16.59019912 ], [ -50.00669261, -16.62058465 ], [ -49.98340327, -16.56971189 ], [ -49.91490182, -16.53042756 ], [ -49.8005495, -16.51792681 ], [ -49.76650886, -16.56883279 ], [ -49.73092563, -16.57969193 ], [ -49.72836989, -16.634220280000012 ], [ -49.75091939, -16.652712690000012 ] ] ] } },
{ "type": "Feature", "properties": { "code_amc": 16161, "idade_amc": 14.6315789474, "n_pixels": 19.0, "n_munis": 1.0, "mesorregiao": "Centro Goiano" }, "geometry": { "type": "Polygon", "coordinates": [ [ [ -49.23058999, -16.32102134 ], [ -49.10911581, -16.43169334 ], [ -49.12322773, -16.50835887 ], [ -49.17669186, -16.53843571 ], [ -49.19650564, -16.50436458 ], [ -49.1765534, -16.46519038 ], [ -49.21497135, -16.453670230000011 ], [ -49.28061216, -16.39911338 ], [ -49.25792307, -16.40265274 ], [ -49.26038999, -16.33513299 ], [ -49.23058999, -16.32102134 ] ] ] } },
{ "type": "Feature", "properties": { "code_amc": 16162, "idade_amc": 21.727272727300001, "n_pixels": 11.0, "n_munis": 1.0, "mesorregiao": "Centro Goiano" }, "geometry": { "type": "Polygon", "coordinates": [ [ [ -50.05489376, -15.1244199 ], [ -50.04565277, -15.05924724 ], [ -49.98778895, -15.01480968 ], [ -49.96933845, -15.02020185 ], [ -49.96595169, -14.99998642 ], [ -49.92478217, -14.97052192 ], [ -49.85970038, -14.98188853 ], [ -49.83708545, -15.00388557 ], [ -49.85413839, -15.04228122 ], [ -49.82634317, -15.08801675 ], [ -49.92153384, -15.09440229000001 ], [ -50.00006697, -15.08098266 ], [ -50.05489376, -15.1244199 ] ] ] } },
{ "type": "Feature", "properties": { "code_amc": 16163, "idade_amc": 25.0, "n_pixels": 6.0, "n_munis": 1.0, "mesorregiao": "Sul Goiano" }, "geometry": { "type": "Polygon", "coordinates": [ [ [ -48.29967753, -18.03618165 ], [ -48.32043567, -17.987504720000011 ], [ -48.31522012, -17.94358876 ], [ -48.28916458, -17.917836 ], [ -48.29691135, -17.95827133 ], [ -48.2593001, -17.99389223 ], [ -48.2117198, -17.99355224 ], [ -48.20196987, -18.01834808 ], [ -48.23455085, -18.03439205 ], [ -48.20860383, -18.06978084 ], [ -48.23605133, -18.082983240000011 ], [ -48.233102529999989, -18.12224433 ], [ -48.2623162, -18.12374192 ], [ -48.27508325, -18.14541321 ], [ -48.26729721, -18.22058141 ], [ -48.31973886, -18.24927932000001 ], [ -48.33390853, -18.20182798 ], [ -48.39877482, -18.127157750000016 ], [ -48.29967753, -18.03618165 ] ] ] } },
{ "type": "Feature", "properties": { "code_amc": 16164, "idade_amc": 12.75, "n_pixels": 64.0, "n_munis": 1.0, "mesorregiao": "Norte Goiano" }, "geometry": { "type": "Polygon", "coordinates": [ [ [ -46.86672111, -13.88078058 ], [ -46.83717192, -13.91167624 ], [ -46.85095489, -13.98644073 ], [ -46.8264776, -14.0280639 ], [ -46.83961127, -14.04647668 ], [ -46.87558581, -14.03338359 ], [ -46.88909383, -14.07056752 ], [ -46.92278083, -14.07695591 ], [ -46.93803747, -14.10300003 ], [ -46.99348301, -14.09226662 ], [ -46.98836229, -14.04833786 ], [ -47.04050532, -14.03106619 ], [ -47.11029228, -14.09761547 ], [ -47.12703666, -14.08812064 ], [ -47.14956372, -14.01880616 ], [ -47.20003493, -13.96423858 ], [ -47.17620099, -13.95368436 ], [ -47.17189717, -13.91412578 ], [ -47.19815158, -13.86129878 ], [ -47.19423191, -13.72287017 ], [ -47.14870631, -13.67783381 ], [ -47.1615369, -13.63165042 ], [ -47.13794577, -13.5666591 ], [ -47.14336274, -13.51042273 ], [ -47.12676155, -13.43918256 ], [ -47.06681697, -13.44746332 ], [ -47.08345352, -13.48561627 ], [ -47.05425396, -13.52289259 ], [ -46.97994731, -13.56041485 ], [ -46.95238178, -13.5595865 ], [ -46.92794965, -13.59102481 ], [ -46.86608291, -13.60362665000001 ], [ -46.85056433, -13.63327819 ], [ -46.79631633, -13.658397400000011 ], [ -46.80945028, -13.67676331 ], [ -46.78464336, -13.72061923 ], [ -46.81081473, -13.72529891 ], [ -46.83759193, -13.76453058 ], [ -46.81716964000001, -13.79596346 ], [ -46.85181052, -13.82882444 ], [ -46.825503, -13.847963020000011 ], [ -46.86672111, -13.88078058 ] ] ] } },
{ "type": "Feature", "properties": { "code_amc": 16165, "idade_amc": 10.75, "n_pixels": 4.0, "n_munis": 1.0, "mesorregiao": "Centro Goiano" }, "geometry": { "type": "Polygon", "coordinates": [ [ [ -49.31276641, -16.31244945 ], [ -49.23058999, -16.32102134 ], [ -49.26183493, -16.33654574 ], [ -49.25792307, -16.40265274 ], [ -49.28061216, -16.39911338 ], [ -49.29675776, -16.44334306 ], [ -49.33922634, -16.38789962 ], [ -49.36792584, -16.3768527 ], [ -49.36522433, -16.33394357 ], [ -49.33547613, -16.29442811 ], [ -49.34533856, -16.27035926 ], [ -49.3176953, -16.28216962 ], [ -49.31276641, -16.31244945 ] ] ] } },
{ "type": "Feature", "properties": { "code_amc": 16166, "idade_amc": 15.888888888900002, "n_pixels": 9.0, "n_munis": 1.0, "mesorregiao": "Centro Goiano" }, "geometry": { "type": "Polygon", "coordinates": [ [ [ -50.58487963, -16.03822873 ], [ -50.50623475, -16.00831401 ], [ -50.51415381, -16.03317594 ], [ -50.48962121, -16.04070717 ], [ -50.47520942, -16.10796706 ], [ -50.49046078, -16.14796815 ], [ -50.59493388, -16.23395564 ], [ -50.59582215, -16.19970649 ], [ -50.61640887, -16.17833375 ], [ -50.60548444, -16.14882381 ], [ -50.63088023, -16.15719471000001 ], [ -50.65132029, -16.10895612 ], [ -50.81051591, -16.088438090000011 ], [ -50.82238365, -16.06930933 ], [ -50.79657478, -15.99748264000001 ], [ -50.78265209, -15.99336639 ], [ -50.79414642, -15.94352172 ], [ -50.74648497, -15.92274293 ], [ -50.72349258, -15.87711005 ], [ -50.68412581, -15.90988462 ], [ -50.68343165, -15.952116840000011 ], [ -50.62220844, -15.96252782 ], [ -50.58487963, -16.03822873 ] ] ] } },
{ "type": "Feature", "properties": { "code_amc": 16167, "idade_amc": 20.287833827923144, "n_pixels": 337.0, "n_munis": 2.0, "mesorregiao": "Noroeste Goiano" }, "geometry": { "type": "Polygon", "coordinates": [ [ [ -49.97917706, -12.93935822 ], [ -49.36952927, -13.27461945 ], [ -49.45484999, -13.24624331 ], [ -49.57928007, -13.28744838 ], [ -49.62439254, -13.3537278 ], [ -49.64827637, -13.35218081 ], [ -49.69883673, -13.40923957 ], [ -49.76560976, -13.42817654 ], [ -49.80091703, -13.46193048 ], [ -49.82245138, -13.45283095 ], [ -49.8492835, -13.49603511 ], [ -49.87477965, -13.50567262 ], [ -49.88567543, -13.49328027 ], [ -49.91398007, -13.50780195 ], [ -50.00042292, -13.48663536 ], [ -50.0594583, -13.524520320000013 ], [ -50.11900912, -13.50856445 ], [ -50.14275844, -13.53696661 ], [ -50.16128306, -13.53110702 ], [ -50.16814847, -13.553422650000011 ], [ -50.20479808, -13.53501146 ], [ -50.25136313, -13.55683659 ], [ -50.27406669, -13.53550648 ], [ -50.37421708, -13.56012151 ], [ -50.3829236, -13.57745903 ], [ -50.41484219, -13.54360485 ], [ -50.47385976, -13.56420019 ], [ -50.54198546, -13.50636531 ], [ -50.51831989, -13.46424179000001 ], [ -50.54126007, -13.46045104 ], [ -50.57270242, -13.40647232000001 ], [ -50.59414439, -13.40420722 ], [ -50.57545325, -13.38880292 ], [ -50.61184465, -13.3403852 ], [ -50.58453485, -13.21529392 ], [ -50.60339282, -13.19687165 ], [ -50.59028846, -13.10963224 ], [ -50.61170512, -13.06435616 ], [ -50.56917622, -13.03912883 ], [ -50.59300782, -13.002855970000011 ], [ -50.55682286, -13.00246074 ], [ -50.52593151, -12.97641886 ], [ -50.50187101, -12.88269489 ], [ -50.5110665, -12.860768 ], [ -50.48484151000001, -12.81196065 ], [ -50.49387459, -12.78565706 ], [ -50.468535, -12.75539795 ], [ -50.48601373, -12.74857017 ], [ -50.46622913, -12.73148689 ], [ -50.47806619, -12.70995015 ], [ -50.4353761, -12.6943109 ], [ -50.42795325, -12.65296545 ], [ -50.44087073, -12.65327159 ], [ -50.41334301, -12.65014011 ], [ -50.41865104, -12.6246014 ], [ -50.39108882, -12.61169061 ], [ -50.39881498, -12.60216515 ], [ -50.36650887, -12.57144546000001 ], [ -50.36592694, -12.54606616 ], [ -50.33128555, -12.53548618 ], [ -50.33024553, -12.51502598 ], [ -50.31414463, -12.52153889 ], [ -50.32514953, -12.50790277 ], [ -50.30784244, -12.49437562 ], [ -50.18520247, -12.43263143 ], [ -50.19436743, -12.41224652 ], [ -50.17509404, -12.4237296 ], [ -50.17142122, -12.4069536 ], [ -50.14267767, -12.3959298 ], [ -50.21767486, -12.48889685000001 ], [ -50.22939546, -12.53390267 ], [ -50.19317531, -12.56430807 ], [ -50.22722881, -12.58651509 ], [ -50.23820695, -12.57958726 ], [ -50.23697973, -12.624029720000012 ], [ -50.26242545, -12.63771273 ], [ -50.26682146, -12.68245073 ], [ -50.30010898, -12.68089069 ], [ -50.28423395, -12.71818345 ], [ -50.30226009, -12.74570377 ], [ -50.30717458, -12.81962929 ], [ -50.29265159, -12.83991645 ], [ -50.23154206, -12.85415361 ], [ -50.22512177, -12.87429756 ], [ -50.18342729, -12.89676903 ], [ -50.07889589, -12.90593732 ], [ -50.04446004, -12.93349005 ], [ -49.97917706, -12.93935822 ] ] ] } },
{ "type": "Feature", "properties": { "code_amc": 16168, "idade_amc": 13.0545851528, "n_pixels": 458.0, "n_munis": 1.0, "mesorregiao": "Sul Goiano" }, "geometry": { "type": "Polygon", "coordinates": [ [ [ -48.36666354, -16.910578060000017 ], [ -48.30227483, -16.80926067 ], [ -48.26007452, -16.79036506 ], [ -48.25982715, -16.73875137 ], [ -48.15207697, -16.73205433 ], [ -48.10521691, -16.74831321 ], [ -48.07613036, -16.80024906 ], [ -48.08884649, -16.85757917 ], [ -48.07935203, -16.92874639 ], [ -48.01594641, -16.92926284 ], [ -47.9190419, -17.00537785 ], [ -47.99260626, -17.08901164 ], [ -48.0022975, -17.14511373 ], [ -48.03152505, -17.19331841 ], [ -48.05865437, -17.19747838 ], [ -48.05457571, -17.21299026 ], [ -48.070433, -17.20891261 ], [ -48.08504253, -17.24746398000001 ], [ -48.12157795, -17.27833922 ], [ -48.19718709, -17.30984073 ], [ -48.20910833, -17.28742901 ], [ -48.18799752, -17.2735945 ], [ -48.21621003, -17.24661962 ], [ -48.23768715, -17.1867014 ], [ -48.33016118, -17.15151326 ], [ -48.48921711, -17.00356751 ], [ -48.45505139, -16.93322805 ], [ -48.41735763, -16.93604023 ], [ -48.36666354, -16.910578060000017 ] ] ] } },
{ "type": "Feature", "properties": { "code_amc": 16169, "idade_amc": 15.714285714300001, "n_pixels": 7.0, "n_munis": 1.0, "mesorregiao": "Centro Goiano" }, "geometry": { "type": "Polygon", "coordinates": [ [ [ -49.21571898, -16.18984197 ], [ -49.19221141, -16.14400283 ], [ -49.14403072, -16.23233634000001 ], [ -49.18019619, -16.26242951 ], [ -49.16707245, -16.31605845 ], [ -49.19458538, -16.34719144 ], [ -49.23058999, -16.32102134 ], [ -49.30794528, -16.311186630000012 ], [ -49.27594907, -16.26646619 ], [ -49.28939594, -16.2316653 ], [ -49.31321125, -16.2307476 ], [ -49.27278196, -16.21974535 ], [ -49.26050451, -16.19725182 ], [ -49.25303076, -16.21010282000001 ], [ -49.21571898, -16.18984197 ] ] ] } },
{ "type": "Feature", "properties": { "code_amc": 16170, "idade_amc": 11.907407407399999, "n_pixels": 54.0, "n_munis": 1.0, "mesorregiao": "Sul Goiano" }, "geometry": { "type": "Polygon", "coordinates": [ [ [ -47.77929948, -18.12116869 ], [ -47.69129668, -18.13316619 ], [ -47.6778714, -18.154023 ], [ -47.68837593, -18.17113105000001 ], [ -47.66501699, -18.15866201 ], [ -47.6514037, -18.18585198 ], [ -47.64007154, -18.17286608 ], [ -47.65256781, -18.21705282000001 ], [ -47.62938214, -18.21033678 ], [ -47.63676805, -18.23942034 ], [ -47.60231851, -18.256286720000013 ], [ -47.62087287, -18.25310094 ], [ -47.61901987, -18.27171111 ], [ -47.63877003, -18.28767813 ], [ -47.61126221, -18.31539016 ], [ -47.77182655, -18.285265440000014 ], [ -47.87805226, -18.28385085 ], [ -47.87670707, -18.22416928 ], [ -47.84079808, -18.15632179 ], [ -47.77929948, -18.12116869 ] ] ] } },
{ "type": "Feature", "properties": { "code_amc": 16171, "idade_amc": 17.554621848699998, "n_pixels": 476.0, "n_munis": 1.0, "mesorregiao": "Leste Goiano" }, "geometry": { "type": "Polygon", "coordinates": [ [ [ -48.56182875, -15.24074151000001 ], [ -48.6187501, -15.17183583 ], [ -48.6087205, -15.15337532 ], [ -48.54266502, -15.17411177 ], [ -48.49958166, -15.15225562 ], [ -48.48910857, -15.11752522 ], [ -48.42440742, -15.08649287 ], [ -48.40641173, -15.1056465 ], [ -48.36510614, -15.08981275 ], [ -48.3231316, -15.11278077 ], [ -48.30446353, -15.09682385 ], [ -48.23690408, -15.12819137 ], [ -48.21605317, -15.11330897 ], [ -48.1640701, -15.1461432 ], [ -48.12110143, -15.1398886 ], [ -48.08216054, -15.19591073 ], [ -48.01621483, -15.21017048 ], [ -47.99671558, -15.27276402 ], [ -47.97213723, -15.28160805 ], [ -47.96837556, -15.32944638 ], [ -47.92399107, -15.36074571 ], [ -47.95496497, -15.44098739 ], [ -48.0425453, -15.46434978 ], [ -48.05328003, -15.50025543 ], [ -48.20054439, -15.50025515000001 ], [ -48.19903073, -15.62198322 ], [ -48.22577268, -15.63036707 ], [ -48.23468396, -15.65904354 ], [ -48.30913146000001, -15.62168055 ], [ -48.35073875, -15.63653851000001 ], [ -48.38468659, -15.61137771 ], [ -48.39319232, -15.64323006 ], [ -48.41260456, -15.65391987 ], [ -48.47910356, -15.6193758 ], [ -48.54677717, -15.606240880000012 ], [ -48.54624552, -15.58292239 ], [ -48.59835511, -15.53408193 ], [ -48.58157223, -15.48159903 ], [ -48.55458094, -15.45546234 ], [ -48.57130252, -15.43682723 ], [ -48.56539047, -15.3870301 ], [ -48.59274715, -15.36425268 ], [ -48.57327362, -15.35647131 ], [ -48.59507847, -15.28898092 ], [ -48.57490806, -15.27985174 ], [ -48.5845513, -15.26915508 ], [ -48.56182875, -15.24074151000001 ] ] ] } },
{ "type": "Feature", "properties": { "code_amc": 16172, "idade_amc": 16.6, "n_pixels": 10.0, "n_munis": 1.0, "mesorregiao": "Sul Goiano" }, "geometry": { "type": "Polygon", "coordinates": [ [ [ -48.43624566, -17.33466891 ], [ -48.4058523, -17.28236815 ], [ -48.42698868, -17.26006292000001 ], [ -48.4044103, -17.23894487 ], [ -48.3740781, -17.27435339 ], [ -48.38110249, -17.30286446 ], [ -48.36668742, -17.33489911 ], [ -48.38475004, -17.37621878 ], [ -48.39225122, -17.34665673 ], [ -48.43624566, -17.33466891 ] ] ] } },
{ "type": "Feature", "properties": { "code_amc": 16173, "idade_amc": 19.081300813, "n_pixels": 123.0, "n_munis": 1.0, "mesorregiao": "Sul Goiano" }, "geometry": { "type": "Polygon", "coordinates": [ [ [ -50.25329169, -16.73316241 ], [ -50.19423127, -16.68585346 ], [ -50.14998447, -16.67956603 ], [ -50.15875936, -16.719477940000012 ], [ -50.11059164000001, -16.79683069 ], [ -50.1013745, -16.89364892 ], [ -50.15543327, -16.913626 ], [ -50.14378773, -16.9239982 ], [ -50.15303609, -16.93917067 ], [ -50.26234288, -16.89300752 ], [ -50.27728853, -16.8995491 ], [ -50.30207001, -16.85822337 ], [ -50.30053534, -16.82411964 ], [ -50.26214541, -16.77973068 ], [ -50.25329169, -16.73316241 ] ] ] } },
{ "type": "Feature", "properties": { "code_amc": 16174, "idade_amc": 6.6835443037999998, "n_pixels": 158.0, "n_munis": 1.0, "mesorregiao": "Sul Goiano" }, "geometry": { "type": "Polygon", "coordinates": [ [ [ -49.34828474, -18.17774571 ], [ -49.2876707, -18.14386064000001 ], [ -49.25108565, -18.17778856000001 ], [ -49.23783998, -18.22127732 ], [ -49.28531094, -18.2279991 ], [ -49.40628426, -18.34059202 ], [ -49.41739219, -18.29009528000001 ], [ -49.47678422, -18.27207276 ], [ -49.50838559, -18.21428089 ], [ -49.54241844, -18.22381334 ], [ -49.54910292, -18.207391900000012 ], [ -49.54001038, -18.17611534 ], [ -49.51291944, -18.161471 ], [ -49.52547798, -18.156950160000015 ], [ -49.51106749, -18.14894384 ], [ -49.51183678, -18.11657995 ], [ -49.49209029, -18.11047674 ], [ -49.51223339, -18.093286490000011 ], [ -49.49795195, -18.07932073 ], [ -49.45756141, -18.09275199 ], [ -49.41319929, -18.13987334 ], [ -49.37439426, -18.13345054 ], [ -49.34828474, -18.17774571 ] ] ] } },
{ "type": "Feature", "properties": { "code_amc": 16175, "idade_amc": 16.666666666699999, "n_pixels": 291.0, "n_munis": 1.0, "mesorregiao": "Sul Goiano" }, "geometry": { "type": "Polygon", "coordinates": [ [ [ -50.67463037, -18.74652843 ], [ -50.56728384, -18.77032023 ], [ -50.59171307, -18.70876757 ], [ -50.54982071, -18.6141149 ], [ -50.52110367, -18.62110277 ], [ -50.52337437, -18.63796817 ], [ -50.48877787, -18.68019802 ], [ -50.42785074, -18.70162102 ], [ -50.42068435, -18.73535756 ], [ -50.35232364, -18.76029779 ], [ -50.37857489, -18.81464874 ], [ -50.42349267, -18.8326532 ], [ -50.44150308, -18.89078986 ], [ -50.47315218, -18.92142598 ], [ -50.50663178, -18.894391050000014 ], [ -50.60046641, -18.92519828 ], [ -50.67840435, -18.913094810000011 ], [ -50.68149106, -18.95861144 ], [ -50.70805393, -18.99684449 ], [ -50.83382267, -18.92296654 ], [ -50.81958039, -18.87081973 ], [ -50.8388798, -18.74434894 ], [ -50.78946579, -18.65735784000001 ], [ -50.68288102, -18.72377256 ], [ -50.67463037, -18.74652843 ] ] ] } },
{ "type": "Feature", "properties": { "code_amc": 16176, "idade_amc": 11.044943820205056, "n_pixels": 1424.0, "n_munis": 2.0, "mesorregiao": "Sul Goiano" }, "geometry": { "type": "Polygon", "coordinates": [ [ [ -51.05685296, -16.86037746 ], [ -51.00796127, -16.84786357 ], [ -50.97118358, -16.7935562 ], [ -50.92415418, -16.78349072 ], [ -50.84926902, -16.72694597 ], [ -50.8189126, -16.67101041 ], [ -50.81837417, -16.721843570000011 ], [ -50.79040599, -16.7964941 ], [ -50.7996165, -16.82347612 ], [ -50.70540179, -16.809552430000011 ], [ -50.65137998, -16.83976626 ], [ -50.57617663, -16.84793969 ], [ -50.53601379, -16.81367525 ], [ -50.4491817, -16.79715694 ], [ -50.40604344, -16.71909101 ], [ -50.35872174, -16.70022059 ], [ -50.35743054000001, -16.7439311 ], [ -50.285104509999989, -16.76688995 ], [ -50.28071469, -16.8042709 ], [ -50.29984962, -16.8223691 ], [ -50.30226601, -16.85731494 ], [ -50.28412143, -16.87690881 ], [ -50.27634983, -16.97162684 ], [ -50.2955421, -16.99320836 ], [ -50.28621178, -17.04710540000001 ], [ -50.30845637, -17.06739528 ], [ -50.28679503, -17.0781064 ], [ -50.29890434, -17.1047754 ], [ -50.27370611, -17.11433548 ], [ -50.29576029, -17.13765961 ], [ -50.27142763, -17.15544435 ], [ -50.29623766, -17.18181647 ], [ -50.23392512, -17.237841200000013 ], [ -50.22998511, -17.25950821 ], [ -50.24529841, -17.2712114 ], [ -50.2543439, -17.25221306 ], [ -50.27876471, -17.2491777 ], [ -50.35265331, -17.30251538 ], [ -50.39228605, -17.18902122 ], [ -50.45948326, -17.3310876 ], [ -50.51351225, -17.34599077 ], [ -50.50240535, -17.37495001 ], [ -50.52823443, -17.43046034 ], [ -50.55707541, -17.40413725 ], [ -50.58956858, -17.40971179 ], [ -50.60687759, -17.37717092 ], [ -50.63149343, -17.367642910000011 ], [ -50.63601431, -17.38638788 ], [ -50.65582549, -17.34767625000001 ], [ -50.67131634, -17.35755723 ], [ -50.67729292, -17.3301406 ], [ -50.69705067, -17.32031403 ], [ -50.69024087, -17.29809499 ], [ -50.71707413, -17.2993745 ], [ -50.73770784, -17.26662849 ], [ -50.72043761, -17.24831345 ], [ -50.75176725, -17.23184135 ], [ -50.77676499, -17.18946491 ], [ -50.79846204, -17.18029231 ], [ -50.82149022, -17.19214282 ], [ -50.83685904, -17.17251161 ], [ -50.90373991, -17.15457515 ], [ -50.90668277, -17.1221297 ], [ -51.05413293, -16.957242080000011 ], [ -51.05685296, -16.86037746 ] ] ] } },
{ "type": "Feature", "properties": { "code_amc": 16177, "idade_amc": 11.2941176471, "n_pixels": 34.0, "n_munis": 1.0, "mesorregiao": "Centro Goiano" }, "geometry": { "type": "Polygon", "coordinates": [ [ [ -49.38478271, -15.99741182 ], [ -49.27486571, -16.012230230000011 ], [ -49.25444607, -16.046930980000013 ], [ -49.22500135, -16.05637215 ], [ -49.21997003, -16.08106578 ], [ -49.17428056, -16.07918737 ], [ -49.15513492, -16.02664809 ], [ -49.13162621, -16.05250339 ], [ -49.18280476, -16.11241786 ], [ -49.16505512, -16.13756966 ], [ -49.19049243, -16.1411847 ], [ -49.21659588, -16.19137441 ], [ -49.25303076, -16.21010282000001 ], [ -49.26050451, -16.19725182 ], [ -49.27278196, -16.21974535 ], [ -49.31321125, -16.2307476 ], [ -49.34322621, -16.203616480000012 ], [ -49.40464159, -16.19499776 ], [ -49.4116731, -16.1741105 ], [ -49.44838654, -16.16787136 ], [ -49.45794891, -16.13785401 ], [ -49.44111691, -16.07444228 ], [ -49.38478271, -15.99741182 ] ] ] } },
{ "type": "Feature", "properties": { "code_amc": 16178, "idade_amc": 16.776913099917511, "n_pixels": 771.0, "n_munis": 2.0, "mesorregiao": "Sul Goiano" }, "geometry": { "type": "Polygon", "coordinates": [ [ [ -48.93874413, -17.08992947 ], [ -48.92269115, -17.022193810000012 ], [ -48.87963448, -17.01665234 ], [ -48.843972, -17.06447571 ], [ -48.80027661, -17.17774363 ], [ -48.80969533, -17.22399576 ], [ -48.78621598, -17.27484737 ], [ -48.80419173, -17.31575574 ], [ -48.79116587, -17.34548596 ], [ -48.80541873, -17.42350072000001 ], [ -48.75736318, -17.48091538 ], [ -48.71985812, -17.49328717 ], [ -48.70565981, -17.48333058 ], [ -48.70258623, -17.53618298 ], [ -48.72747276, -17.53514687 ], [ -48.76200197, -17.56984466 ], [ -48.80180912, -17.57373623 ], [ -48.90231085, -17.5299665 ], [ -48.92643787, -17.56642231 ], [ -48.92560724, -17.59952825 ], [ -49.07655837, -17.52243921 ], [ -49.09836205, -17.545291100000014 ], [ -49.12733771, -17.53015657 ], [ -49.15677627, -17.54533681 ], [ -49.22664017, -17.50602146000001 ], [ -49.25655985, -17.51932355 ], [ -49.2985329, -17.51177792 ], [ -49.27675713, -17.47200289 ], [ -49.30572971, -17.43442271 ], [ -49.28903334, -17.33797513 ], [ -49.30572554, -17.3128661 ], [ -49.26122145, -17.23788921 ], [ -49.26961185, -17.2161452 ], [ -49.25697865, -17.20001732 ], [ -49.27675373, -17.1596517 ], [ -49.32078453, -17.13114951 ], [ -49.23065503, -17.08256103 ], [ -49.19191923, -17.137295070000011 ], [ -49.17408019, -17.12073052 ], [ -49.1113039, -17.13598016000001 ], [ -49.12161751, -17.10496656 ], [ -49.10778136, -17.07879661 ], [ -49.05133896000001, -17.0527854 ], [ -48.98191981, -17.0927466 ], [ -48.93874413, -17.08992947 ] ] ] } },
{ "type": "Feature", "properties": { "code_amc": 16179, "idade_amc": 14.595652173897827, "n_pixels": 460.0, "n_munis": 2.0, "mesorregiao": "Leste Goiano" }, "geometry": { "type": "Polygon", "coordinates": [ [ [ -48.81138735, -15.51246339 ], [ -48.82952223, -15.544138130000018 ], [ -48.79233075, -15.55685951000001 ], [ -48.80529972, -15.571820550000011 ], [ -48.79566291, -15.59004809 ], [ -48.82722094, -15.62204983 ], [ -48.81049736, -15.63349953 ], [ -48.81013446, -15.66777424 ], [ -48.83463264, -15.72449599 ], [ -48.81644241, -15.74945701 ], [ -48.83411853, -15.79917899 ], [ -48.86213537, -15.805995370000014 ], [ -48.84360817, -15.83507962 ], [ -48.87102173, -15.84902467 ], [ -48.87317026, -15.876534780000014 ], [ -48.89922106, -15.88190179 ], [ -48.90216317, -15.94771845 ], [ -48.88841606, -15.95854731 ], [ -48.91322297, -16.00496933 ], [ -48.90266499, -16.05443967 ], [ -48.93986758, -16.13447208 ], [ -48.98105711, -16.12535377 ], [ -49.0198294, -16.14250899 ], [ -49.05844207, -16.12865087 ], [ -49.10627478, -16.14612667 ], [ -49.1479441, -16.1244622 ], [ -49.17271967, -16.13397228 ], [ -49.18280476, -16.11241786 ], [ -49.13162621, -16.05250339 ], [ -49.15513492, -16.02664809 ], [ -49.13234972, -15.99840603 ], [ -49.18077541, -15.95878041 ], [ -49.17460379, -15.94008843 ], [ -49.19888723, -15.92784207 ], [ -49.21734726, -15.85601549 ], [ -49.1286973, -15.62428383 ], [ -49.14944694, -15.61584059 ], [ -49.17028135, -15.62747014 ], [ -49.18847795, -15.60639734 ], [ -49.08903228, -15.53863697 ], [ -49.11980318, -15.52514461 ], [ -49.08263906, -15.512871 ], [ -49.09205119, -15.46901802 ], [ -49.06731046, -15.4471239 ], [ -49.08544402, -15.373319119999989 ], [ -49.06252324, -15.30760756 ], [ -49.00066373, -15.26525915 ], [ -48.92626638, -15.24984732 ], [ -48.9082814, -15.16394003 ], [ -48.85727689, -15.09537984 ], [ -48.84621899, -15.04535221 ], [ -48.80807625, -15.00512145 ], [ -48.80662295, -14.9511102 ], [ -48.75919313, -14.889764610000014 ], [ -48.76941158, -14.87847887 ], [ -48.75743874, -14.86168287 ], [ -48.73669202, -14.88272196 ], [ -48.74913921, -14.93927995 ], [ -48.68361048, -14.951909 ], [ -48.69644158, -14.98139711000001 ], [ -48.66818764, -14.98256126 ], [ -48.65002309, -14.958753740000011 ], [ -48.63485742, -14.99719594 ], [ -48.61833479, -14.98688732 ], [ -48.62055169, -15.00418835 ], [ -48.59889524, -15.00604274 ], [ -48.6566676, -15.04443561 ], [ -48.64474389, -15.08738451 ], [ -48.65427585, -15.10024239 ], [ -48.6305258, -15.110272030000012 ], [ -48.60841082, -15.154574340000011 ], [ -48.6187501, -15.17183583 ], [ -48.56182875, -15.24074151000001 ], [ -48.5845513, -15.26915508 ], [ -48.57490806, -15.27985174 ], [ -48.59507847, -15.28898092 ], [ -48.5735819, -15.35855923 ], [ -48.66180106, -15.36941601 ], [ -48.68975234, -15.39917291 ], [ -48.71180859, -15.38994404 ], [ -48.73119712, -15.46236522 ], [ -48.7480821, -15.47092811 ], [ -48.73983181, -15.49339733 ], [ -48.76666792, -15.48573089 ], [ -48.81138735, -15.51246339 ] ] ] } },
{ "type": "Feature", "properties": { "code_amc": 16180, "idade_amc": 15.485029940099999, "n_pixels": 167.0, "n_munis": 1.0, "mesorregiao": "Sul Goiano" }, "geometry": { "type": "Polygon", "coordinates": [ [ [ -48.37713146, -17.26522189 ], [ -48.45558061, -17.20094778 ], [ -48.60740977, -17.22099189 ], [ -48.55994614, -17.09853079 ], [ -48.48921711, -17.00356751 ], [ -48.33016118, -17.15151326 ], [ -48.23768715, -17.1867014 ], [ -48.21621003, -17.24661962 ], [ -48.18799752, -17.2735945 ], [ -48.20910833, -17.28742901 ], [ -48.20174277, -17.32560422 ], [ -48.24119568, -17.32865759 ], [ -48.24349135, -17.362400300000012 ], [ -48.25624547, -17.3587901 ], [ -48.28571669, -17.432026290000014 ], [ -48.36629508, -17.46595686 ], [ -48.3793856, -17.50228972 ], [ -48.36454041, -17.52236455000001 ], [ -48.3868294, -17.52039391000001 ], [ -48.37538814, -17.54583111 ], [ -48.39327305, -17.57233687 ], [ -48.41330314, -17.5706493 ], [ -48.39560813, -17.58548964 ], [ -48.41427072, -17.58314542 ], [ -48.44505573, -17.6150702 ], [ -48.50266005, -17.57375425 ], [ -48.4419396, -17.49609701 ], [ -48.44560474, -17.43723155 ], [ -48.41452786, -17.342615130000016 ], [ -48.39225122, -17.34665673 ], [ -48.38560735, -17.37672157 ], [ -48.36668742, -17.33489911 ], [ -48.37713146, -17.26522189 ] ] ] } },
{ "type": "Feature", "properties": { "code_amc": 16181, "idade_amc": 9.6066411238819924, "n_pixels": 783.0, "n_munis": 2.0, "mesorregiao": "Sul Goiano" }, "geometry": { "type": "Polygon", "coordinates": [ [ [ -49.90713464, -17.6146028 ], [ -49.90200335, -17.59561349 ], [ -49.88520303, -17.61796906 ], [ -49.8628967, -17.60881061 ], [ -49.85050971, -17.57727678 ], [ -49.75945162, -17.58492153 ], [ -49.6488156, -17.51838715 ], [ -49.6680121, -17.49339146 ], [ -49.62889407, -17.48413481 ], [ -49.64758836, -17.47659461000001 ], [ -49.63950655, -17.46047222 ], [ -49.652816, -17.44092989 ], [ -49.63095079, -17.43983064 ], [ -49.62445084, -17.41937831 ], [ -49.64453751, -17.40614453 ], [ -49.63453862, -17.3951161 ], [ -49.65537315, -17.39181063 ], [ -49.64086721, -17.37277308 ], [ -49.65356385, -17.3081145 ], [ -49.62273438, -17.29213088 ], [ -49.57692879, -17.30421465 ], [ -49.51467486, -17.353996540000015 ], [ -49.44560956, -17.32913314 ], [ -49.29672421, -17.52163678 ], [ -49.31122279, -17.52852164 ], [ -49.30189151, -17.56777732 ], [ -49.31872535, -17.5708008 ], [ -49.32100621, -17.58946257 ], [ -49.34669911, -17.58339739 ], [ -49.36761331, -17.59724162 ], [ -49.36142403, -17.60569614 ], [ -49.40275185, -17.62629578 ], [ -49.41806672, -17.65925618 ], [ -49.43255762, -17.63424147 ], [ -49.50429593, -17.65750364 ], [ -49.50876025, -17.75059798 ], [ -49.53747508, -17.73219583 ], [ -49.53087737, -17.70882925 ], [ -49.54621642, -17.7072589 ], [ -49.56599123, -17.78283986 ], [ -49.6941746, -17.68697759 ], [ -49.73019839, -17.72324747 ], [ -49.73615252, -17.7545254 ], [ -49.68417257, -17.80780218 ], [ -49.78328806, -17.78004574 ], [ -49.77247893, -17.82629707 ], [ -49.78709703, -17.89903781 ], [ -49.82825547, -17.85457787 ], [ -49.87298287, -17.85263899 ], [ -49.88892379, -17.81194556 ], [ -49.91720753, -17.79582662 ], [ -49.97795965, -17.77567014 ], [ -50.01420092, -17.78154295 ], [ -50.02059178, -17.79625653 ], [ -50.08593392, -17.79175421 ], [ -50.08370471, -17.77451151 ], [ -50.06040262, -17.76835501 ], [ -50.07781539, -17.71416033 ], [ -50.06151213, -17.7266573 ], [ -50.02904406, -17.71387795 ], [ -50.03426636, -17.67745387 ], [ -50.01173582, -17.68255971 ], [ -50.01065005, -17.65620246 ], [ -49.97584396, -17.66360434 ], [ -49.95504224, -17.62761472 ], [ -49.9313705, -17.64417333 ], [ -49.92276172, -17.61575314 ], [ -49.94779174, -17.59940224 ], [ -49.90713464, -17.6146028 ] ] ] } },
{ "type": "Feature", "properties": { "code_amc": 16182, "idade_amc": 16.127659574500001, "n_pixels": 47.0, "n_munis": 1.0, "mesorregiao": "Sul Goiano" }, "geometry": { "type": "Polygon", "coordinates": [ [ [ -52.8850651, -17.47707064 ], [ -52.89356831, -17.41256551 ], [ -52.80403829, -17.3408114 ], [ -52.81117883, -17.28790175 ], [ -52.77758905, -17.27714741 ], [ -52.69195669, -17.20252922 ], [ -52.64772818, -17.24067653 ], [ -52.61223694, -17.326372320000011 ], [ -52.52008726, -17.34328597 ], [ -52.553449, -17.40318796 ], [ -52.59753399, -17.40918548 ], [ -52.63017493, -17.46445467 ], [ -52.65300518, -17.43374133 ], [ -52.68472759, -17.449320260000011 ], [ -52.76350082, -17.41984992 ], [ -52.84526191, -17.42838317 ], [ -52.8850651, -17.47707064 ] ] ] } },
{ "type": "Feature", "properties": { "code_amc": 16183, "idade_amc": 14.04, "n_pixels": 25.0, "n_munis": 2.0, "mesorregiao": "Leste Goiano" }, "geometry": { "type": "Polygon", "coordinates": [ [ [ -46.64467175, -14.51481011 ], [ -46.67405599, -14.48985032 ], [ -46.69655632, -14.49627257 ], [ -46.698729, -14.46861754 ], [ -46.72381483, -14.46289951 ], [ -46.71083441, -14.42905279 ], [ -46.73211423, -14.40870437 ], [ -46.71572751, -14.39797194 ], [ -46.73831535, -14.37518542 ], [ -46.78314598, -14.39054255 ], [ -46.81331007, -14.37669293 ], [ -46.81535161, -14.35032512 ], [ -46.78593071, -14.35759769 ], [ -46.77190283, -14.34242909 ], [ -46.77234865, -14.3041621 ], [ -46.74085856, -14.2866277 ], [ -46.72303712, -14.19238733 ], [ -46.69672549, -14.16213268 ], [ -46.63216819, -14.12754201 ], [ -46.58922589, -14.12271317 ], [ -46.58106495, -14.10777616 ], [ -46.48078016, -14.10811853 ], [ -46.51880244, -14.05184556 ], [ -46.50411857, -14.06321397 ], [ -46.44646505, -14.04043887000001 ], [ -46.41458935, -14.04660754 ], [ -46.37822059, -14.02802962 ], [ -46.29810879, -14.021981350000013 ], [ -46.28563568, -14.05274605 ], [ -46.22678659, -14.0650762 ], [ -46.23827744, -14.08974234 ], [ -46.26578284, -14.09796101 ], [ -46.2021922, -14.11962623 ], [ -46.18564399, -14.15185702 ], [ -46.11814145, -14.16036474 ], [ -46.11613888, -14.18782881 ], [ -46.09622499, -14.20548924 ], [ -46.05359029, -14.20211267 ], [ -46.13175376, -14.23479785 ], [ -46.14177817, -14.25813558 ], [ -46.18422136, -14.27454286 ], [ -46.19696967, -14.30475048 ], [ -46.27991924, -14.37179823 ], [ -46.34691751, -14.37302389 ], [ -46.36694556, -14.39964433 ], [ -46.43221921, -14.42268118 ], [ -46.45728433, -14.47763910000001 ], [ -46.54380862, -14.48597841 ], [ -46.57083583, -14.46395628 ], [ -46.57105953, -14.48337876 ], [ -46.6132027, -14.48532197000001 ], [ -46.64467175, -14.51481011 ] ] ] } },
{ "type": "Feature", "properties": { "code_amc": 16184, "idade_amc": 13.647887323899999, "n_pixels": 71.0, "n_munis": 1.0, "mesorregiao": "Centro Goiano" }, "geometry": { "type": "Polygon", "coordinates": [ [ [ -49.58951722, -15.31176444 ], [ -49.5504446, -15.26122868 ], [ -49.56556144, -15.24195704 ], [ -49.54931877, -15.18200408 ], [ -49.50598232, -15.17850106 ], [ -49.49747468, -15.20265859 ], [ -49.51050747, -15.22974318 ], [ -49.48500742, -15.23614933 ], [ -49.51975606, -15.27035386 ], [ -49.48442051, -15.32424637 ], [ -49.49050596, -15.35121833 ], [ -49.45620024, -15.37941909000001 ], [ -49.46439507, -15.43244175 ], [ -49.55705985, -15.44426295 ], [ -49.55841854, -15.46051504 ], [ -49.5862583, -15.4459954 ], [ -49.57972495, -15.43327385 ], [ -49.58925961, -15.40901471 ], [ -49.60642338, -15.40842615 ], [ -49.60667256, -15.38611774 ], [ -49.58823063, -15.37649725 ], [ -49.59239643, -15.34351755 ], [ -49.57456634, -15.33617614 ], [ -49.58951722, -15.31176444 ] ] ] } },
{ "type": "Feature", "properties": { "code_amc": 16185, "idade_amc": 20.333333333300001, "n_pixels": 42.0, "n_munis": 1.0, "mesorregiao": "Centro Goiano" }, "geometry": { "type": "Polygon", "coordinates": [ [ [ -49.5434502, -15.44876705 ], [ -49.36394743, -15.43018344 ], [ -49.35180597, -15.45054896 ], [ -49.32770145, -15.4525139 ], [ -49.34505243, -15.46751438 ], [ -49.33192289, -15.48404341 ], [ -49.33911217, -15.49796676 ], [ -49.38739387, -15.5024999 ], [ -49.42937211, -15.4930536 ], [ -49.45672881, -15.532393940000011 ], [ -49.50711363, -15.51599357 ], [ -49.52028514, -15.47802078 ], [ -49.54445096, -15.47214435 ], [ -49.5434502, -15.44876705 ] ] ] } },
{ "type": "Feature", "properties": { "code_amc": 16186, "idade_amc": 14.875, "n_pixels": 24.0, "n_munis": 1.0, "mesorregiao": "Centro Goiano" }, "geometry": { "type": "Polygon", "coordinates": [ [ [ -50.389783199999989, -16.15706757 ], [ -50.36995592, -16.14236939 ], [ -50.36045165, -16.15932897 ], [ -50.33556563, -16.14736526 ], [ -50.26295847, -16.16997671 ], [ -50.20267773, -16.26385893 ], [ -50.22692932, -16.28412014 ], [ -50.21440211, -16.34135954 ], [ -50.2473573, -16.34900833 ], [ -50.24623513, -16.32171696 ], [ -50.29101573, -16.31104185 ], [ -50.30789981, -16.32492308 ], [ -50.36331328, -16.29068824 ], [ -50.40904735, -16.2870397 ], [ -50.44420743, -16.33311431 ], [ -50.43943212, -16.37071958000001 ], [ -50.45615684, -16.36579652 ], [ -50.46904639, -16.38248678 ], [ -50.47721114, -16.41145782 ], [ -50.46135292, -16.42686552 ], [ -50.49079345, -16.45550973 ], [ -50.50706575, -16.50898611 ], [ -50.53045904, -16.49798072 ], [ -50.52334757, -16.483434240000015 ], [ -50.54526753, -16.44639816 ], [ -50.52357225, -16.42503518 ], [ -50.54127216, -16.40071083 ], [ -50.52746304, -16.40690843 ], [ -50.53524232, -16.38923611 ], [ -50.51710304, -16.39346538 ], [ -50.50224092, -16.33798035 ], [ -50.48362737, -16.3284138 ], [ -50.48631973, -16.29295457 ], [ -50.45840376, -16.255605219999989 ], [ -50.46282113, -16.23614535 ], [ -50.42984422, -16.22627348 ], [ -50.41059534, -16.1935709 ], [ -50.39290624, -16.19630326 ], [ -50.389783199999989, -16.15706757 ] ] ] } },
{ "type": "Feature", "properties": { "code_amc": 16187, "idade_amc": 13.804878048800001, "n_pixels": 41.0, "n_munis": 1.0, "mesorregiao": "Centro Goiano" }, "geometry": { "type": "Polygon", "coordinates": [ [ [ -49.71900713, -16.67335437 ], [ -49.73848492, -16.60711045 ], [ -49.70577979, -16.53062772 ], [ -49.69322668, -16.521768680000012 ], [ -49.62111865, -16.55365344 ], [ -49.59597686, -16.54329294 ], [ -49.63722944, -16.595902250000016 ], [ -49.66787389, -16.67049844 ], [ -49.71900713, -16.67335437 ] ] ] } },
{ "type": "Feature", "properties": { "code_amc": 16188, "idade_amc": 15.2957746479, "n_pixels": 213.0, "n_munis": 1.0, "mesorregiao": "Sul Goiano" }, "geometry": { "type": "Polygon", "coordinates": [ [ [ -48.70322099, -17.23820705000001 ], [ -48.45558061, -17.20094778 ], [ -48.4044103, -17.23894487 ], [ -48.42698868, -17.26006292000001 ], [ -48.4058523, -17.28236815 ], [ -48.4387149, -17.32773211 ], [ -48.41452786, -17.342615130000016 ], [ -48.44560474, -17.43723155 ], [ -48.4419396, -17.49609701 ], [ -48.50266005, -17.57375425 ], [ -48.51724268, -17.5148986 ], [ -48.50111163, -17.49156274 ], [ -48.61483401, -17.47625312 ], [ -48.72316857, -17.49255636 ], [ -48.75736318, -17.48091538 ], [ -48.8061118, -17.4213395 ], [ -48.79414182, -17.3538386 ], [ -48.75408426, -17.27994752 ], [ -48.70322099, -17.23820705000001 ] ] ] } },
{ "type": "Feature", "properties": { "code_amc": 16189, "idade_amc": 5.6579378068999997, "n_pixels": 611.0, "n_munis": 1.0, "mesorregiao": "Sul Goiano" }, "geometry": { "type": "Polygon", "coordinates": [ [ [ -50.7868543, -17.74748306 ], [ -50.6340752, -17.62348406 ], [ -50.61795988, -17.63257518 ], [ -50.56173869, -17.59302298 ], [ -50.52109925, -17.64648386 ], [ -50.47824291, -17.65136157 ], [ -50.45990413, -17.72521117 ], [ -50.40234684, -17.69727345 ], [ -50.42412516, -17.73196112 ], [ -50.45276374, -17.741690390000013 ], [ -50.43490729, -17.76218495 ], [ -50.44134852, -17.79989856 ], [ -50.39710057, -17.8381575 ], [ -50.41589854, -17.84788709 ], [ -50.42379492, -17.88072936 ], [ -50.40427565, -17.89907509 ], [ -50.39951263, -17.8799619 ], [ -50.36992452, -17.893759060000011 ], [ -50.38720624, -17.91305082 ], [ -50.36360035, -17.91602153 ], [ -50.34538197, -17.94233705000001 ], [ -50.39841505, -17.92857697 ], [ -50.42059871, -17.94698138 ], [ -50.52601731, -17.9505259 ], [ -50.58838253, -17.98105226 ], [ -50.70777419, -17.96593929 ], [ -50.72236279, -17.95128861 ], [ -50.64177253, -17.86318398 ], [ -50.65396026, -17.87118232 ], [ -50.67587746, -17.84584182 ], [ -50.74479874, -17.83221064 ], [ -50.78496952, -17.78041818 ], [ -50.7868543, -17.74748306 ] ] ] } },
{ "type": "Feature", "properties": { "code_amc": 16190, "idade_amc": 20.444444444399998, "n_pixels": 90.0, "n_munis": 1.0, "mesorregiao": "Sul Goiano" }, "geometry": { "type": "Polygon", "coordinates": [ [ [ -53.1651612, -17.22013631 ], [ -53.15742909, -17.17064043 ], [ -53.12814991, -17.15463996 ], [ -53.11912393, -17.113219 ], [ -53.05601633, -17.07036793 ], [ -53.06898272, -17.02996862 ], [ -53.01437531, -16.86240443 ], [ -52.96915173, -16.8696793 ], [ -52.95723267, -16.8507914 ], [ -52.94464796, -16.85625457 ], [ -52.95298466, -16.841922880000013 ], [ -52.92157325, -16.83332009 ], [ -52.9132566, -16.85661566 ], [ -52.92836922, -16.882464 ], [ -52.90699017, -16.93204258 ], [ -52.94692997, -16.947423330000014 ], [ -52.9605381, -16.97038074000001 ], [ -52.95201264, -17.02440338 ], [ -52.97214682, -17.07474257 ], [ -52.92298057, -17.15045157 ], [ -52.91456825, -17.189321540000012 ], [ -52.92742466, -17.21621448 ], [ -52.88843405, -17.25014654 ], [ -52.88574568, -17.27970992 ], [ -52.96734406, -17.308824220000012 ], [ -53.04834596, -17.36508873 ], [ -53.08959867, -17.36493751 ], [ -53.09601089, -17.38111157 ], [ -53.07776011, -17.38591047000001 ], [ -53.10284699, -17.45368704 ], [ -53.135967119999989, -17.50696822 ], [ -53.16174472, -17.50751873 ], [ -53.18312373, -17.53694087 ], [ -53.07437358, -17.66793734 ], [ -53.1593214, -17.64930867 ], [ -53.18624105, -17.61890901000001 ], [ -53.24471388, -17.599266730000011 ], [ -53.23068247, -17.42776625 ], [ -53.1969293, -17.38045224 ], [ -53.21926145, -17.29772194 ], [ -53.1651612, -17.22013631 ] ] ] } },
{ "type": "Feature", "properties": { "code_amc": 16191, "idade_amc": 13.521739130399999, "n_pixels": 23.0, "n_munis": 1.0, "mesorregiao": "Centro Goiano" }, "geometry": { "type": "Polygon", "coordinates": [ [ [ -49.54298045, -16.07446306 ], [ -49.52038908, -16.00028659 ], [ -49.5357025, -15.98197269 ], [ -49.50841916, -15.97316737 ], [ -49.44431336, -16.01219076 ], [ -49.4404593, -16.03118256 ], [ -49.40460242, -16.02552881 ], [ -49.45455836, -16.11438447 ], [ -49.44973259, -16.16957727 ], [ -49.48850744, -16.13221976 ], [ -49.52434952, -16.12253981000001 ], [ -49.54298045, -16.07446306 ] ] ] } },
{ "type": "Feature", "properties": { "code_amc": 16192, "idade_amc": 26.214285714300001, "n_pixels": 28.0, "n_munis": 1.0, "mesorregiao": "Norte Goiano" }, "geometry": { "type": "Polygon", "coordinates": [ [ [ -48.99705686, -13.39167408 ], [ -48.95607929, -13.34552953 ], [ -48.93510944, -13.35199984 ], [ -48.93782417, -13.37358392 ], [ -48.9041886, -13.38372205 ], [ -48.8938609, -13.423621250000011 ], [ -48.87182931, -13.4229506 ], [ -48.87880127, -13.43377349 ], [ -48.85702878, -13.43653966 ], [ -48.82999963, -13.48058648 ], [ -48.83257498, -13.54644004 ], [ -48.92024132, -13.62156145 ], [ -48.92635083, -13.66742446000001 ], [ -48.96835197, -13.68887396 ], [ -48.96813566, -13.71847475 ], [ -48.99871948, -13.75699433 ], [ -49.05094376, -13.76500036 ], [ -49.07852303, -13.73718736 ], [ -49.11569782, -13.77157238 ], [ -49.14002681, -13.72083507 ], [ -49.10891218, -13.666774720000014 ], [ -49.11969663, -13.61936811 ], [ -49.08624653, -13.60447764 ], [ -49.07480235, -13.55814303 ], [ -49.08661158, -13.55301171 ], [ -49.05952583, -13.51714826 ], [ -49.01425296, -13.49946053 ], [ -48.99705686, -13.39167408 ] ] ] } },
{ "type": "Feature", "properties": { "code_amc": 16193, "idade_amc": 14.1333333333, "n_pixels": 30.0, "n_munis": 1.0, "mesorregiao": "Leste Goiano" }, "geometry": { "type": "Polygon", "coordinates": [ [ [ -46.77427067, -13.53235264 ], [ -46.78525385, -13.510386 ], [ -46.76499281, -13.4943322 ], [ -46.7695115, -13.44632055 ], [ -46.73339142, -13.38630654 ], [ -46.38305935, -13.38285825 ], [ -46.39511751, -13.31345123 ], [ -46.37585674, -13.21739789 ], [ -46.40947511, -13.10832813 ], [ -46.44941678, -13.0550896 ], [ -46.29591531, -13.063941110000011 ], [ -46.32266496, -13.09828316 ], [ -46.29164083, -13.14359487 ], [ -46.30980931, -13.15797817 ], [ -46.30081005, -13.19360699 ], [ -46.3311429, -13.24953716 ], [ -46.29859059, -13.25367736 ], [ -46.31592407, -13.30317246 ], [ -46.28867051, -13.3146176 ], [ -46.27938894, -13.347898310000012 ], [ -46.06386517, -13.26128842 ], [ -46.04216288, -13.27267336 ], [ -46.05186481, -13.31242119 ], [ -46.09508326, -13.33248418000001 ], [ -46.13402624, -13.3752272 ], [ -46.21436313, -13.40071315 ], [ -46.24331302, -13.43025959 ], [ -46.20641752, -13.46563196 ], [ -46.23025292, -13.48142715 ], [ -46.21858971, -13.50050793 ], [ -46.24133204, -13.52552881000001 ], [ -46.23550112, -13.56290917 ], [ -46.18433081, -13.56756995000001 ], [ -46.16196489, -13.59092854 ], [ -46.26095157, -13.68697075 ], [ -46.23551429, -13.70816079 ], [ -46.30277148, -13.70081715 ], [ -46.4594223, -13.80887121 ], [ -46.51550134, -13.8117742 ], [ -46.53933226, -13.79282187 ], [ -46.60217332, -13.82094246 ], [ -46.65267124, -13.80649181 ], [ -46.7317018, -13.83522114 ], [ -46.76980997, -13.81434057 ], [ -46.8255869, -13.8446112 ], [ -46.85181052, -13.82882444 ], [ -46.81716964000001, -13.79596346 ], [ -46.83544685, -13.75983527 ], [ -46.81081473, -13.72529891 ], [ -46.78391638, -13.71781769 ], [ -46.80945028, -13.67676331 ], [ -46.79631633, -13.658397400000011 ], [ -46.85432823, -13.62253612 ], [ -46.84020589, -13.590738610000011 ], [ -46.79249972, -13.59114175 ], [ -46.77427067, -13.53235264 ] ] ] } },
{ "type": "Feature", "properties": { "code_amc": 16194, "idade_amc": 13.491379310299999, "n_pixels": 116.0, "n_munis": 1.0, "mesorregiao": "Norte Goiano" }, "geometry": { "type": "Polygon", "coordinates": [ [ [ -47.45476247, -14.14633305 ], [ -47.41354554, -14.16731897 ], [ -47.36725673, -14.13077576 ], [ -47.32514576, -14.16207159 ], [ -47.24573401, -14.14198593 ], [ -47.19798266, -14.15049124 ], [ -47.19475725, -14.134079030000011 ], [ -47.17100234, -14.14788031 ], [ -47.08387001, -14.06512468 ], [ -47.06744781, -14.06628325 ], [ -47.04901294, -14.03455697 ], [ -46.98651045, -14.05167754 ], [ -46.98856119, -14.07999341 ], [ -47.06092192, -14.11161077 ], [ -47.08540464, -14.17071845 ], [ -47.12928509, -14.20060731 ], [ -47.13899942, -14.25436109 ], [ -47.17165388, -14.26749817 ], [ -47.19012053, -14.33009209 ], [ -47.18920089, -14.40306795 ], [ -47.18378947, -14.43870724 ], [ -47.15723236, -14.46626469 ], [ -47.14537205, -14.53797177 ], [ -47.15997929, -14.55108162 ], [ -47.18531141, -14.54395629 ], [ -47.20442819, -14.60742912000001 ], [ -47.22054164, -14.60397492 ], [ -47.21578975, -14.62685833 ], [ -47.23128532, -14.6307304 ], [ -47.23614722, -14.68915576 ], [ -47.28253385, -14.69433052000001 ], [ -47.3078187, -14.74948517 ], [ -47.31631405, -14.73847116 ], [ -47.32240283, -14.74989609 ], [ -47.31304336, -14.76552756 ], [ -47.35709173, -14.77565247 ], [ -47.37537873, -14.81612302 ], [ -47.42250367, -14.82921035 ], [ -47.47840411, -14.81734595 ], [ -47.47343059, -14.802668 ], [ -47.5236177, -14.7762132 ], [ -47.53401185, -14.73819556 ], [ -47.55571156, -14.73008623 ], [ -47.64634622, -14.83096271 ], [ -47.63139958, -14.74410017 ], [ -47.65990122, -14.70643472 ], [ -47.692182099999989, -14.74239954 ], [ -47.71740557, -14.65249335 ], [ -47.77606373, -14.6382081 ], [ -47.76162394, -14.54163687 ], [ -47.82476055, -14.50184849 ], [ -47.86431647, -14.38023322 ], [ -47.8343269, -14.35150577 ], [ -47.80988165, -14.35520712 ], [ -47.81023732, -14.37686233 ], [ -47.77779331, -14.40022182 ], [ -47.77862414, -14.41606563 ], [ -47.74273546, -14.40598958 ], [ -47.70041014, -14.46375933 ], [ -47.6611819, -14.45910913 ], [ -47.61585044, -14.42689414 ], [ -47.59065144, -14.42921704 ], [ -47.57134428, -14.45890675 ], [ -47.54700988, -14.44817773000001 ], [ -47.5478745, -14.4238074 ], [ -47.4868029, -14.42339696 ], [ -47.45764747, -14.345245660000012 ], [ -47.38976172, -14.31088206 ], [ -47.40332138, -14.22448862 ], [ -47.44981425, -14.18469784 ], [ -47.45476247, -14.14633305 ] ] ] } },
{ "type": "Feature", "properties": { "code_amc": 16195, "idade_amc": 17.034482758599999, "n_pixels": 58.0, "n_munis": 1.0, "mesorregiao": "Centro Goiano" }, "geometry": { "type": "Polygon", "coordinates": [ [ [ -50.50310269, -16.50806464 ], [ -50.46135292, -16.42686552 ], [ -50.47734321, -16.40937685 ], [ -50.46187372, -16.368606270000015 ], [ -50.43896117, -16.36989787 ], [ -50.44420743, -16.33311431 ], [ -50.40904735, -16.2870397 ], [ -50.38420983, -16.28562319 ], [ -50.30789981, -16.32492308 ], [ -50.29101573, -16.31104185 ], [ -50.24623513, -16.32171696 ], [ -50.24637173, -16.35423781 ], [ -50.22276085, -16.36218004 ], [ -50.22350902, -16.39863381000001 ], [ -50.24490212, -16.420226040000014 ], [ -50.19158928, -16.41452265 ], [ -50.16553533, -16.47328243 ], [ -50.21664619, -16.47734108 ], [ -50.24229018, -16.44927714 ], [ -50.3040699, -16.5556992 ], [ -50.39470927, -16.59117512 ], [ -50.42973643, -16.58661679 ], [ -50.48400723, -16.63735847 ], [ -50.52081728, -16.61356074 ], [ -50.51582704, -16.59095416 ], [ -50.55588018, -16.5478306 ], [ -50.55581833, -16.51907185 ], [ -50.53045904, -16.49798072 ], [ -50.50310269, -16.50806464 ] ] ] } },
{ "type": "Feature", "properties": { "code_amc": 16196, "idade_amc": 18.373737373699999, "n_pixels": 99.0, "n_munis": 1.0, "mesorregiao": "Sul Goiano" }, "geometry": { "type": "Polygon", "coordinates": [ [ [ -50.58974219, -19.13796961 ], [ -50.64556599, -19.13386340000001 ], [ -50.66857607, -19.03816508 ], [ -50.70699178, -19.00100202 ], [ -50.68149106, -18.95861144 ], [ -50.67840435, -18.913094810000011 ], [ -50.61589128, -18.92682935 ], [ -50.56826658, -18.90635392 ], [ -50.48538, -18.8997102 ], [ -50.47315218, -18.92142598 ], [ -50.51194662, -18.94575628 ], [ -50.49507617, -19.01286846 ], [ -50.50593603, -19.05110696 ], [ -50.53945496, -19.102357730000012 ], [ -50.58974219, -19.13796961 ] ] ] } },
{ "type": "Feature", "properties": { "code_amc": 16197, "idade_amc": 17.440594059399999, "n_pixels": 404.0, "n_munis": 1.0, "mesorregiao": "Sul Goiano" }, "geometry": { "type": "Polygon", "coordinates": [ [ [ -52.36025963, -17.85545813 ], [ -52.31417537, -17.83072438 ], [ -52.26202959, -17.8439508 ], [ -52.22342199, -17.81267821 ], [ -52.18764696, -17.82905923 ], [ -52.19928649, -17.84800387 ], [ -52.18642799, -17.8776589 ], [ -52.20303577, -17.89081622 ], [ -52.18520267, -17.909077790000016 ], [ -52.19008893, -17.952991590000011 ], [ -52.16139003, -17.96222305 ], [ -52.15583898, -18.02479656 ], [ -52.08947526, -18.04220596 ], [ -52.03528768, -18.0859072 ], [ -52.02055859, -18.10268907 ], [ -52.02028114, -18.14408764 ], [ -51.94438744, -18.15982484 ], [ -51.89922906, -18.136780240000011 ], [ -51.85603149, -18.13522073 ], [ -51.827163659999989, -18.2091333 ], [ -51.79611063, -18.21404258 ], [ -51.78747451, -18.26965164 ], [ -51.73719441, -18.24297706 ], [ -51.65241758, -18.28692296 ], [ -51.63824642, -18.33143259 ], [ -51.69430567, -18.36189676 ], [ -51.6487274, -18.38830015 ], [ -51.63711106, -18.49234809 ], [ -51.75534155, -18.47063449 ], [ -51.79830667, -18.48943046 ], [ -51.79942195, -18.54150304 ], [ -51.84625617, -18.57203901 ], [ -51.92441962, -18.54123748 ], [ -51.90017474, -18.58584787 ], [ -51.90036774, -18.63421433 ], [ -52.02736582, -18.55841106 ], [ -52.03378558, -18.53137552 ], [ -52.07192066, -18.50493701 ], [ -52.11203188, -18.526271520000012 ], [ -52.15956176, -18.49497688 ], [ -52.19990082, -18.50855794 ], [ -52.25942851, -18.51075752 ], [ -52.29445499, -18.49213049 ], [ -52.31187552, -18.50299871 ], [ -52.33742339, -18.46907665 ], [ -52.40234093, -18.45629215 ], [ -52.46245246, -18.41223128 ], [ -52.47714648, -18.35894097 ], [ -52.52659942, -18.3408298 ], [ -52.52971041, -18.31550821 ], [ -52.5820631, -18.28320372 ], [ -52.60623461, -18.23960751 ], [ -52.64323604, -18.22730036 ], [ -52.67353669, -18.1801304 ], [ -52.707318549999989, -18.1671354 ], [ -52.77620907, -18.09146853 ], [ -52.78461967, -18.07137561 ], [ -52.71631315, -17.97599697 ], [ -52.66845878, -17.98112324 ], [ -52.65112512, -17.95259374 ], [ -52.58106289, -17.91326881 ], [ -52.54337152, -17.90451768 ], [ -52.50001126, -17.91616752 ], [ -52.38531093, -17.82489951 ], [ -52.36025963, -17.85545813 ] ] ] } },
{ "type": "Feature", "properties": { "code_amc": 16198, "idade_amc": 7.5, "n_pixels": 18.0, "n_munis": 1.0, "mesorregiao": "Leste Goiano" }, "geometry": { "type": "MultiPolygon", "coordinates": [ [ [ [ -46.51547886, -15.06179182 ], [ -46.56019828, -15.02861881 ], [ -46.61875628, -14.81831741 ], [ -46.56047957, -14.81501448 ], [ -46.521556, -14.85117951000001 ], [ -46.54653595, -14.92544448 ], [ -46.51728863, -14.9728646 ], [ -46.53081069, -15.00527855 ], [ -46.50272201, -15.05089788000001 ], [ -46.51547886, -15.06179182 ] ] ], [ [ [ -46.50192947, -14.69427713 ], [ -46.4847358, -14.64250816 ], [ -46.45387625, -14.62434085 ], [ -46.42153257, -14.63637912 ], [ -46.36868097, -14.58240291000001 ], [ -46.38819306, -14.54163625 ], [ -46.37793769, -14.48905062 ], [ -46.39712421, -14.47629329 ], [ -46.38078252, -14.44542757 ], [ -46.35702468, -14.44164864 ], [ -46.33461619, -14.45313148 ], [ -46.31736504, -14.52289901 ], [ -46.25280595, -14.60343519 ], [ -46.19672289, -14.61570094 ], [ -46.16202398, -14.6649674 ], [ -46.02588866, -14.6780153 ], [ -46.00188949, -14.71126196 ], [ -46.00733659, -14.79244801 ], [ -46.05282705, -14.83136953 ], [ -46.0368774, -14.87355134 ], [ -46.06234079, -14.90798985 ], [ -46.07952284, -14.90499537 ], [ -46.0881416, -14.936392600000014 ], [ -46.10894027, -14.9378484 ], [ -46.12030011, -14.920058570000011 ], [ -46.14574807, -14.92651517 ], [ -46.16294722, -14.9061071 ], [ -46.17389034, -14.948733190000013 ], [ -46.21756196, -14.94341961 ], [ -46.23370211, -14.92152819 ], [ -46.2816191, -14.92936811 ], [ -46.30755699, -14.91078428 ], [ -46.31816742, -14.88325825 ], [ -46.30047246, -14.8580787 ], [ -46.32491724, -14.84778761 ], [ -46.32219987, -14.81458029 ], [ -46.50192947, -14.69427713 ] ] ] ] } },
{ "type": "Feature", "properties": { "code_amc": 16199, "idade_amc": 16.428571428600002, "n_pixels": 21.0, "n_munis": 1.0, "mesorregiao": "Sul Goiano" }, "geometry": { "type": "Polygon", "coordinates": [ [ [ -47.87668011, -18.28403915 ], [ -47.71073403, -18.29373824000001 ], [ -47.61126221, -18.31539016 ], [ -47.6461849, -18.3402287 ], [ -47.6575736, -18.32780379 ], [ -47.70009259, -18.37899219 ], [ -47.74057091, -18.36383977 ], [ -47.73329251, -18.37589905 ], [ -47.75712492, -18.39655155 ], [ -47.74948875, -18.41255148 ], [ -47.77901682, -18.424135110000012 ], [ -47.80838164, -18.40022253 ], [ -47.829735, -18.41130337 ], [ -47.83879273, -18.45176016 ], [ -47.86157617, -18.43867113 ], [ -47.85487902, -18.35997921 ], [ -47.91390484, -18.339973430000011 ], [ -47.87668011, -18.28403915 ] ] ] } },
{ "type": "Feature", "properties": { "code_amc": 16200, "idade_amc": 20.573426573399999, "n_pixels": 143.0, "n_munis": 1.0, "mesorregiao": "Centro Goiano" }, "geometry": { "type": "Polygon", "coordinates": [ [ [ -50.08387154, -16.49210218 ], [ -50.04431677, -16.519931990000011 ], [ -50.00748169, -16.51200213 ], [ -49.98340327, -16.56971189 ], [ -50.00669261, -16.62058465 ], [ -50.21337446, -16.70274222 ], [ -50.20984915, -16.67990142 ], [ -50.23986814, -16.63922481 ], [ -50.24723041, -16.55169876 ], [ -50.22832912, -16.45400594 ], [ -50.21664619, -16.47734108 ], [ -50.18423566, -16.46781569 ], [ -50.12965118, -16.50296717 ], [ -50.08387154, -16.49210218 ] ] ] } },
{ "type": "Feature", "properties": { "code_amc": 16201, "idade_amc": 17.073529411799999, "n_pixels": 136.0, "n_munis": 1.0, "mesorregiao": "Centro Goiano" }, "geometry": { "type": "Polygon", "coordinates": [ [ [ -49.68846159, -15.489086520000013 ], [ -49.70261763, -15.42895648 ], [ -49.65897609, -15.40576798 ], [ -49.58925961, -15.40901471 ], [ -49.5862583, -15.4459954 ], [ -49.56061343, -15.4602975 ], [ -49.55794623, -15.44469529 ], [ -49.54030515, -15.444965120000012 ], [ -49.57564714, -15.49919996 ], [ -49.55172074, -15.5442597 ], [ -49.55741956, -15.63776275 ], [ -49.60055949, -15.6748239 ], [ -49.60580665, -15.69814170000001 ], [ -49.63889853, -15.68259439 ], [ -49.64761386, -15.75815333 ], [ -49.67825789, -15.77679145 ], [ -49.68950476, -15.82709462 ], [ -49.69823277, -15.787393220000011 ], [ -49.68481021, -15.75477023 ], [ -49.72022878, -15.69018175000001 ], [ -49.75050854, -15.66976494 ], [ -49.70186517, -15.61142025 ], [ -49.6936724, -15.55471585 ], [ -49.70656251, -15.534400840000011 ], [ -49.72864563, -15.53495635 ], [ -49.73331355, -15.50612876 ], [ -49.7032879, -15.50892032 ], [ -49.68846159, -15.489086520000013 ] ] ] } },
{ "type": "Feature", "properties": { "code_amc": 16202, "idade_amc": 17.407407407400001, "n_pixels": 81.0, "n_munis": 1.0, "mesorregiao": "Sul Goiano" }, "geometry": { "type": "Polygon", "coordinates": [ [ [ -48.24119568, -17.32865759 ], [ -48.13782814, -17.27892103 ], [ -48.10776724, -17.27971661 ], [ -48.0883534, -17.29479978 ], [ -48.07687522, -17.36370923 ], [ -48.04676413, -17.39465391 ], [ -48.04325795, -17.42508379 ], [ -48.08602985, -17.42895513 ], [ -48.1173299, -17.45519686 ], [ -48.10421509, -17.47233785 ], [ -48.11449009, -17.54191014 ], [ -48.15768849, -17.52982867 ], [ -48.22371119, -17.59538258000001 ], [ -48.2857698, -17.52834606 ], [ -48.33554992, -17.52818633 ], [ -48.3793856, -17.50228972 ], [ -48.35088933, -17.45160052 ], [ -48.28571669, -17.432026290000014 ], [ -48.25624547, -17.3587901 ], [ -48.24349135, -17.362400300000012 ], [ -48.24119568, -17.32865759 ] ] ] } },
{ "type": "Feature", "properties": { "code_amc": 16203, "idade_amc": 22.266666666700001, "n_pixels": 30.0, "n_munis": 1.0, "mesorregiao": "Sul Goiano" }, "geometry": { "type": "Polygon", "coordinates": [ [ [ -49.60626156, -17.06388230000001 ], [ -49.54345142, -17.04466162 ], [ -49.52031224, -17.00050988000001 ], [ -49.48961958, -16.981124040000015 ], [ -49.47047308, -16.988736190000012 ], [ -49.4915378, -17.06752105 ], [ -49.47433822, -17.0968173 ], [ -49.49383543, -17.121514440000013 ], [ -49.47986882, -17.14564663 ], [ -49.53269882, -17.16483677 ], [ -49.60364376, -17.22837167 ], [ -49.63333929, -17.22578037 ], [ -49.6429229, -17.183257890000011 ], [ -49.66628666, -17.17766523 ], [ -49.65256681, -17.15047965 ], [ -49.68594998, -17.13771829 ], [ -49.70139692, -17.08619912 ], [ -49.71983772, -17.0822503 ], [ -49.7059274, -17.07464508 ], [ -49.72914453, -17.076163470000012 ], [ -49.75197982, -16.99618519 ], [ -49.74334579, -16.956426 ], [ -49.6997881, -16.94250607 ], [ -49.67350277, -16.9568444 ], [ -49.59959585, -16.95003068 ], [ -49.63422606, -17.01052218 ], [ -49.62469788, -17.03562222 ], [ -49.60626156, -17.06388230000001 ] ] ] } },
{ "type": "Feature", "properties": { "code_amc": 16204, "idade_amc": 12.930434782600001, "n_pixels": 345.0, "n_munis": 1.0, "mesorregiao": "Sul Goiano" }, "geometry": { "type": "Polygon", "coordinates": [ [ [ -48.54063237, -16.77209253 ], [ -48.50857861, -16.64800715 ], [ -48.38601737, -16.627414730000012 ], [ -48.32068743, -16.66249094 ], [ -48.26768917, -16.72029456 ], [ -48.25577113, -16.77840303000001 ], [ -48.26435296, -16.79634437 ], [ -48.30227483, -16.80926067 ], [ -48.30646759, -16.83685161 ], [ -48.36666354, -16.910578060000017 ], [ -48.47133288, -16.9488142 ], [ -48.47988198, -16.991582770000011 ], [ -48.57258418, -17.12936161 ], [ -48.58618777, -17.09048054 ], [ -48.52793933, -17.00783834 ], [ -48.59869352, -16.91608217 ], [ -48.54063237, -16.77209253 ] ] ] } }
]
}
