{"type": "FeatureCollection", "features": [{"type": "Feature", "properties": {"code_amc": 16039, "mesorregiao": "Centro Goiano", "n_munis": 6}, "geometry": {"type": "Polygon", "coordinates": [[[-49.38516, -16.83269], [-49.36048, -16.89645], [-49.37031, -17.04058], [-49.46433, -17.03752], [-49.48456, -17.02258], [-49.46992, -16.98983], [-49.48525, -16.97954], [-49.52031, -17.00051], [-49.54345, -17.04466], [-49.56856, -17.03545], [-49.60626, -17.06388], [-49.63423, -17.01052], [-49.59512, -16.95271], [-49.6735, -16.95684], [-49.69979, -16.94251], [-49.74434, -16.95528], [-49.72006, -16.88444], [-49.66532, -16.8753], [-49.61073, -16.84183], [-49.59678, -16.81253], [-49.63745, -16.80023], [-49.61692, -16.77923], [-49.65351, -16.76048], [-49.69287, -16.68048], [-49.65942, -16.66087], [-49.63723, -16.5959], [-49.59528, -16.54406], [-49.6512, -16.54857], [-49.69586, -16.52193], [-49.68745, -16.50207], [-49.6564, -16.50943], [-49.62145, -16.48975], [-49.59517, -16.52622], [-49.45856, -16.49559], [-49.45505, -16.53602], [-49.41786, -16.53972], [-49.395, -16.59487], [-49.37506, -16.56001], [-49.32981, -16.57075], [-49.31228, -16.52885], [-49.27825, -16.52741], [-49.21497, -16.45367], [-49.17655, -16.46519], [-49.19584, -16.518], [-49.16764, -16.5784], [-49.10539, -16.56183], [-49.09669, -16.59129], [-49.06995, -16.59674], [-49.07483, -16.63857], [-49.04278, -16.63699], [-49.01175, -16.65846], [-49.06914, -16.74072], [-49.06025, -16.78596], [-49.09653, -16.7728], [-49.11636, -16.80289], [-49.13061, -16.79794], [-49.13445, -16.82759], [-49.17075, -16.82387], [-49.16025, -16.79041], [-49.22113, -16.73792], [-49.26168, -16.7256], [-49.28831, -16.74834], [-49.3327, -16.74972], [-49.38516, -16.83269]]]}}, {"type": "Feature", "properties": {"code_amc": 16040, "mesorregiao": "Leste Goiano", "n_munis": 1}, "geometry": {"type": "Polygon", "coordinates": [[[-48.93987, -16.13447], [-48.90014, -16.03577], [-48.91028, -15.99063], [-48.79419, -16.01352], [-48.68733, -16.1437], [-48.61102, -16.14209], [-48.53431, -16.17354], [-48.51672, -16.19759], [-48.44321, -16.20653], [-48.4101, -16.28484], [-48.48991, -16.29582], [-48.49653, -16.32397], [-48.55063, -16.34629], [-48.61805, -16.31002], [-48.63128, -16.28271], [-48.76805, -16.29288], [-48.84844, -16.22694], [-48.89722, -16.23717], [-48.9222, -16.21903], [-48.94701, -16.24387], [-48.96118, -16.22754], [-48.92264, -16.16357], [-48.93987, -16.13447]]]}}, {"type": "Feature", "properties": {"code_amc": 16041, "mesorregiao": "Sul Goiano", "n_munis": 2}, "geometry": {"type": "Polygon", "coordinates": [[[-50.15032, -17.5986], [-50.17443, -17.6444], [-50.15762, -17.66505], [-50.18927, -17.67514], [-50.18751, -17.69571], [-50.20485, -17.7015], [-50.18252, -17.73286], [-50.21066, -17.75128], [-50.18985, -17.76425], [-50.23629, -17.79171], [-50.26329, -17.78174], [-50.27032, -17.79584], [-50.26782, -17.8192], [-50.24155, -17.83705], [-50.25562, -17.85136], [-50.23312, -17.86674], [-50.23887, -17.90106], [-50.29726, -17.92031], [-50.28107, -17.95172], [-50.28588, -17.98967], [-50.26515, -17.97281], [-50.20054, -17.98521], [-50.25191, -18.03159], [-50.29007, -18.02961], [-50.28621, -17.99851], [-50.32414, -17.98659], [-50.3636, -17.91602], [-50.38721, -17.91305], [-50.36992, -17.89376], [-50.39951, -17.87996], [-50.40428, -17.89908], [-50.42346, -17.88175], [-50.4159, -17.84789], [-50.3971, -17.83816], [-50.44135, -17.7999], [-50.43491, -17.76218], [-50.45276, -17.74169], [-50.42413, -17.73196], [-50.40155, -17.69804], [-50.4599, -17.72521], [-50.47824, -17.65136], [-50.5211, -17.64648], [-50.55874, -17.59603], [-50.54596, -17.57777], [-50.55862, -17.54289], [-50.51549, -17.52128], [-50.5216, -17.47695], [-50.54266, -17.47672], [-50.52488, -17.46437], [-50.52729, -17.41025], [-50.50241, -17.37495], [-50.51351, -17.34599], [-50.45948, -17.33109], [-50.39229, -17.18902], [-50.35265, -17.30252], [-50.27876, -17.24918], [-50.25434, -17.25221], [-50.23677, -17.28693], [-50.22451, -17.27945], [-50.20809, -17.29702], [-50.20007, -17.26715], [-50.18654, -17.26849], [-50.18754, -17.30173], [-50.1721, -17.31359], [-50.20512, -17.36318], [-50.17668, -17.35015], [-50.16373, -17.35918], [-50.14831, -17.33996], [-50.1229, -17.37794], [-50.11932, -17.43731], [-50.0752, -17.45224], [-50.06538, -17.4948], [-50.07598, -17.53731], [-50.09374, -17.54391], [-50.10004, -17.59147], [-50.12935, -17.60614], [-50.15032, -17.5986]]]}}, {"type": "Feature", "properties": {"code_amc": 16042, "mesorregiao": "Centro Goiano", "n_munis": 3}, "geometry": {"type": "Polygon", "coordinates": [[[-50.15927, -16.41566], [-50.14918, -16.44347], [-50.16554, -16.47328], [-50.19159, -16.41452], [-50.24529, -16.41939], [-50.22351, -16.39863], [-50.22276, -16.36218], [-50.24736, -16.34901], [-50.2144, -16.34136], [-50.22693, -16.28412], [-50.20268, -16.26386], [-50.27776, -16.15991], [-50.33557, -16.14737], [-50.36045, -16.15933], [-50.37362, -16.14367], [-50.39351, -16.15733], [-50.39291, -16.1963], [-50.4106, -16.19357], [-50.42984, -16.22627], [-50.46282, -16.23615], [-50.46301, -16.26085], [-50.50346, -16.22817], [-50.52896, -16.23476], [-50.55743, -16.20158], [-50.49046, -16.14797], [-50.47962, -16.12113], [-50.44382, -16.11736], [-50.43416, -16.09555], [-50.39804, -16.08181], [-50.25738, -16.09425], [-50.10779, -16.03519], [-50.08432, -16.04478], [-50.04176, -16.03037], [-50.02934, -16.06671], [-50.03237, -16.18248], [-49.94059, -16.22416], [-50.00153, -16.24075], [-50.09051, -16.22329], [-50.10592, -16.24631], [-50.0964, -16.27539], [-50.13607, -16.31143], [-50.13162, -16.36388], [-50.14909, -16.37442], [-50.15927, -16.41566]]]}}, {"type": "Feature", "properties": {"code_amc": 16043, "mesorregiao": "Leste Goiano", "n_munis": 2}, "geometry": {"type": "Polygon", "coordinates": [[[-47.57379, -15.04709], [-47.50601, -15.24222], [-47.51557, -15.27192], [-47.5469, -15.29191], [-47.48777, -15.2999], [-47.4669, -15.37669], [-47.49009, -15.42177], [-47.49597, -15.50026], [-47.56226, -15.50026], [-47.56997, -15.51348], [-47.61738, -15.50026], [-48.05328, -15.50026], [-48.04255, -15.46435], [-47.95496, -15.44099], [-47.92399, -15.36075], [-47.96838, -15.32945], [-47.97214, -15.28161], [-47.99672, -15.27276], [-48.01621, -15.21017], [-48.08216, -15.19591], [-48.10833, -15.14672], [-48.05822, -15.0524], [-48.05196, -14.96256], [-48.03559, -14.96091], [-48.04625, -14.92293], [-48.07877, -14.89807], [-48.028, -14.82386], [-47.99024, -14.80262], [-47.90771, -14.79881], [-47.86507, -14.77253], [-47.81094, -14.69578], [-47.78633, -14.69029], [-47.77129, -14.641], [-47.71705, -14.65294], [-47.69218, -14.7424], [-47.6599, -14.70643], [-47.6314, -14.7441], [-47.64635, -14.83096], [-47.54296, -14.73041], [-47.52457, -14.77522], [-47.47221, -14.80511], [-47.49962, -14.90712], [-47.5644, -14.93768], [-47.57379, -15.04709]]]}}, {"type": "Feature", "properties": {"code_amc": 16044, "mesorregiao": "Sul Goiano", "n_munis": 1}, "geometry": {"type": "Polygon", "coordinates": [[[-48.86207, -17.98992], [-48.83406, -17.93533], [-48.84697, -17.90783], [-48.76606, -17.93411], [-48.7322, -17.9834], [-48.73822, -18.03082], [-48.71995, -18.07559], [-48.69181, -18.09429], [-48.71577, -18.11734], [-48.6853, -18.12374], [-48.70528, -18.14819], [-48.71472, -18.13754], [-48.73019, -18.1671], [-48.71286, -18.17145], [-48.7273, -18.19216], [-48.71005, -18.19742], [-48.77792, -18.23873], [-48.80786, -18.23342], [-48.80008, -18.19407], [-48.83686, -18.18788], [-48.82508, -18.17632], [-48.86314, -18.15336], [-48.8582, -18.13599], [-48.87461, -18.13694], [-48.8715, -18.09512], [-48.88894, -18.08597], [-48.86234, -18.04505], [-48.86207, -17.98992]]]}}, {"type": "Feature", "properties": {"code_amc": 16045, "mesorregiao": "Leste Goiano", "n_munis": 6}, "geometry": {"type": "Polygon", "coordinates": [[[-48.27861, -16.05026], [-47.68275, -16.05026], [-47.67707, -16.06944], [-47.72454, -16.09444], [-47.73204, -16.16614], [-47.65848, -16.16726], [-47.66613, -16.24215], [-47.64091, -16.28448], [-47.64921, -16.3814], [-47.7191, -16.4708], [-47.72085, -16.53554], [-47.77016, -16.57008], [-47.77924, -16.53238], [-47.79488, -16.5233], [-47.80144, -16.52813], [-47.81996, -16.63347], [-47.88063, -16.70362], [-47.89208, -16.74422], [-47.88029, -16.79892], [-47.90429, -16.814], [-47.88296, -16.84605], [-47.89447, -16.86258], [-47.8878, -16.90732], [-47.91112, -16.92388], [-47.90094, -16.95328], [-47.91949, -17.00428], [-48.01595, -16.92926], [-48.07935, -16.92875], [-48.08885, -16.85758], [-48.07613, -16.80025], [-48.09024, -16.76846], [-48.15208, -16.73205], [-48.19472, -16.735], [-48.19141, -16.64846], [-48.22916, -16.60235], [-48.26532, -16.49742], [-48.3058, -16.45315], [-48.34161, -16.44415], [-48.35866, -16.40155], [-48.40146, -16.38274], [-48.39819, -16.32363], [-48.37422, -16.31004], [-48.32833, -16.32661], [-48.32024, -16.29944], [-48.32921, -16.25894], [-48.37494, -16.21754], [-48.35065, -16.15128], [-48.36669, -16.01507], [-48.42316, -15.9483], [-48.4076, -15.87761], [-48.35094, -15.79181], [-48.34907, -15.72582], [-48.29913, -15.70907], [-48.25202, -15.6592], [-48.23468, -15.65904], [-48.24126, -15.70542], [-48.21084, -15.71946], [-48.21845, -15.76449], [-48.28509, -15.83672], [-48.27639, -15.93133], [-48.26106, -15.92806], [-48.25021, -15.9474], [-48.27861, -16.05026]]]}}, {"type": "Feature", "properties": {"code_amc": 16046, "mesorregiao": "Leste Goiano", "n_munis": 1}, "geometry": {"type": "Polygon", "coordinates": [[[-48.60326, -15.93791], [-48.59065, -15.92056], [-48.54189, -15.9156], [-48.52447, -15.93318], [-48.48661, -15.93542], [-48.43022, -15.98588], [-48.40116, -15.97449], [-48.37379, -15.99504], [-48.3506, -16.14979], [-48.37514, -16.21622], [-48.32633, -16.26408], [-48.32833, -16.32661], [-48.3671, -16.323], [-48.40971, -16.2886], [-48.44321, -16.20653], [-48.51672, -16.19759], [-48.53431, -16.17354], [-48.62028, -16.13776], [-48.6162, -16.05901], [-48.6508, -15.96817], [-48.62875, -15.92785], [-48.60326, -15.93791]]]}}, {"type": "Feature", "properties": {"code_amc": 16047, "mesorregiao": "Sul Goiano", "n_munis": 1}, "geometry": {"type": "Polygon", "coordinates": [[[-49.42983, -17.63654], [-49.4089, -17.66762], [-49.42006, -17.71276], [-49.44401, -17.71463], [-49.43267, -17.73851], [-49.50876, -17.7506], [-49.50951, -17.66333], [-49.42983, -17.63654]]]}}, {"type": "Feature", "properties": {"code_amc": 16048, "mesorregiao": "Norte Goiano", "n_munis": 4}, "geometry": {"type": "Polygon", "coordinates": [[[-49.17459, -14.02441], [-49.188, -14.18077], [-49.15372, -14.21177], [-49.18834, -14.3729], [-49.27969, -14.41374], [-49.30283, -14.40396], [-49.29942, -14.43371], [-49.3338, -14.45584], [-49.32394, -14.47184], [-49.34598, -14.47843], [-49.3476, -14.51051], [-49.36918, -14.52285], [-49.35677, -14.50033], [-49.40936, -14.42973], [-49.39761, -14.4017], [-49.42056, -14.38738], [-49.40008, -14.37384], [-49.42094, -14.32989], [-49.42659, -14.26014], [-49.45865, -14.29219], [-49.47997, -14.27739], [-49.48142, -14.2391], [-49.56106, -14.19989], [-49.549, -14.15481], [-49.56858, -14.15196], [-49.57287, -14.12981], [-49.60776, -14.13736], [-49.62601, -14.10781], [-49.63939, -14.11846], [-49.65853, -14.10743], [-49.64622, -14.09364], [-49.68239, -14.07543], [-49.67995, -14.0598], [-49.71067, -14.05684], [-49.75648, -14.08358], [-49.74612, -14.0466], [-49.78442, -14.00439], [-49.79942, -14.01949], [-49.80898, -14.00821], [-49.7987, -13.99678], [-49.81048, -13.98371], [-49.79439, -13.97457], [-49.83795, -13.8995], [-49.85559, -13.91543], [-49.87293, -13.89738], [-49.95262, -13.88532], [-49.95011, -13.90155], [-49.93648, -13.89712], [-49.94847, -13.91567], [-49.97404, -13.88638], [-49.93898, -13.82824], [-49.95601, -13.812], [-49.94212, -13.8141], [-49.92073, -13.77144], [-49.9247, -13.75422], [-49.96045, -13.74356], [-49.96317, -13.70275], [-49.90939, -13.68109], [-49.84359, -13.69957], [-49.83526, -13.68543], [-49.78317, -13.72708], [-49.73423, -13.7175], [-49.70023, -13.75341], [-49.65656, -13.72378], [-49.61967, -13.75479], [-49.59676, -13.73938], [-49.59259, -13.76484], [-49.57478, -13.7644], [-49.58945, -13.78242], [-49.56348, -13.78214], [-49.522, -13.83623], [-49.458, -13.81177], [-49.41142, -13.81877], [-49.39924, -13.79176], [-49.32867, -13.76539], [-49.29541, -13.79984], [-49.33414, -13.87012], [-49.13936, -13.86145], [-49.11094, -13.88653], [-49.11472, -13.93186], [-49.1018, -13.94209], [-49.02388, -13.89004], [-48.97066, -13.90437], [-48.91991, -13.94216], [-48.88139, -13.93364], [-48.92455, -13.96492], [-48.91499, -14.00749], [-48.94308, -14.01007], [-48.96755, -14.03364], [-49.10836, -14.00461], [-49.12794, -14.02332], [-49.17459, -14.02441]]]}}, {"type": "Feature", "properties": {"code_amc": 16049, "mesorregiao": "Norte Goiano", "n_munis": 1}, "geometry": {"type": "Polygon", "coordinates": [[[-47.50535, -13.96004], [-47.26395, -13.97681], [-47.24237, -13.93847], [-47.24226, -13.87436], [-47.19388, -13.8595], [-47.1719, -13.91413], [-47.1762, -13.95368], [-47.20003, -13.96424], [-47.14956, -14.01881], [-47.11481, -14.09973], [-47.17387, -14.14836], [-47.19476, -14.13408], [-47.19798, -14.15049], [-47.24573, -14.14199], [-47.32515, -14.16207], [-47.36726, -14.13078], [-47.41355, -14.16732], [-47.45476, -14.14633], [-47.44121, -14.19878], [-47.40332, -14.22449], [-47.39096, -14.3146], [-47.45765, -14.34525], [-47.4868, -14.4234], [-47.54787, -14.42381], [-47.54701, -14.44818], [-47.56632, -14.45818], [-47.59065, -14.42922], [-47.61585, -14.42689], [-47.66118, -14.45911], [-47.70524, -14.46205], [-47.73319, -14.41215], [-47.77862, -14.41607], [-47.77779, -14.40022], [-47.8081, -14.38012], [-47.80924, -14.35594], [-47.8359, -14.34209], [-47.9321, -14.17698], [-47.8599, -14.17998], [-47.75733, -14.09454], [-47.72945, -14.09676], [-47.6971, -14.06801], [-47.66803, -14.07316], [-47.60904, -14.0466], [-47.5914, -14.05653], [-47.55404, -14.03047], [-47.50535, -13.96004]]]}}, {"type": "Feature", "properties": {"code_amc": 16050, "mesorregiao": "Leste Goiano", "n_munis": 1}, "geometry": {"type": "Polygon", "coordinates": [[[-46.54381, -14.48598], [-46.46618, -14.4718], [-46.42947, -14.49274], [-46.38256, -14.48244], [-46.38819, -14.54164], [-46.36868, -14.5824], [-46.42153, -14.63638], [-46.45388, -14.62434], [-46.48474, -14.64251], [-46.51028, -14.73826], [-46.54419, -14.75301], [-46.56589, -14.78637], [-46.56048, -14.81501], [-46.61134, -14.82459], [-46.63362, -14.76831], [-46.65881, -14.7715], [-46.66766, -14.75639], [-46.69831, -14.61063], [-46.71653, -14.59442], [-46.73582, -14.60696], [-46.7607, -14.56835], [-46.77356, -14.58232], [-46.7867, -14.5619], [-46.81193, -14.5689], [-46.85604, -14.53617], [-46.84637, -14.52415], [-46.87309, -14.5179], [-46.85106, -14.48988], [-46.86376, -14.47109], [-46.85631, -14.44364], [-46.88828, -14.43733], [-46.89259, -14.40832], [-46.87259, -14.40565], [-46.88085, -14.39229], [-46.86966, -14.38931], [-46.89898, -14.32961], [-46.87979, -14.31689], [-46.8692, -14.34023], [-46.81698, -14.3436], [-46.81331, -14.37669], [-46.78315, -14.39054], [-46.73832, -14.37519], [-46.71573, -14.39797], [-46.73211, -14.4087], [-46.71083, -14.42905], [-46.72417, -14.46226], [-46.69873, -14.46862], [-46.69459, -14.49716], [-46.67406, -14.48985], [-46.64467, -14.51481], [-46.6132, -14.48532], [-46.57106, -14.48338], [-46.56934, -14.46376], [-46.54381, -14.48598]]]}}, {"type": "Feature", "properties": {"code_amc": 16051, "mesorregiao": "Centro Goiano", "n_munis": 2}, "geometry": {"type": "Polygon", "coordinates": [[[-49.87428, -16.22838], [-49.87448, -16.28551], [-49.82143, -16.27563], [-49.76928, -16.30677], [-49.74379, -16.36242], [-49.80056, -16.36256], [-49.82029, -16.38149], [-49.83145, -16.44523], [-49.81421, -16.46081], [-49.84056, -16.484], [-49.83337, -16.51763], [-49.9149, -16.53043], [-49.98287, -16.56981], [-50.01185, -16.50566], [-50.04432, -16.51993], [-50.08387, -16.4921], [-50.12965, -16.50297], [-50.17159, -16.48244], [-50.14918, -16.44347], [-50.16576, -16.42607], [-50.15892, -16.3947], [-50.13162, -16.36388], [-50.13607, -16.31143], [-50.0964, -16.27539], [-50.10592, -16.24631], [-50.08834, -16.22158], [-50.00153, -16.24075], [-49.91617, -16.21871], [-49.87428, -16.22838]]]}}, {"type": "Feature", "properties": {"code_amc": 16052, "mesorregiao": "Centro Goiano", "n_munis": 1}, "geometry": {"type": "Polygon", "coordinates": [[[-51.221, -16.5038], [-51.18452, -16.53134], [-51.14897, -16.51107], [-51.08109, -16.51598], [-51.06318, -16.54912], [-51.02388, -16.56873], [-51.03058, -16.62583], [-51.00013, -16.63547], [-51.0346, -16.6499], [-51.02319, -16.69767], [-51.04752, -16.74759], [-51.05735, -16.82131], [-51.07414, -16.82364], [-51.06525, -16.80555], [-51.09071, -16.79985], [-51.10819, -16.76607], [-51.10372, -16.73421], [-51.13748, -16.63337], [-51.18324, -16.64585], [-51.20277, -16.58095], [-51.24469, -16.54533], [-51.221, -16.5038]]]}}, {"type": "Feature", "properties": {"code_amc": 16053, "mesorregiao": "Centro Goiano", "n_munis": 2}, "geometry": {"type": "Polygon", "coordinates": [[[-49.14896, -16.12452], [-49.10627, -16.14613], [-49.05844, -16.12865], [-49.01983, -16.14251], [-48.98106, -16.12535], [-48.94205, -16.13125], [-48.92264, -16.16357], [-48.95434, -16.2369], [-48.9222, -16.21903], [-48.89722, -16.23717], [-48.82905, -16.23348], [-48.82614, -16.2559], [-48.77341, -16.27756], [-48.75024, -16.37541], [-48.82881, -16.40037], [-48.86885, -16.39493], [-48.99647, -16.4856], [-48.98091, -16.399], [-49.02348, -16.41293], [-49.05011, -16.37627], [-49.09353, -16.38146], [-49.09836, -16.41547], [-49.11714, -16.4269], [-49.19459, -16.34719], [-49.16707, -16.31606], [-49.1802, -16.26243], [-49.14403, -16.23234], [-49.19221, -16.144], [-49.14896, -16.12452]]]}}, {"type": "Feature", "properties": {"code_amc": 16054, "mesorregiao": "Sul Goiano", "n_munis": 1}, "geometry": {"type": "Polygon", "coordinates": [[[-48.22283, -18.34596], [-48.27189, -18.33088], [-48.26119, -18.28937], [-48.22558, -18.26815], [-48.21788, -18.28167], [-48.19547, -18.27701], [-48.17008, -18.31754], [-48.22283, -18.34596]]]}}, {"type": "Feature", "properties": {"code_amc": 16055, "mesorregiao": "Centro Goiano", "n_munis": 1}, "geometry": {"type": "Polygon", "coordinates": [[[-49.26327, -16.72873], [-49.20859, -16.74527], [-49.16025, -16.79041], [-49.17075, -16.82387], [-49.14742, -16.84082], [-49.15481, -16.862], [-49.14089, -16.88784], [-49.16862, -16.88902], [-49.18467, -16.86862], [-49.25858, -16.84507], [-49.30419, -16.86754], [-49.326, -16.861], [-49.32195, -16.88242], [-49.3673, -16.89081], [-49.38555, -16.83461], [-49.36523, -16.81738], [-49.34969, -16.7642], [-49.26327, -16.72873]]]}}, {"type": "Feature", "properties": {"code_amc": 16056, "mesorregiao": "Sul Goiano", "n_munis": 3}, "geometry": {"type": "Polygon", "coordinates": [[[-51.23791, -18.3575], [-51.27025, -18.3361], [-51.27017, -18.31739], [-51.283, -18.32377], [-51.36411, -18.28094], [-51.38503, -18.32424], [-51.384, -18.36416], [-51.52772, -18.53819], [-51.57033, -18.5264], [-51.59019, -18.49942], [-51.63914, -18.49964], [-51.63047, -18.47113], [-51.65059, -18.42839], [-51.64873, -18.3883], [-51.69431, -18.3619], [-51.63825, -18.33143], [-51.65242, -18.28692], [-51.73719, -18.24298], [-51.78747, -18.26965], [-51.79006, -18.22593], [-51.8323, -18.2015], [-51.84661, -18.13933], [-51.89394, -18.13553], [-51.93334, -18.15894], [-52.00012, -18.15473], [-52.02028, -18.14409], [-52.02056, -18.10269], [-52.03529, -18.08591], [-52.08948, -18.04221], [-52.15584, -18.0248], [-52.16139, -17.96222], [-52.19009, -17.95299], [-52.1852, -17.90908], [-52.20304, -17.89082], [-52.18643, -17.87766], [-52.19929, -17.848], [-52.18765, -17.82906], [-52.27528, -17.78949], [-52.27509, -17.7749], [-52.22723, -17.77434], [-52.22042, -17.75368], [-52.24362, -17.72749], [-52.21281, -17.67963], [-52.2549, -17.63832], [-52.30348, -17.61939], [-52.30186, -17.56927], [-52.34278, -17.52549], [-52.37092, -17.51833], [-52.37951, -17.48402], [-52.35248, -17.43072], [-52.37348, -17.41339], [-52.42217, -17.4267], [-52.48045, -17.40945], [-52.52551, -17.36453], [-52.47395, -17.32225], [-52.32944, -17.33305], [-52.29614, -17.34256], [-52.26322, -17.40113], [-52.2255, -17.39165], [-52.19506, -17.44014], [-52.10198, -17.41024], [-52.09914, -17.43134], [-52.06389, -17.44488], [-52.07122, -17.46643], [-52.042, -17.46135], [-52.0267, -17.49156], [-51.992, -17.48725], [-51.9613, -17.43148], [-51.94806, -17.404], [-51.96076, -17.39109], [-51.9534, -17.35393], [-51.88884, -17.36979], [-51.88036, -17.33416], [-51.85425, -17.33608], [-51.84797, -17.29692], [-51.78104, -17.32151], [-51.74795, -17.26932], [-51.72422, -17.28245], [-51.68872, -17.27573], [-51.73206, -17.37406], [-51.72075, -17.4165], [-51.73045, -17.46707], [-51.6948, -17.5005], [-51.70422, -17.52413], [-51.68836, -17.5481], [-51.60753, -17.60301], [-51.63698, -17.66193], [-51.58133, -17.68625], [-51.53931, -17.73635], [-51.47817, -17.74928], [-51.45811, -17.76894], [-51.45202, -17.80862], [-51.3885, -17.86697], [-51.34669, -17.87465], [-51.29033, -17.8612], [-51.27927, -17.88869], [-51.24208, -17.88576], [-51.23097, -17.902], [-51.24233, -17.90846], [-51.2063, -17.97611], [-51.21225, -18.00854], [-51.16558, -18.07058], [-51.15438, -18.13531], [-51.11325, -18.2052], [-51.12619, -18.21619], [-51.12125, -18.24227], [-51.137, -18.24549], [-51.12505, -18.2685], [-51.13316, -18.29539], [-51.181, -18.29725], [-51.23791, -18.3575]]]}}, {"type": "Feature", "properties": {"code_amc": 16057, "mesorregiao": "Sul Goiano", "n_munis": 3}, "geometry": {"type": "Polygon", "coordinates": [[[-52.1332, -18.51823], [-52.07757, -18.50517], [-52.05528, -18.51366], [-52.02373, -18.54527], [-52.02737, -18.55841], [-51.89167, -18.63483], [-51.87995, -18.66982], [-51.76878, -18.7614], [-51.73, -18.75207], [-51.66462, -18.76663], [-51.72408, -18.83316], [-51.68692, -19.0736], [-51.69322, -19.11822], [-51.81837, -19.05358], [-51.84132, -19.05714], [-51.84276, -19.0423], [-51.85439, -19.05185], [-51.89881, -18.99418], [-51.94009, -18.96766], [-51.95151, -18.98071], [-51.96828, -18.9667], [-51.9782, -18.98081], [-51.9989, -18.96774], [-52.0156, -18.98278], [-52.01864, -18.9635], [-52.04523, -18.95051], [-52.08136, -18.95091], [-52.11171, -18.8993], [-52.15718, -18.88843], [-52.18147, -18.84792], [-52.33412, -18.82824], [-52.40984, -18.75498], [-52.44912, -18.69096], [-52.53126, -18.65802], [-52.55304, -18.65699], [-52.59287, -18.68989], [-52.63368, -18.69556], [-52.68135, -18.67868], [-52.74748, -18.69203], [-52.91676, -18.64029], [-52.91432, -18.61982], [-52.93987, -18.61326], [-52.96235, -18.54082], [-52.88096, -18.46549], [-52.87329, -18.42679], [-52.79851, -18.41486], [-52.75932, -18.34807], [-52.80529, -18.31345], [-52.94779, -18.29613], [-53.01394, -18.32614], [-53.02785, -18.3516], [-53.06994, -18.34288], [-53.10115, -18.31083], [-53.14324, -18.08184], [-53.12365, -18.05883], [-53.07571, -18.0508], [-53.07004, -17.98591], [-53.13144, -17.9169], [-53.1364, -17.83706], [-53.16862, -17.76626], [-53.23834, -17.71414], [-53.24979, -17.6063], [-53.19648, -17.61331], [-53.16582, -17.646], [-53.11788, -17.66501], [-53.07006, -17.66539], [-53.18196, -17.55354], [-53.18196, -17.53232], [-53.16174, -17.50752], [-53.13597, -17.50697], [-53.10285, -17.45369], [-53.07776, -17.38591], [-53.09601, -17.38111], [-53.0896, -17.36494], [-53.06038, -17.37001], [-52.96734, -17.30882], [-52.8884, -17.28665], [-52.88843, -17.25015], [-52.92742, -17.21621], [-52.91457, -17.18932], [-52.92298, -17.15045], [-52.97223, -17.0732], [-52.95201, -17.0244], [-52.96054, -16.97038], [-52.94693, -16.94742], [-52.90699, -16.93204], [-52.92837, -16.88246], [-52.91326, -16.85662], [-52.94443, -16.81316], [-52.90768, -16.81027], [-52.88228, -16.77611], [-52.82609, -16.77443], [-52.83643, -16.81561], [-52.82112, -16.82215], [-52.82459, -16.89441], [-52.78765, -16.90589], [-52.74326, -16.96103], [-52.60998, -16.97454], [-52.64201, -17.00266], [-52.6047, -17.0456], [-52.58606, -17.04025], [-52.54506, -17.06513], [-52.55128, -17.0829], [-52.52103, -17.10065], [-52.49318, -17.2615], [-52.46812, -17.24628], [-52.4485, -17.25955], [-52.44564, -17.28689], [-52.39305, -17.25785], [-52.34873, -17.3051], [-52.3257, -17.29388], [-52.26655, -17.32561], [-52.1742, -17.30784], [-52.15253, -17.32297], [-52.14562, -17.3559], [-52.10612, -17.38119], [-52.10736, -17.41781], [-52.19506, -17.44014], [-52.2255, -17.39165], [-52.26322, -17.40113], [-52.29614, -17.34256], [-52.32944, -17.33305], [-52.47395, -17.32225], [-52.51556, -17.35189], [-52.52848, -17.37065], [-52.48045, -17.40945], [-52.42217, -17.4267], [-52.37348, -17.41339], [-52.35248, -17.43072], [-52.37951, -17.48402], [-52.37092, -17.51833], [-52.34278, -17.52549], [-52.30186, -17.56927], [-52.30348, -17.61939], [-52.2549, -17.63832], [-52.21281, -17.67963], [-52.24362, -17.72749], [-52.22042, -17.75368], [-52.22723, -17.77434], [-52.27576, -17.77544], [-52.26707, -17.79719], [-52.22342, -17.81268], [-52.26203, -17.84395], [-52.31418, -17.83072], [-52.35893, -17.85537], [-52.38531, -17.8249], [-52.50001, -17.91617], [-52.54337, -17.90452], [-52.58106, -17.91327], [-52.65113, -17.95259], [-52.66846, -17.98112], [-52.71631, -17.976], [-52.78462, -18.07138], [-52.74632, -18.12999], [-52.52971, -18.31551], [-52.5266, -18.34083], [-52.47715, -18.35894], [-52.46879, -18.40611], [-52.40234, -18.45629], [-52.33742, -18.46908], [-52.31188, -18.503], [-52.29445, -18.49213], [-52.25943, -18.51076], [-52.1999, -18.50856], [-52.15956, -18.49498], [-52.1332, -18.51823]]]}}, {"type": "Feature", "properties": {"code_amc": 16058, "mesorregiao": "Centro Goiano", "n_munis": 1}, "geometry": {"type": "Polygon", "coordinates": [[[-49.72042, -16.47302], [-49.7685, -16.44134], [-49.71626, -16.43658], [-49.73689, -16.38616], [-49.72456, -16.33666], [-49.73923, -16.30038], [-49.73681, -16.26912], [-49.71179, -16.25948], [-49.68725, -16.27405], [-49.65389, -16.35569], [-49.657, -16.42396], [-49.68339, -16.42439], [-49.69679, -16.47176], [-49.72042, -16.47302]]]}}, {"type": "Feature", "properties": {"code_amc": 16059, "mesorregiao": "Noroeste Goiano", "n_munis": 1}, "geometry": {"type": "Polygon", "coordinates": [[[-52.25367, -15.8942], [-52.00804, -15.88548], [-51.98328, -15.84398], [-51.95414, -15.83766], [-51.94525, -15.8101], [-51.88811, -15.83234], [-51.86452, -15.81805], [-51.87633, -15.84054], [-51.86636, -15.85966], [-51.84305, -15.852], [-51.8303, -15.86701], [-51.85286, -15.90737], [-52.0354, -15.91488], [-52.29975, -16.16708], [-52.35464, -16.13136], [-52.36103, -16.08196], [-52.32809, -16.0706], [-52.31048, -16.0074], [-52.2559, -15.93053], [-52.25367, -15.8942]]]}}, {"type": "Feature", "properties": {"code_amc": 16060, "mesorregiao": "Noroeste Goiano", "n_munis": 4}, "geometry": {"type": "MultiPolygon", "coordinates": [[[[-50.64718, -15.60577], [-50.51796, -15.54489], [-50.53477, -15.4659], [-50.51665, -15.43002], [-50.52826, -15.41991], [-50.55527, -15.46564], [-50.59221, -15.47247], [-50.65879, -15.42501], [-50.68849, -15.37993], [-50.70651, -15.32062], [-50.73026, -15.30422], [-50.72029, -15.2824], [-50.74832, -15.17697], [-50.71804, -15.14929], [-50.71838, -15.0805], [-50.82101, -14.9989], [-50.82438, -14.92594], [-50.79986, -14.90189], [-50.77095, -14.95535], [-50.67726, -14.95917], [-50.64627, -14.98348], [-50.59393, -14.99065], [-50.55127, -15.04306], [-50.50692, -15.05723], [-50.40329, -15.02552], [-50.31023, -14.94031], [-50.28082, -14.94658], [-50.24343, -14.96719], [-50.23656, -15.01264], [-50.18471, -15.0373], [-50.19929, -15.04916], [-50.19104, -15.05937], [-50.12832, -15.07984], [-50.11228, -15.12139], [-50.07973, -15.13638], [-50.05489, -15.12442], [-50.03601, -15.1443], [-50.05559, -15.18302], [-50.04206, -15.20587], [-50.08659, -15.2482], [-50.10604, -15.28607], [-50.10185, -15.31455], [-50.13184, -15.33803], [-50.12465, -15.37074], [-50.16851, -15.45066], [-50.15334, -15.48715], [-50.1657, -15.52459], [-50.15305, -15.52569], [-50.15668, -15.5604], [-50.13143, -15.58007], [-50.12512, -15.65401], [-50.07687, -15.69052], [-50.06115, -15.7259], [-50.08581, -15.77063], [-50.06768, -15.78845], [-49.93862, -15.7491], [-49.91018, -15.7712], [-49.88504, -15.75335], [-49.80987, -15.82417], [-49.79609, -15.88471], [-49.81631, -15.90674], [-49.8404, -15.90645], [-49.83698, -15.9423], [-49.86717, -15.98845], [-49.9427, -15.96552], [-50.00534, -16.01271], [-50.08337, -16.04459], [-50.10779, -16.03519], [-50.25738, -16.09425], [-50.37388, -16.07632], [-50.43326, -16.09487], [-50.44599, -16.11832], [-50.47796, -16.11995], [-50.47533, -16.06818], [-50.48962, -16.04071], [-50.51415, -16.03318], [-50.46451, -15.94029], [-50.51493, -15.87429], [-50.50807, -15.80581], [-50.57173, -15.76005], [-50.57854, -15.73375], [-50.6196, -15.72535], [-50.61096, -15.69587], [-50.62834, -15.68402], [-50.61206, -15.68525], [-50.59937, -15.64556], [-50.61665, -15.64583], [-50.62221, -15.61333], [-50.64718, -15.60577]]], [[[-51.24211, -15.67733], [-51.17279, -15.65184], [-51.2186, -15.60434], [-51.24357, -15.54146], [-51.23171, -15.48417], [-51.12327, -15.41888], [-51.08552, -15.49395], [-51.05368, -15.5192], [-51.05455, -15.56558], [-51.02365, -15.6151], [-51.0133, -15.70323], [-50.98904, -15.73547], [-51.0046, -15.77777], [-51.0458, -15.80001], [-51.05374, -15.88406], [-51.11894, -15.90786], [-51.15719, -15.79827], [-51.24483, -15.80649], [-51.3403, -15.73326], [-51.38378, -15.72421], [-51.39161, -15.69623], [-51.43489, -15.66528], [-51.445, -15.60763], [-51.38496, -15.63458], [-51.37138, -15.59724], [-51.24211, -15.67733]]]]}}, {"type": "Feature", "properties": {"code_amc": 16061, "mesorregiao": "Noroeste Goiano", "n_munis": 2}, "geometry": {"type": "Polygon", "coordinates": [[[-51.885, -16.20361], [-51.90295, -16.12371], [-51.8663, -16.08674], [-51.83263, -16.08604], [-51.82064, -16.03459], [-51.7981, -16.02981], [-51.75692, -16.08843], [-51.72572, -16.07752], [-51.70117, -16.11082], [-51.64276, -16.13886], [-51.6447, -16.16081], [-51.61575, -16.18485], [-51.59924, -16.22753], [-51.55447, -16.23025], [-51.53702, -16.25807], [-51.54318, -16.27632], [-51.46908, -16.30207], [-51.46388, -16.32652], [-51.42906, -16.32015], [-51.43989, -16.34926], [-51.41211, -16.37193], [-51.39707, -16.44584], [-51.37506, -16.44397], [-51.37552, -16.46084], [-51.41308, -16.47463], [-51.44463, -16.5224], [-51.5056, -16.53755], [-51.50653, -16.5801], [-51.57336, -16.65711], [-51.5953, -16.6045], [-51.63258, -16.59531], [-51.66908, -16.59907], [-51.68422, -16.62135], [-51.67447, -16.63654], [-51.70755, -16.64347], [-51.75277, -16.59891], [-51.86623, -16.659], [-51.8995, -16.63416], [-51.918, -16.65089], [-51.97297, -16.62925], [-52.0035, -16.56774], [-52.04744, -16.54567], [-52.05206, -16.4915], [-52.14742, -16.45046], [-52.04003, -16.36101], [-52.01856, -16.31169], [-51.97519, -16.30102], [-51.9615, -16.26109], [-51.90989, -16.23993], [-51.885, -16.20361]]]}}, {"type": "Feature", "properties": {"code_amc": 16062, "mesorregiao": "Noroeste Goiano", "n_munis": 2}, "geometry": {"type": "Polygon", "coordinates": [[[-50.79728, -15.02495], [-50.71838, -15.0805], [-50.71804, -15.14929], [-50.74827, -15.1757], [-50.72029, -15.2824], [-50.73026, -15.30422], [-50.70651, -15.32062], [-50.65879, -15.42501], [-50.58204, -15.47406], [-50.55093, -15.46164], [-50.52826, -15.41991], [-50.51665, -15.43002], [-50.53477, -15.4659], [-50.51796, -15.54489], [-50.56399, -15.57636], [-50.58832, -15.57015], [-50.6178, -15.5982], [-50.6804, -15.57447], [-50.73882, -15.49282], [-50.78013, -15.49743], [-50.77984, -15.48021], [-50.80149, -15.48464], [-50.81693, -15.46649], [-50.85124, -15.50324], [-50.87365, -15.4975], [-50.89021, -15.46701], [-50.90699, -15.47412], [-50.92765, -15.43934], [-50.95887, -15.42317], [-50.97552, -15.35761], [-51.00068, -15.36594], [-51.00141, -15.34701], [-51.03299, -15.34359], [-51.07202, -15.23846], [-51.1136, -15.21751], [-51.14238, -15.22238], [-51.14788, -15.20783], [-51.16702, -15.22261], [-51.17693, -15.20373], [-51.14632, -15.15644], [-51.14802, -15.12738], [-51.11588, -15.10209], [-51.11163, -15.05101], [-51.14641, -15.02054], [-51.08368, -14.91783], [-51.08982, -14.84116], [-51.04296, -14.79139], [-51.05396, -14.74666], [-50.99178, -14.61379], [-50.99738, -14.5782], [-50.96285, -14.52702], [-50.99907, -14.41923], [-50.96929, -14.33392], [-50.97527, -14.29085], [-50.91335, -14.16978], [-50.91749, -14.11482], [-50.86909, -14.12566], [-50.84143, -14.1049], [-50.84865, -14.12163], [-50.80104, -14.17926], [-50.78334, -14.22113], [-50.79127, -14.24185], [-50.77302, -14.24364], [-50.75937, -14.2971], [-50.77749, -14.35359], [-50.79565, -14.35014], [-50.79904, -14.39374], [-50.83977, -14.42267], [-50.85924, -14.55735], [-50.88046, -14.59833], [-50.84026, -14.62628], [-50.87988, -14.66634], [-50.85696, -14.67389], [-50.83443, -14.71165], [-50.82887, -14.82168], [-50.80235, -14.85576], [-50.79866, -14.9007], [-50.82438, -14.92594], [-50.8311, -14.95838], [-50.79728, -15.02495]]]}}, {"type": "Feature", "properties": {"code_amc": 16063, "mesorregiao": "Centro Goiano", "n_munis": 1}, "geometry": {"type": "Polygon", "coordinates": [[[-50.58496, -16.70173], [-50.60777, -16.67387], [-50.60713, -16.63457], [-50.66138, -16.61031], [-50.65271, -16.59308], [-50.61679, -16.58931], [-50.59449, -16.50576], [-50.5579, -16.51308], [-50.55496, -16.55334], [-50.54074, -16.54995], [-50.53863, -16.57333], [-50.51499, -16.59302], [-50.52082, -16.61356], [-50.48476, -16.63612], [-50.49207, -16.65728], [-50.47882, -16.67214], [-50.4381, -16.65597], [-50.41603, -16.6283], [-50.37426, -16.63491], [-50.36426, -16.65133], [-50.36155, -16.70263], [-50.40604, -16.71909], [-50.44918, -16.79716], [-50.53601, -16.81368], [-50.57618, -16.84794], [-50.64122, -16.83498], [-50.62974, -16.81336], [-50.64872, -16.80389], [-50.61724, -16.78721], [-50.61488, -16.74584], [-50.58496, -16.70173]]]}}, {"type": "Feature", "properties": {"code_amc": 16064, "mesorregiao": "Centro Goiano", "n_munis": 1}, "geometry": {"type": "Polygon", "coordinates": [[[-49.81498, -16.3981], [-49.739, -16.46642], [-49.69587, -16.4753], [-49.69123, -16.511], [-49.73352, -16.58416], [-49.77699, -16.55851], [-49.80055, -16.51793], [-49.83337, -16.51763], [-49.84056, -16.484], [-49.81515, -16.46468], [-49.83145, -16.44523], [-49.81498, -16.3981]]]}}, {"type": "Feature", "properties": {"code_amc": 16065, "mesorregiao": "Noroeste Goiano", "n_munis": 1}, "geometry": {"type": "Polygon", "coordinates": [[[-52.54506, -16.22313], [-52.54862, -16.16512], [-52.51736, -16.13538], [-52.49606, -16.14114], [-52.36103, -16.08196], [-52.35464, -16.13136], [-52.27008, -16.19687], [-52.30508, -16.24928], [-52.30323, -16.29465], [-52.32119, -16.30686], [-52.27028, -16.34298], [-52.21617, -16.33985], [-52.23594, -16.35188], [-52.23559, -16.38512], [-52.25356, -16.39101], [-52.26381, -16.43367], [-52.19421, -16.46618], [-52.25973, -16.59866], [-52.32731, -16.57436], [-52.33981, -16.54515], [-52.36428, -16.5362], [-52.40717, -16.55491], [-52.43481, -16.53662], [-52.4937, -16.5635], [-52.50861, -16.54115], [-52.5659, -16.5469], [-52.58082, -16.53638], [-52.56456, -16.51802], [-52.59124, -16.53511], [-52.61053, -16.51282], [-52.63523, -16.51261], [-52.63586, -16.50119], [-52.61134, -16.50063], [-52.60439, -16.46466], [-52.62074, -16.46486], [-52.61615, -16.45019], [-52.63856, -16.43708], [-52.64345, -16.41274], [-52.67664, -16.41231], [-52.6884, -16.3963], [-52.67762, -16.38018], [-52.69298, -16.36834], [-52.68692, -16.31548], [-52.65706, -16.28016], [-52.62351, -16.28738], [-52.57642, -16.24995], [-52.54768, -16.26238], [-52.56989, -16.23202], [-52.54506, -16.22313]]]}}, {"type": "Feature", "properties": {"code_amc": 16066, "mesorregiao": "Centro Goiano", "n_munis": 4}, "geometry": {"type": "Polygon", "coordinates": [[[-49.53029, -14.98957], [-49.55745, -14.9934], [-49.59073, -15.03938], [-49.65045, -15.05006], [-49.68581, -15.08069], [-49.70495, -15.0626], [-49.75242, -15.08578], [-49.76445, -15.07097], [-49.81865, -15.08673], [-49.8517, -15.05475], [-49.83709, -15.00389], [-49.85954, -14.98587], [-49.83853, -14.96386], [-49.84915, -14.88337], [-49.81881, -14.77173], [-49.77178, -14.75941], [-49.81576, -14.84251], [-49.81309, -14.94075], [-49.78654, -14.92762], [-49.7685, -14.93568], [-49.76948, -14.91819], [-49.73779, -14.91311], [-49.67481, -14.85691], [-49.67108, -14.83426], [-49.64573, -14.84068], [-49.63792, -14.81739], [-49.59525, -14.80377], [-49.52998, -14.81468], [-49.45377, -14.87152], [-49.34611, -14.80726], [-49.325, -14.82122], [-49.24931, -14.82173], [-49.23486, -14.8652], [-49.20567, -14.8456], [-49.2103, -14.81868], [-49.16522, -14.80297], [-49.19717, -14.77568], [-49.15214, -14.76858], [-49.14939, -14.73597], [-49.1195, -14.74718], [-49.08672, -14.73083], [-49.06963, -14.74358], [-49.04197, -14.70868], [-49.00025, -14.71659], [-49.02105, -14.68806], [-49.0287, -14.63493], [-49.05408, -14.61711], [-49.0428, -14.60606], [-49.016, -14.62095], [-49.04478, -14.58997], [-49.03913, -14.57715], [-49.01142, -14.57578], [-49.00175, -14.59849], [-48.99172, -14.58646], [-48.97489, -14.62302], [-48.99006, -14.62225], [-48.9875, -14.64398], [-48.96684, -14.64548], [-48.96585, -14.66514], [-48.95042, -14.6612], [-48.95028, -14.68104], [-48.90636, -14.67097], [-48.87594, -14.69454], [-48.84284, -14.68954], [-48.81519, -14.66364], [-48.78178, -14.66599], [-48.77188, -14.64276], [-48.72739, -14.6727], [-48.73163, -14.70931], [-48.71278, -14.72656], [-48.71208, -14.76449], [-48.72813, -14.77932], [-48.71344, -14.80191], [-48.74039, -14.8117], [-48.7455, -14.84316], [-48.76178, -14.84747], [-48.75919, -14.88976], [-48.80662, -14.95111], [-48.80364, -14.99618], [-48.84622, -15.04535], [-48.85728, -15.09538], [-48.90828, -15.16394], [-48.9703, -15.16146], [-48.9792, -15.13469], [-49.00489, -15.13832], [-49.00642, -15.11443], [-49.08707, -15.15948], [-49.1592, -15.1571], [-49.19294, -15.12917], [-49.13468, -14.99842], [-49.32711, -14.99056], [-49.38528, -15.01076], [-49.42537, -14.9945], [-49.42825, -14.9704], [-49.44005, -15.00311], [-49.4577, -15.00616], [-49.46145, -14.99269], [-49.52172, -15.00279], [-49.53029, -14.98957]]]}}, {"type": "Feature", "properties": {"code_amc": 16067, "mesorregiao": "Centro Goiano", "n_munis": 2}, "geometry": {"type": "Polygon", "coordinates": [[[-48.86865, -16.76783], [-48.85462, -16.75166], [-48.83103, -16.7667], [-48.83256, -16.79248], [-48.79103, -16.80702], [-48.80581, -16.91239], [-48.76942, -16.93706], [-48.77158, -17.01088], [-48.71522, -17.03961], [-48.68016, -17.12028], [-48.64025, -17.13026], [-48.64478, -17.18387], [-48.72334, -17.15854], [-48.79272, -17.19272], [-48.84397, -17.06448], [-48.88094, -17.01623], [-48.92544, -17.02329], [-48.93922, -17.09043], [-48.98192, -17.09275], [-49.04109, -17.05427], [-49.09842, -17.05524], [-49.08095, -17.04626], [-49.09142, -17.02747], [-49.05886, -16.9729], [-49.09636, -16.956], [-49.09084, -16.94094], [-49.11406, -16.94661], [-49.11392, -16.91416], [-49.1452, -16.90017], [-49.15567, -16.82615], [-49.13445, -16.82759], [-49.13061, -16.79794], [-49.11636, -16.80289], [-49.09436, -16.7718], [-49.06025, -16.78596], [-49.06914, -16.74072], [-49.01175, -16.65846], [-48.97539, -16.69292], [-48.92003, -16.69236], [-48.85844, -16.63095], [-48.85313, -16.65756], [-48.87266, -16.65714], [-48.91743, -16.72433], [-48.88056, -16.74148], [-48.86865, -16.76783]]]}}, {"type": "Feature", "properties": {"code_amc": 16068, "mesorregiao": "Noroeste Goiano", "n_munis": 1}, "geometry": {"type": "Polygon", "coordinates": [[[-52.03655, -15.91598], [-51.82632, -15.9194], [-51.86053, -15.96827], [-51.82772, -15.99071], [-51.81469, -16.04154], [-51.83722, -16.06948], [-51.82995, -16.08359], [-51.8663, -16.08674], [-51.90295, -16.12371], [-51.90122, -16.17074], [-51.88383, -16.17746], [-51.90589, -16.23666], [-51.96084, -16.26046], [-51.97519, -16.30102], [-52.01856, -16.31169], [-52.04003, -16.36101], [-52.13362, -16.43338], [-52.14723, -16.45136], [-52.12184, -16.47231], [-52.17078, -16.47796], [-52.17764, -16.46136], [-52.24286, -16.45367], [-52.26381, -16.43367], [-52.25356, -16.39101], [-52.23559, -16.38512], [-52.23594, -16.35188], [-52.2175, -16.3382], [-52.26829, -16.3436], [-52.32068, -16.30864], [-52.30323, -16.29465], [-52.30161, -16.24183], [-52.26769, -16.20998], [-52.29975, -16.16708], [-52.03655, -15.91598]]]}}, {"type": "Feature", "properties": {"code_amc": 16069, "mesorregiao": "Sul Goiano", "n_munis": 1}, "geometry": {"type": "Polygon", "coordinates": [[[-50.02492, -18.39492], [-50.0474, -18.38926], [-50.05834, -18.35929], [-50.07626, -18.35856], [-50.1171, -18.31527], [-50.09594, -18.25392], [-50.12896, -18.24076], [-50.11729, -18.18137], [-50.1434, -18.20315], [-50.1671, -18.20092], [-50.15509, -18.16537], [-50.18782, -18.13706], [-50.18046, -18.11653], [-50.14068, -18.10472], [-50.13729, -18.12278], [-50.09679, -18.10725], [-50.08621, -18.12707], [-50.07734, -18.10474], [-50.03918, -18.09379], [-50.04293, -18.10484], [-50.00454, -18.12028], [-50.00576, -18.10005], [-49.97581, -18.1079], [-49.9801, -18.09241], [-49.8482, -18.00389], [-49.83576, -18.00916], [-49.84045, -18.03785], [-49.80168, -18.06695], [-49.70376, -18.08837], [-49.68081, -18.07795], [-49.62168, -18.09971], [-49.58393, -18.14583], [-49.59345, -18.17039], [-49.5429, -18.21222], [-49.56423, -18.22481], [-49.56209, -18.26396], [-49.57854, -18.26862], [-49.56806, -18.28468], [-49.57595, -18.29489], [-49.59139, -18.2845], [-49.57987, -18.3012], [-49.59861, -18.2922], [-49.60342, -18.3034], [-49.69629, -18.26076], [-49.69825, -18.24532], [-49.75341, -18.21225], [-49.80729, -18.22721], [-49.8777, -18.28978], [-49.94107, -18.30996], [-49.93601, -18.3277], [-50.02492, -18.39492]]]}}, {"type": "Feature", "properties": {"code_amc": 16070, "mesorregiao": "Centro Goiano", "n_munis": 2}, "geometry": {"type": "Polygon", "coordinates": [[[-48.97539, -16.69292], [-49.04278, -16.63699], [-49.07483, -16.63857], [-49.07803, -16.59349], [-49.02317, -16.54351], [-48.99802, -16.48607], [-48.90096, -16.41775], [-48.8632, -16.45156], [-48.86482, -16.48646], [-48.79558, -16.55844], [-48.78578, -16.5877], [-48.72713, -16.60448], [-48.71797, -16.62925], [-48.72347, -16.6865], [-48.79633, -16.62994], [-48.8313, -16.65767], [-48.85316, -16.6571], [-48.85844, -16.63095], [-48.87641, -16.63935], [-48.92003, -16.69236], [-48.97539, -16.69292]]]}}, {"type": "Feature", "properties": {"code_amc": 16071, "mesorregiao": "Norte Goiano", "n_munis": 2}, "geometry": {"type": "Polygon", "coordinates": [[[-49.83148, -13.46289], [-49.78366, -13.4552], [-49.76561, -13.42818], [-49.69884, -13.40924], [-49.64828, -13.35218], [-49.62439, -13.35373], [-49.57928, -13.28745], [-49.53125, -13.28057], [-49.48448, -13.2501], [-49.44231, -13.2464], [-49.37747, -13.27699], [-49.34222, -13.256], [-49.35081, -13.09396], [-49.27886, -12.98901], [-49.23741, -12.88407], [-49.19653, -12.86725], [-49.12379, -12.79134], [-49.10622, -12.8361], [-49.06752, -12.84734], [-49.08786, -12.88842], [-49.07884, -12.90356], [-49.02302, -12.90712], [-48.97563, -12.95719], [-48.87972, -12.81751], [-48.86927, -12.85985], [-48.84155, -12.88093], [-48.85866, -12.91554], [-48.83278, -12.91896], [-48.84099, -12.93349], [-48.81922, -12.94762], [-48.84917, -12.98592], [-48.87049, -12.98801], [-48.85963, -13.01404], [-48.88044, -13.04062], [-48.8703, -13.06892], [-48.89914, -13.06945], [-48.8783, -13.0927], [-48.8928, -13.10955], [-48.87919, -13.12724], [-48.88811, -13.14967], [-48.91733, -13.14847], [-48.88574, -13.19152], [-48.86789, -13.19141], [-48.85691, -13.24572], [-48.90045, -13.25596], [-48.89914, -13.28357], [-48.94078, -13.31806], [-48.94433, -13.34101], [-48.959, -13.33249], [-48.9619, -13.36158], [-48.99706, -13.39167], [-49.01425, -13.49946], [-49.05953, -13.51715], [-49.08822, -13.56222], [-49.12158, -13.55744], [-49.14705, -13.58438], [-49.24086, -13.59222], [-49.26634, -13.56411], [-49.33427, -13.57463], [-49.35764, -13.56455], [-49.30847, -13.69649], [-49.35767, -13.71089], [-49.4325, -13.66435], [-49.45253, -13.66633], [-49.5215, -13.70249], [-49.52575, -13.71988], [-49.53709, -13.71318], [-49.55042, -13.73964], [-49.54106, -13.7516], [-49.56014, -13.77028], [-49.59259, -13.76484], [-49.59239, -13.74146], [-49.61967, -13.75479], [-49.65656, -13.72378], [-49.70023, -13.75341], [-49.73423, -13.7175], [-49.78317, -13.72708], [-49.83526, -13.68543], [-49.84359, -13.69957], [-49.90939, -13.68109], [-49.95412, -13.70732], [-49.97131, -13.69026], [-50.03239, -13.67989], [-50.05787, -13.70587], [-50.10709, -13.65893], [-50.11634, -13.68926], [-50.13603, -13.6807], [-50.14817, -13.64527], [-50.14956, -13.66062], [-50.191, -13.64216], [-50.20228, -13.65761], [-50.2151, -13.63482], [-50.21664, -13.65089], [-50.23962, -13.65405], [-50.24678, -13.57666], [-50.27531, -13.57962], [-50.25501, -13.54736], [-50.2344, -13.55783], [-50.22351, -13.53684], [-50.20331, -13.53505], [-50.16815, -13.55342], [-50.16128, -13.53111], [-50.14276, -13.53697], [-50.11901, -13.50856], [-50.05946, -13.52452], [-50.00042, -13.48664], [-49.87053, -13.5046], [-49.83148, -13.46289]]]}}, {"type": "Feature", "properties": {"code_amc": 16072, "mesorregiao": "Centro Goiano", "n_munis": 1}, "geometry": {"type": "Polygon", "coordinates": [[[-49.38665, -16.45633], [-49.40571, -16.41699], [-49.45517, -16.38388], [-49.38081, -16.30718], [-49.33681, -16.29258], [-49.36522, -16.33394], [-49.36761, -16.37867], [-49.33923, -16.3879], [-49.29676, -16.44334], [-49.38665, -16.45633]]]}}, {"type": "Feature", "properties": {"code_amc": 16073, "mesorregiao": "Noroeste Goiano", "n_munis": 1}, "geometry": {"type": "Polygon", "coordinates": [[[-51.30677, -15.32342], [-51.21327, -15.30803], [-51.23077, -15.27075], [-51.27241, -15.27582], [-51.38202, -15.24147], [-51.38016, -15.17995], [-51.40977, -15.11694], [-51.39561, -15.03651], [-51.35554, -15.01294], [-51.32622, -14.97093], [-51.30193, -14.98653], [-51.29049, -15.03433], [-51.2426, -15.0354], [-51.15077, -14.98375], [-51.13183, -14.94058], [-51.08406, -14.91645], [-51.14641, -15.02054], [-51.10863, -15.07133], [-51.17693, -15.20373], [-51.16702, -15.22261], [-51.14788, -15.20783], [-51.14238, -15.22238], [-51.1136, -15.21751], [-51.07202, -15.23846], [-51.03299, -15.34359], [-51.00141, -15.34701], [-51.00068, -15.36594], [-50.97552, -15.35761], [-50.95887, -15.42317], [-50.92621, -15.44809], [-51.1191, -15.43662], [-51.13366, -15.41685], [-51.23393, -15.48844], [-51.29289, -15.47072], [-51.31141, -15.48086], [-51.30677, -15.32342]]]}}, {"type": "Feature", "properties": {"code_amc": 16074, "mesorregiao": "Sul Goiano", "n_munis": 1}, "geometry": {"type": "Polygon", "coordinates": [[[-49.07464, -18.18333], [-49.09987, -18.10479], [-49.12247, -18.10685], [-49.15529, -18.12407], [-49.18376, -18.16569], [-49.24614, -18.16659], [-49.18654, -18.08049], [-49.16581, -18.02263], [-49.17987, -18.0217], [-49.17476, -17.98906], [-49.15323, -17.9696], [-49.11431, -17.98382], [-49.0593, -17.94869], [-49.03714, -17.97471], [-48.96089, -17.98593], [-48.94973, -18.0194], [-48.93122, -18.01944], [-48.943, -18.05419], [-48.92267, -18.05872], [-48.91617, -18.0908], [-48.87442, -18.08576], [-48.87461, -18.13694], [-48.8582, -18.13599], [-48.86314, -18.15336], [-48.82508, -18.17632], [-48.83686, -18.18788], [-48.80008, -18.19407], [-48.80786, -18.23342], [-48.82383, -18.23858], [-48.81886, -18.26417], [-48.85345, -18.28915], [-48.89309, -18.26741], [-48.90197, -18.3071], [-48.93677, -18.30621], [-48.9595, -18.32348], [-48.99289, -18.27789], [-49.00917, -18.20603], [-49.07464, -18.18333]]]}}, {"type": "Feature", "properties": {"code_amc": 16075, "mesorregiao": "Leste Goiano", "n_munis": 2}, "geometry": {"type": "Polygon", "coordinates": [[[-46.0003, -14.66464], [-46.02098, -14.66335], [-46.01886, -14.64304], [-46.05111, -14.61599], [-46.10309, -14.61355], [-46.11986, -14.58656], [-46.10817, -14.56241], [-46.12356, -14.52822], [-46.18541, -14.48348], [-46.19597, -14.45534], [-46.27528, -14.4337], [-46.33347, -14.45363], [-46.36076, -14.44136], [-46.38078, -14.44543], [-46.38612, -14.47391], [-46.42947, -14.49274], [-46.45859, -14.47745], [-46.43751, -14.45694], [-46.43222, -14.42268], [-46.36695, -14.39964], [-46.34692, -14.37302], [-46.27992, -14.3718], [-46.19697, -14.30475], [-46.18422, -14.27454], [-46.14178, -14.25814], [-46.13175, -14.2348], [-46.0526, -14.20484], [-46.06103, -14.23252], [-46.02194, -14.26039], [-45.99605, -14.25722], [-45.9953, -14.27891], [-45.96117, -14.28846], [-45.94267, -14.34377], [-45.9073, -14.35323], [-45.93535, -14.41534], [-45.98081, -14.43327], [-46.009, -14.40623], [-46.01758, -14.41898], [-46.00083, -14.43454], [-46.01639, -14.46945], [-45.99367, -14.49539], [-46.00427, -14.51581], [-45.97708, -14.53884], [-45.99664, -14.54297], [-45.9853, -14.57356], [-46.00103, -14.60233], [-45.98483, -14.62081], [-46.0003, -14.66464]]]}}, {"type": "Feature", "properties": {"code_amc": 16076, "mesorregiao": "Leste Goiano", "n_munis": 1}, "geometry": {"type": "Polygon", "coordinates": [[[-47.11359, -15.89688], [-47.10221, -15.73627], [-47.18015, -15.59824], [-47.14551, -15.59461], [-47.04645, -15.53399], [-47.01862, -15.54552], [-46.99976, -15.65271], [-46.97429, -15.64882], [-46.9587, -15.66332], [-46.88481, -15.61045], [-46.85488, -15.6183], [-46.8557, -15.68312], [-46.81315, -15.7872], [-46.82451, -15.81233], [-46.8055, -15.85939], [-46.81172, -15.88609], [-47.1054, -15.95894], [-47.1351, -15.94846], [-47.13412, -15.91954], [-47.11359, -15.89688]]]}}, {"type": "Feature", "properties": {"code_amc": 16077, "mesorregiao": "Sul Goiano", "n_munis": 1}, "geometry": {"type": "Polygon", "coordinates": [[[-51.14776, -18.30148], [-51.09656, -18.34786], [-51.0517, -18.32449], [-50.98108, -18.32532], [-50.97927, -18.28229], [-50.91242, -18.31952], [-50.85505, -18.30011], [-50.82569, -18.35761], [-50.76283, -18.39027], [-50.75352, -18.41825], [-50.85796, -18.4532], [-50.89149, -18.44833], [-50.90257, -18.48195], [-50.9667, -18.51402], [-50.95991, -18.53298], [-50.86964, -18.59646], [-50.86267, -18.62441], [-50.78422, -18.6531], [-50.83888, -18.74435], [-50.81958, -18.87082], [-50.84438, -18.92222], [-50.87322, -18.89633], [-50.93828, -18.87839], [-50.93861, -18.84134], [-50.9858, -18.79289], [-51.00719, -18.71648], [-51.08072, -18.62775], [-51.07889, -18.6057], [-51.21033, -18.45425], [-51.20625, -18.417], [-51.22344, -18.40897], [-51.22281, -18.37238], [-51.23791, -18.3575], [-51.181, -18.29725], [-51.14776, -18.30148]]]}}, {"type": "Feature", "properties": {"code_amc": 16078, "mesorregiao": "Centro Goiano", "n_munis": 1}, "geometry": {"type": "Polygon", "coordinates": [[[-50.70244, -16.62033], [-50.60713, -16.63457], [-50.60777, -16.67387], [-50.58427, -16.70029], [-50.61488, -16.74584], [-50.61724, -16.78721], [-50.64873, -16.80284], [-50.62974, -16.81336], [-50.64038, -16.83435], [-50.73607, -16.80686], [-50.79962, -16.82348], [-50.79041, -16.79649], [-50.81837, -16.72184], [-50.81169, -16.6954], [-50.76195, -16.6809], [-50.73107, -16.58756], [-50.70244, -16.62033]]]}}, {"type": "Feature", "properties": {"code_amc": 16079, "mesorregiao": "Sul Goiano", "n_munis": 3}, "geometry": {"type": "Polygon", "coordinates": [[[-49.79843, -18.64392], [-49.8801, -18.60956], [-49.93165, -18.62399], [-50.02876, -18.60147], [-50.04971, -18.57955], [-50.03015, -18.53455], [-50.06718, -18.42378], [-50.04262, -18.38303], [-50.01763, -18.3925], [-50.00932, -18.37135], [-49.93601, -18.3277], [-49.94107, -18.30996], [-49.8777, -18.28978], [-49.80729, -18.22721], [-49.75341, -18.21225], [-49.69825, -18.24532], [-49.69629, -18.26076], [-49.60342, -18.3034], [-49.59861, -18.2922], [-49.57987, -18.3012], [-49.59139, -18.2845], [-49.57595, -18.29489], [-49.56806, -18.28468], [-49.57854, -18.26862], [-49.56209, -18.26396], [-49.56331, -18.22352], [-49.50839, -18.21428], [-49.47678, -18.27207], [-49.41739, -18.2901], [-49.409, -18.34089], [-49.28531, -18.228], [-49.23784, -18.22128], [-49.25679, -18.19045], [-49.2495, -18.16674], [-49.18376, -18.16569], [-49.12603, -18.10779], [-49.09939, -18.10524], [-49.07464, -18.18333], [-49.00917, -18.20603], [-48.99289, -18.27789], [-48.9595, -18.32348], [-48.9842, -18.34141], [-48.9815, -18.35637], [-49.00596, -18.37436], [-49.03627, -18.37222], [-49.07704, -18.41678], [-49.12628, -18.38251], [-49.1613, -18.41694], [-49.2101, -18.41478], [-49.19411, -18.45245], [-49.22842, -18.47985], [-49.24936, -18.52351], [-49.28675, -18.53891], [-49.29408, -18.56525], [-49.32898, -18.56384], [-49.37876, -18.64235], [-49.41304, -18.64227], [-49.48183, -18.56103], [-49.48629, -18.50646], [-49.50071, -18.49148], [-49.54304, -18.49787], [-49.5571, -18.54658], [-49.65171, -18.56112], [-49.63971, -18.60014], [-49.68205, -18.58885], [-49.73283, -18.61602], [-49.76585, -18.61023], [-49.79843, -18.64392]]]}}, {"type": "Feature", "properties": {"code_amc": 16080, "mesorregiao": "Sul Goiano", "n_munis": 1}, "geometry": {"type": "Polygon", "coordinates": [[[-51.38517, -18.36547], [-51.38403, -18.32014], [-51.35755, -18.28012], [-51.283, -18.32377], [-51.27017, -18.31739], [-51.27025, -18.3361], [-51.22455, -18.3692], [-51.22344, -18.40897], [-51.20625, -18.417], [-51.21033, -18.45425], [-51.07889, -18.6057], [-51.08072, -18.62775], [-51.00719, -18.71648], [-50.9858, -18.79289], [-50.93861, -18.84134], [-50.93828, -18.87839], [-50.87322, -18.89633], [-50.84916, -18.92239], [-50.83655, -18.91262], [-50.81547, -18.94022], [-50.78421, -18.94135], [-50.67905, -19.01883], [-50.64144, -19.12135], [-50.67805, -19.13811], [-50.6778, -19.17251], [-50.73348, -19.18581], [-50.72755, -19.16292], [-50.7535, -19.14037], [-50.76986, -19.14589], [-50.76541, -19.12321], [-50.77907, -19.12464], [-50.78685, -19.09267], [-50.85011, -19.06669], [-50.86713, -19.04477], [-50.88864, -19.0559], [-50.88027, -19.02995], [-50.92416, -19.02268], [-50.92319, -18.99769], [-50.94106, -19.0054], [-50.93541, -18.97799], [-50.96077, -18.97403], [-50.99155, -18.90667], [-51.0398, -18.90654], [-51.04435, -18.88725], [-51.07672, -18.87086], [-51.12097, -18.87581], [-51.15605, -18.81107], [-51.18514, -18.81023], [-51.17858, -18.79036], [-51.21073, -18.78433], [-51.22741, -18.74322], [-51.26386, -18.73182], [-51.32064, -18.67349], [-51.33547, -18.68174], [-51.35475, -18.63581], [-51.37058, -18.64237], [-51.3867, -18.62057], [-51.43433, -18.6098], [-51.43336, -18.59527], [-51.50686, -18.56444], [-51.52772, -18.53819], [-51.52267, -18.52259], [-51.38517, -18.36547]]]}}, {"type": "Feature", "properties": {"code_amc": 16081, "mesorregiao": "Sul Goiano", "n_munis": 3}, "geometry": {"type": "Polygon", "coordinates": [[[-52.26283, -16.59788], [-52.19578, -16.46798], [-52.17764, -16.46136], [-52.17078, -16.47796], [-52.12978, -16.4685], [-52.05206, -16.4915], [-52.04744, -16.54567], [-52.0035, -16.56774], [-51.976, -16.62744], [-51.918, -16.65089], [-51.8995, -16.63416], [-51.86623, -16.659], [-51.75277, -16.59891], [-51.707, -16.64337], [-51.67447, -16.63654], [-51.68422, -16.62135], [-51.66908, -16.59907], [-51.63258, -16.59531], [-51.5953, -16.6045], [-51.57336, -16.65711], [-51.50653, -16.5801], [-51.5056, -16.53755], [-51.45619, -16.52896], [-51.41308, -16.47463], [-51.37049, -16.46569], [-51.34317, -16.47919], [-51.33747, -16.50932], [-51.30611, -16.51885], [-51.28764, -16.55428], [-51.30783, -16.56478], [-51.25666, -16.6167], [-51.26088, -16.64766], [-51.21985, -16.6976], [-51.22386, -16.8144], [-51.20561, -16.81053], [-51.1958, -16.83953], [-51.15252, -16.86759], [-51.14874, -16.89144], [-51.10397, -16.89454], [-51.05458, -16.95722], [-51.1078, -16.96914], [-51.08674, -17.01587], [-51.09804, -17.05982], [-51.13652, -17.0914], [-51.13546, -17.11649], [-51.20605, -17.11775], [-51.26628, -17.15625], [-51.26708, -17.18698], [-51.29521, -17.18264], [-51.28525, -17.22336], [-51.32239, -17.2702], [-51.3863, -17.28993], [-51.42312, -17.33485], [-51.53615, -17.33809], [-51.54823, -17.31939], [-51.56211, -17.32924], [-51.65722, -17.2783], [-51.72422, -17.28245], [-51.7468, -17.26898], [-51.78104, -17.32151], [-51.84797, -17.29692], [-51.85425, -17.33608], [-51.88036, -17.33416], [-51.88733, -17.36933], [-51.93956, -17.34837], [-51.95576, -17.35566], [-51.96076, -17.39109], [-51.94806, -17.404], [-51.98139, -17.46902], [-51.992, -17.48725], [-52.0298, -17.49106], [-52.042, -17.46135], [-52.07028, -17.46741], [-52.06742, -17.44038], [-52.09914, -17.43134], [-52.10612, -17.38119], [-52.14562, -17.3559], [-52.15253, -17.32297], [-52.17192, -17.30892], [-52.26655, -17.32561], [-52.3257, -17.29388], [-52.34873, -17.3051], [-52.39305, -17.25785], [-52.44564, -17.28689], [-52.4485, -17.25955], [-52.46812, -17.24628], [-52.49318, -17.2615], [-52.52103, -17.10065], [-52.55128, -17.0829], [-52.54506, -17.06513], [-52.58606, -17.04025], [-52.6047, -17.0456], [-52.64201, -17.00266], [-52.61403, -16.98976], [-52.61646, -16.96685], [-52.74326, -16.96103], [-52.74764, -16.9421], [-52.82868, -16.87954], [-52.81568, -16.86337], [-52.82956, -16.84731], [-52.82112, -16.82215], [-52.83643, -16.81561], [-52.83028, -16.7604], [-52.78598, -16.74119], [-52.78518, -16.7134], [-52.76175, -16.70628], [-52.7552, -16.67226], [-52.77126, -16.66851], [-52.74043, -16.6568], [-52.74687, -16.63071], [-52.7157, -16.63926], [-52.7402, -16.58906], [-52.7054, -16.59908], [-52.70356, -16.57056], [-52.67165, -16.58301], [-52.6739, -16.56906], [-52.66017, -16.57035], [-52.66862, -16.55051], [-52.65351, -16.56166], [-52.64701, -16.54591], [-52.63576, -16.55163], [-52.62943, -16.51777], [-52.61053, -16.51282], [-52.59124, -16.53511], [-52.56456, -16.51802], [-52.58082, -16.53638], [-52.5659, -16.5469], [-52.50861, -16.54115], [-52.4937, -16.5635], [-52.43481, -16.53662], [-52.40717, -16.55491], [-52.36428, -16.5362], [-52.33981, -16.54515], [-52.32731, -16.57436], [-52.26283, -16.59788]]]}}, {"type": "Feature", "properties": {"code_amc": 16082, "mesorregiao": "Sul Goiano", "n_munis": 2}, "geometry": {"type": "Polygon", "coordinates": [[[-48.71848, -17.84466], [-48.71769, -17.91467], [-48.78291, -17.93567], [-48.84697, -17.90783], [-48.85116, -17.87801], [-48.83156, -17.85881], [-48.84941, -17.85484], [-48.8157, -17.81167], [-48.8465, -17.74514], [-48.83492, -17.73906], [-48.84055, -17.69808], [-48.88397, -17.66744], [-48.89303, -17.63425], [-48.92816, -17.60176], [-48.91475, -17.5471], [-48.90131, -17.53015], [-48.85064, -17.56077], [-48.78058, -17.57282], [-48.72747, -17.53515], [-48.70561, -17.53962], [-48.69414, -17.49361], [-48.61483, -17.47625], [-48.50111, -17.49156], [-48.51724, -17.5149], [-48.4983, -17.55109], [-48.5102, -17.56958], [-48.46986, -17.58876], [-48.45764, -17.61617], [-48.47794, -17.62768], [-48.45163, -17.63054], [-48.47113, -17.65744], [-48.45441, -17.68613], [-48.46047, -17.71262], [-48.49472, -17.71197], [-48.49922, -17.73987], [-48.52111, -17.7551], [-48.50981, -17.78551], [-48.54632, -17.79315], [-48.54483, -17.80878], [-48.56316, -17.81659], [-48.51339, -17.8512], [-48.50733, -17.90127], [-48.52445, -17.92493], [-48.51801, -17.98036], [-48.54428, -17.99362], [-48.54296, -18.03034], [-48.56341, -18.04985], [-48.64102, -18.06115], [-48.62156, -18.00044], [-48.63552, -17.94603], [-48.71848, -17.84466]]]}}, {"type": "Feature", "properties": {"code_amc": 16083, "mesorregiao": "Sul Goiano", "n_munis": 1}, "geometry": {"type": "Polygon", "coordinates": [[[-49.63878, -16.79501], [-49.59895, -16.8022], [-49.61073, -16.84183], [-49.66532, -16.8753], [-49.74092, -16.89448], [-49.72873, -16.87312], [-49.75498, -16.851], [-49.78201, -16.78016], [-49.72912, -16.67092], [-49.68926, -16.66932], [-49.65351, -16.76048], [-49.61692, -16.77923], [-49.63878, -16.79501]]]}}, {"type": "Feature", "properties": {"code_amc": 16084, "mesorregiao": "Norte Goiano", "n_munis": 2}, "geometry": {"type": "Polygon", "coordinates": [[[-48.8058, -14.06301], [-48.76782, -13.84644], [-48.78449, -13.81793], [-48.72691, -13.77494], [-48.7093, -13.70901], [-48.66766, -13.68507], [-48.65966, -13.62856], [-48.57974, -13.62792], [-48.56286, -13.59187], [-48.50944, -13.61572], [-48.45602, -13.6082], [-48.46544, -13.66794], [-48.42883, -13.70122], [-48.45521, -13.70901], [-48.43552, -13.73006], [-48.43491, -13.7611], [-48.37627, -13.80212], [-48.38508, -13.82109], [-48.36797, -13.8241], [-48.33953, -13.87297], [-48.31727, -13.97645], [-48.35946, -13.97552], [-48.43396, -14.02293], [-48.4733, -14.01939], [-48.4848, -14.06328], [-48.5038, -14.07244], [-48.50224, -14.10883], [-48.56388, -14.13123], [-48.59897, -14.18578], [-48.67294, -14.17156], [-48.69153, -14.15093], [-48.70717, -14.16062], [-48.72349, -14.12721], [-48.76325, -14.11973], [-48.76747, -14.14828], [-48.79822, -14.14075], [-48.82364, -14.17675], [-48.84932, -14.15859], [-48.88056, -14.19044], [-48.88172, -14.212], [-48.89316, -14.2079], [-48.89794, -14.23409], [-48.9467, -14.2509], [-48.96886, -14.29529], [-49.01019, -14.30704], [-49.01656, -14.32186], [-48.98608, -14.34129], [-48.99331, -14.38815], [-48.97747, -14.41444], [-48.99425, -14.45616], [-49.02597, -14.4699], [-49.02311, -14.49585], [-49.05336, -14.49914], [-49.0057, -14.5509], [-49.03686, -14.56294], [-49.04491, -14.58842], [-49.016, -14.62095], [-49.0428, -14.60606], [-49.05408, -14.61711], [-49.0287, -14.63493], [-49.00213, -14.71909], [-49.04197, -14.70868], [-49.06963, -14.74358], [-49.09128, -14.73048], [-49.12211, -14.74714], [-49.14347, -14.73375], [-49.15214, -14.76858], [-49.19305, -14.76869], [-49.20047, -14.74628], [-49.28145, -14.70257], [-49.2788, -14.68337], [-49.31733, -14.67333], [-49.32317, -14.63792], [-49.35106, -14.61169], [-49.39136, -14.63795], [-49.43279, -14.62225], [-49.42875, -14.60221], [-49.45436, -14.58535], [-49.44681, -14.55762], [-49.3923, -14.53424], [-49.38689, -14.50674], [-49.36918, -14.52285], [-49.3485, -14.51162], [-49.34598, -14.47843], [-49.32394, -14.47184], [-49.3338, -14.45584], [-49.29905, -14.43289], [-49.30283, -14.40396], [-49.28125, -14.41412], [-49.26209, -14.3957], [-49.1366, -14.37261], [-49.08056, -14.32757], [-49.0088, -14.092], [-48.8058, -14.06301]]]}}, {"type": "Feature", "properties": {"code_amc": 16085, "mesorregiao": "Norte Goiano", "n_munis": 1}, "geometry": {"type": "Polygon", "coordinates": [[[-48.78803, -13.7105], [-48.71636, -13.6454], [-48.66132, -13.64421], [-48.66766, -13.68507], [-48.7093, -13.70901], [-48.72691, -13.77494], [-48.78449, -13.81793], [-48.76782, -13.84644], [-48.79856, -14.06197], [-49.0088, -14.092], [-49.08056, -14.32757], [-49.1366, -14.37261], [-49.19366, -14.38473], [-49.15372, -14.21177], [-49.188, -14.18077], [-49.17572, -14.1541], [-49.18102, -14.03148], [-49.12452, -14.02211], [-49.10836, -14.00461], [-49.02544, -14.01172], [-48.9693, -14.03392], [-48.94308, -14.01007], [-48.91572, -14.00822], [-48.92455, -13.96492], [-48.88139, -13.93364], [-48.86936, -13.86489], [-48.7864, -13.8099], [-48.7813, -13.79373], [-48.80583, -13.77189], [-48.78339, -13.73757], [-48.78803, -13.7105]]]}}, {"type": "Feature", "properties": {"code_amc": 16086, "mesorregiao": "Sul Goiano", "n_munis": 1}, "geometry": {"type": "Polygon", "coordinates": [[[-47.88913, -17.37815], [-47.88406, -17.26163], [-47.84598, -17.26091], [-47.79305, -17.21204], [-47.7371, -17.19009], [-47.71815, -17.14959], [-47.67654, -17.23092], [-47.6899, -17.26379], [-47.5548, -17.3563], [-47.52143, -17.42387], [-47.54035, -17.44586], [-47.54001, -17.48573], [-47.55632, -17.48784], [-47.55752, -17.54139], [-47.59412, -17.54909], [-47.60149, -17.57633], [-47.58885, -17.5929], [-47.61457, -17.59343], [-47.61007, -17.61924], [-47.6336, -17.61786], [-47.6419, -17.6472], [-47.61057, -17.74548], [-47.6293, -17.75374], [-47.62351, -17.7839], [-47.6516, -17.79318], [-47.64252, -17.81451], [-47.66387, -17.82166], [-47.65537, -17.83705], [-47.73337, -17.83977], [-47.75468, -17.77899], [-47.7753, -17.83183], [-47.81799, -17.84305], [-47.79948, -17.87187], [-47.8686, -17.91953], [-47.91778, -17.91387], [-47.94127, -17.89532], [-47.97236, -17.90267], [-47.98382, -17.88891], [-47.95555, -17.84225], [-47.95865, -17.81051], [-47.9451, -17.81556], [-47.95216, -17.79195], [-47.92696, -17.73999], [-47.96405, -17.62542], [-47.96663, -17.55368], [-47.94483, -17.53243], [-47.94102, -17.47375], [-47.88913, -17.37815]]]}}, {"type": "Feature", "properties": {"code_amc": 16087, "mesorregiao": "Norte Goiano", "n_munis": 1}, "geometry": {"type": "Polygon", "coordinates": [[[-46.75061, -12.96916], [-46.45465, -12.97115], [-46.43279, -12.93072], [-46.41762, -12.82346], [-46.40829, -12.84579], [-46.36619, -12.86485], [-46.3607, -12.90884], [-46.37693, -12.96339], [-46.36428, -12.99136], [-46.11164, -12.92559], [-46.12584, -12.96148], [-46.27338, -13.01495], [-46.29592, -13.06394], [-46.45111, -13.05499], [-46.45492, -13.01871], [-46.50217, -13.0047], [-46.60556, -13.04316], [-46.62306, -13.06482], [-46.67262, -13.06067], [-46.7165, -13.10441], [-46.80278, -13.08599], [-46.82161, -13.05807], [-46.85456, -13.06731], [-46.8197, -13.00247], [-46.75061, -12.96916]]]}}, {"type": "Feature", "properties": {"code_amc": 16088, "mesorregiao": "Norte Goiano", "n_munis": 2}, "geometry": {"type": "Polygon", "coordinates": [[[-49.82578, -14.23482], [-49.80867, -14.20726], [-49.8314, -14.20435], [-49.83423, -14.18389], [-49.84415, -14.19683], [-49.86129, -14.18312], [-49.8205, -14.14115], [-49.84656, -14.11507], [-49.86715, -14.1181], [-49.88084, -14.09908], [-49.8704, -14.07788], [-49.89636, -14.06866], [-49.87342, -14.04519], [-49.88184, -13.98636], [-49.85148, -13.97689], [-49.86695, -13.95775], [-49.81843, -13.94048], [-49.79439, -13.97457], [-49.81048, -13.98371], [-49.7987, -13.99678], [-49.80898, -14.00821], [-49.79942, -14.01949], [-49.78442, -14.00439], [-49.74612, -14.0466], [-49.75648, -14.08358], [-49.71067, -14.05684], [-49.67995, -14.0598], [-49.68239, -14.07543], [-49.64622, -14.09364], [-49.65778, -14.10796], [-49.63939, -14.11846], [-49.62601, -14.10781], [-49.60776, -14.13736], [-49.57287, -14.12981], [-49.54584, -14.16672], [-49.56301, -14.19049], [-49.56164, -14.23284], [-49.49706, -14.25519], [-49.47359, -14.46249], [-49.52289, -14.47529], [-49.54162, -14.46389], [-49.55454, -14.50269], [-49.53561, -14.5469], [-49.57539, -14.62695], [-49.56682, -14.6448], [-49.61545, -14.68153], [-49.62695, -14.63242], [-49.64414, -14.62826], [-49.63375, -14.57025], [-49.66198, -14.53192], [-49.66053, -14.48098], [-49.68672, -14.47904], [-49.7105, -14.43982], [-49.73348, -14.44903], [-49.73228, -14.41945], [-49.76501, -14.41561], [-49.75597, -14.39271], [-49.78164, -14.38839], [-49.77373, -14.32652], [-49.80031, -14.32692], [-49.7805, -14.30322], [-49.81067, -14.29063], [-49.80409, -14.26024], [-49.8147, -14.26593], [-49.82578, -14.23482]]]}}, {"type": "Feature", "properties": {"code_amc": 16089, "mesorregiao": "Centro Goiano", "n_munis": 2}, "geometry": {"type": "Polygon", "coordinates": [[[-49.7889, -15.28058], [-49.6742, -15.30796], [-49.66359, -15.3402], [-49.62581, -15.35873], [-49.59234, -15.35447], [-49.58823, -15.3765], [-49.60634, -15.38511], [-49.61173, -15.4127], [-49.63876, -15.40269], [-49.69501, -15.42004], [-49.684, -15.48282], [-49.70329, -15.50892], [-49.73276, -15.50504], [-49.73323, -15.52533], [-49.75807, -15.5415], [-49.85475, -15.53353], [-49.88948, -15.50751], [-49.88548, -15.47491], [-49.86107, -15.44979], [-49.86012, -15.39309], [-49.88209, -15.40209], [-49.91559, -15.38185], [-49.89126, -15.36571], [-49.89842, -15.32975], [-49.8568, -15.33081], [-49.7889, -15.28058]]]}}, {"type": "Feature", "properties": {"code_amc": 16090, "mesorregiao": "Sul Goiano", "n_munis": 4}, "geometry": {"type": "Polygon", "coordinates": [[[-50.35515, -18.15888], [-50.28193, -18.07879], [-50.22513, -18.07836], [-50.18765, -18.0604], [-50.16209, -18.08972], [-50.1616, -18.11982], [-50.1817, -18.11752], [-50.18531, -18.14151], [-50.2341, -18.13749], [-50.28983, -18.19822], [-50.33985, -18.20295], [-50.37849, -18.24329], [-50.51174, -18.21472], [-50.52065, -18.17497], [-50.56093, -18.17125], [-50.58624, -18.13806], [-50.60777, -18.16908], [-50.67635, -18.19384], [-50.81513, -18.1738], [-50.81002, -18.25134], [-50.88765, -18.32078], [-50.94049, -18.31418], [-50.97927, -18.28229], [-50.98108, -18.32532], [-51.0517, -18.32449], [-51.10458, -18.34572], [-51.14644, -18.30056], [-51.1245, -18.28273], [-51.137, -18.24549], [-51.12125, -18.24227], [-51.12619, -18.21619], [-51.11325, -18.2052], [-51.15438, -18.13531], [-51.16558, -18.07058], [-51.21225, -18.00854], [-51.2063, -17.97611], [-51.23319, -17.94452], [-51.24208, -17.88576], [-51.27927, -17.88869], [-51.29033, -17.8612], [-51.34669, -17.87465], [-51.3885, -17.86697], [-51.45202, -17.80862], [-51.45811, -17.76894], [-51.47817, -17.74928], [-51.53931, -17.73635], [-51.58133, -17.68625], [-51.63698, -17.66193], [-51.60753, -17.60301], [-51.68836, -17.5481], [-51.70422, -17.52413], [-51.6948, -17.5005], [-51.73045, -17.46707], [-51.72075, -17.4165], [-51.73206, -17.37406], [-51.70407, -17.29722], [-51.68758, -17.27543], [-51.66203, -17.27722], [-51.56211, -17.32924], [-51.54823, -17.31939], [-51.53615, -17.33809], [-51.42312, -17.33485], [-51.3863, -17.28993], [-51.32239, -17.2702], [-51.28525, -17.22336], [-51.29521, -17.18264], [-51.26708, -17.18698], [-51.26628, -17.15625], [-51.20605, -17.11775], [-51.13546, -17.11649], [-51.13652, -17.0914], [-51.09804, -17.05982], [-51.08674, -17.01587], [-51.1078, -16.96914], [-51.04713, -16.95764], [-50.94771, -17.09057], [-50.90668, -17.12213], [-50.90374, -17.15458], [-50.83686, -17.17251], [-50.82149, -17.19214], [-50.79846, -17.18029], [-50.77676, -17.18946], [-50.75177, -17.23184], [-50.72044, -17.24831], [-50.73771, -17.26663], [-50.71707, -17.29937], [-50.69024, -17.29809], [-50.69705, -17.32031], [-50.67729, -17.33014], [-50.67132, -17.35756], [-50.65583, -17.34768], [-50.63601, -17.38639], [-50.63149, -17.36764], [-50.6088, -17.37618], [-50.58957, -17.40971], [-50.55708, -17.40414], [-50.52443, -17.43141], [-50.52488, -17.46437], [-50.54266, -17.47672], [-50.5216, -17.47695], [-50.51505, -17.51884], [-50.55862, -17.54289], [-50.55043, -17.58745], [-50.61796, -17.63258], [-50.63535, -17.62379], [-50.70072, -17.65914], [-50.73697, -17.71454], [-50.78639, -17.74665], [-50.78578, -17.7783], [-50.7448, -17.83221], [-50.67588, -17.84584], [-50.65396, -17.87118], [-50.64177, -17.86318], [-50.72236, -17.95129], [-50.70777, -17.96594], [-50.58838, -17.98105], [-50.52602, -17.95053], [-50.46762, -17.95187], [-50.48077, -18.00032], [-50.5074, -18.0184], [-50.4381, -18.05101], [-50.40838, -18.12776], [-50.35515, -18.15888]]]}}, {"type": "Feature", "properties": {"code_amc": 16091, "mesorregiao": "Sul Goiano", "n_munis": 1}, "geometry": {"type": "Polygon", "coordinates": [[[-47.58885, -17.5929], [-47.59412, -17.54909], [-47.55752, -17.54139], [-47.55632, -17.48784], [-47.54135, -17.48763], [-47.53308, -17.4572], [-47.5143, -17.46081], [-47.49563, -17.52638], [-47.47771, -17.51133], [-47.4571, -17.5384], [-47.39864, -17.51222], [-47.33315, -17.52345], [-47.28386, -17.57758], [-47.26397, -17.62046], [-47.28138, -17.65325], [-47.27034, -17.67529], [-47.31368, -17.69902], [-47.31785, -17.72664], [-47.34273, -17.74446], [-47.33271, -17.76662], [-47.35448, -17.78754], [-47.35204, -17.81513], [-47.37306, -17.82995], [-47.34059, -17.93741], [-47.31385, -17.96322], [-47.31918, -17.99604], [-47.29685, -18.00939], [-47.28251, -18.05655], [-47.3578, -18.08502], [-47.35588, -18.10511], [-47.39379, -18.11624], [-47.40823, -18.14199], [-47.47844, -18.07747], [-47.49721, -18.02947], [-47.56734, -17.98265], [-47.59383, -17.99697], [-47.63404, -18.06056], [-47.67513, -18.04642], [-47.66463, -18.0758], [-47.69521, -18.12558], [-47.78799, -18.12115], [-47.82107, -18.13924], [-47.87671, -18.22417], [-47.87835, -18.29318], [-47.9139, -18.33997], [-47.85343, -18.36261], [-47.86699, -18.40301], [-47.85371, -18.4187], [-47.87365, -18.45915], [-47.86324, -18.46974], [-47.91427, -18.46658], [-47.95691, -18.50021], [-47.97921, -18.47596], [-47.98091, -18.44286], [-48.00476, -18.45509], [-48.02846, -18.43569], [-47.97729, -18.38365], [-47.94077, -18.38103], [-47.93935, -18.32898], [-47.96199, -18.31772], [-47.97345, -18.28742], [-48.04657, -18.29833], [-48.06236, -18.26436], [-48.00975, -18.17802], [-48.05141, -18.14419], [-48.02385, -18.1244], [-48.03069, -18.0652], [-48.08882, -18.03363], [-48.07836, -18.02036], [-48.09614, -17.99323], [-48.17335, -17.96949], [-48.16142, -17.95148], [-48.12477, -17.9442], [-48.1193, -17.91884], [-48.10883, -17.93064], [-48.08563, -17.91236], [-48.02626, -17.92406], [-47.98882, -17.89239], [-47.8614, -17.91766], [-47.84332, -17.89052], [-47.79948, -17.87187], [-47.81799, -17.84305], [-47.7753, -17.83183], [-47.75468, -17.77899], [-47.73337, -17.83977], [-47.65537, -17.83705], [-47.66387, -17.82166], [-47.64252, -17.81451], [-47.6516, -17.79318], [-47.62351, -17.7839], [-47.6293, -17.75374], [-47.61057, -17.74548], [-47.64135, -17.64208], [-47.6328, -17.61611], [-47.61007, -17.61924], [-47.61457, -17.59343], [-47.58885, -17.5929]]]}}, {"type": "Feature", "properties": {"code_amc": 16092, "mesorregiao": "Centro Goiano", "n_munis": 1}, "geometry": {"type": "Polygon", "coordinates": [[[-49.46519, -16.41338], [-49.44642, -16.45338], [-49.48134, -16.45904], [-49.522, -16.49903], [-49.57673, -16.49809], [-49.58595, -16.48398], [-49.6564, -16.50943], [-49.696, -16.503], [-49.68339, -16.42439], [-49.63668, -16.42034], [-49.63103, -16.39901], [-49.55601, -16.40737], [-49.54686, -16.42641], [-49.4924, -16.41573], [-49.4809, -16.4263], [-49.46519, -16.41338]]]}}, {"type": "Feature", "properties": {"code_amc": 16093, "mesorregiao": "Norte Goiano", "n_munis": 3}, "geometry": {"type": "Polygon", "coordinates": [[[-48.24787, -13.85795], [-48.19346, -13.78663], [-48.13785, -13.7535], [-48.14671, -13.66696], [-48.11131, -13.61766], [-48.11013, -13.56868], [-48.09202, -13.55409], [-48.10807, -13.54039], [-48.14083, -13.54786], [-48.13157, -13.50497], [-48.1553, -13.49773], [-48.16191, -13.47858], [-48.19871, -13.47146], [-48.18696, -13.42068], [-48.1689, -13.44843], [-48.14666, -13.43633], [-48.14654, -13.38451], [-48.17027, -13.36938], [-48.17177, -13.30531], [-48.08302, -13.28878], [-48.07635, -13.23861], [-48.03313, -13.25398], [-48.02432, -13.27919], [-47.9868, -13.27687], [-47.96632, -13.31526], [-47.93588, -13.29072], [-47.88358, -13.32051], [-47.82122, -13.31261], [-47.67899, -13.46771], [-47.62273, -13.36766], [-47.65013, -13.35125], [-47.66221, -13.30385], [-47.64049, -13.26321], [-47.66626, -13.21865], [-47.65535, -13.17788], [-47.66999, -13.1683], [-47.64451, -13.14986], [-47.63571, -13.10372], [-47.61413, -13.10545], [-47.56252, -13.12262], [-47.56307, -13.18423], [-47.4846, -13.18245], [-47.48562, -13.22216], [-47.43576, -13.2271], [-47.43129, -13.23803], [-47.4551, -13.24938], [-47.43287, -13.28808], [-47.39752, -13.2611], [-47.37715, -13.26662], [-47.34654, -13.32004], [-47.35251, -13.34678], [-47.26084, -13.44852], [-47.1978, -13.4521], [-47.15109, -13.41067], [-47.12676, -13.43918], [-47.14336, -13.51042], [-47.13795, -13.56666], [-47.16154, -13.63165], [-47.14871, -13.67783], [-47.19423, -13.72287], [-47.19815, -13.8613], [-47.24479, -13.8788], [-47.24237, -13.93847], [-47.26312, -13.97582], [-47.50535, -13.96004], [-47.55404, -14.03047], [-47.5914, -14.05653], [-47.60904, -14.0466], [-47.66803, -14.07316], [-47.6971, -14.06801], [-47.72945, -14.09676], [-47.75733, -14.09454], [-47.8599, -14.17998], [-47.9321, -14.17698], [-47.83854, -14.33442], [-47.8661, -14.33829], [-47.86943, -14.35332], [-47.91405, -14.33222], [-47.92613, -14.29997], [-47.90913, -14.28186], [-47.94988, -14.28546], [-47.9813, -14.25686], [-48.00324, -14.26727], [-48.0048, -14.24292], [-48.04413, -14.23448], [-48.04963, -14.21369], [-48.12677, -14.17081], [-48.11952, -14.15566], [-48.13958, -14.12524], [-48.16299, -14.11859], [-48.19327, -14.0226], [-48.2453, -13.99332], [-48.25283, -13.95795], [-48.32691, -13.92768], [-48.34588, -13.86264], [-48.33533, -13.83812], [-48.3173, -13.84601], [-48.2823, -13.83129], [-48.24787, -13.85795]]]}}, {"type": "Feature", "properties": {"code_amc": 16094, "mesorregiao": "Centro Goiano", "n_munis": 3}, "geometry": {"type": "Polygon", "coordinates": [[[-49.54966, -15.18393], [-49.56556, -15.24196], [-49.55066, -15.26223], [-49.58934, -15.31126], [-49.57457, -15.33618], [-49.59146, -15.3545], [-49.64589, -15.35214], [-49.6742, -15.30796], [-49.7715, -15.2885], [-49.74576, -15.25231], [-49.74895, -15.23743], [-49.77381, -15.2356], [-49.67186, -15.0616], [-49.59073, -15.03938], [-49.54217, -14.98587], [-49.52172, -15.00279], [-49.46145, -14.99269], [-49.45672, -15.00623], [-49.43517, -14.99807], [-49.42825, -14.9704], [-49.42537, -14.9945], [-49.38528, -15.01076], [-49.32497, -14.99097], [-49.38784, -15.0494], [-49.40109, -15.0975], [-49.44311, -15.11669], [-49.45445, -15.09997], [-49.47126, -15.12479], [-49.50517, -15.13083], [-49.47906, -15.13984], [-49.48253, -15.17664], [-49.50223, -15.16836], [-49.50961, -15.18245], [-49.52056, -15.17264], [-49.54966, -15.18393]]]}}, {"type": "Feature", "properties": {"code_amc": 16095, "mesorregiao": "Sul Goiano", "n_munis": 2}, "geometry": {"type": "Polygon", "coordinates": [[[-49.63801, -17.30581], [-49.65973, -17.2532], [-49.75201, -17.13911], [-49.84587, -17.16224], [-49.85126, -17.12424], [-49.82476, -17.09656], [-49.82221, -17.06689], [-49.85342, -17.04087], [-49.82228, -17.00994], [-49.85182, -17.01016], [-49.85515, -16.9884], [-49.89974, -16.95477], [-49.92968, -16.96033], [-49.94987, -17.0291], [-49.97463, -17.05147], [-50.05465, -17.08459], [-50.07906, -17.07668], [-50.08079, -17.04806], [-50.03443, -16.9606], [-50.03823, -16.93467], [-50.08793, -16.91999], [-50.10574, -16.95252], [-50.15405, -16.91722], [-50.10137, -16.89365], [-50.11059, -16.79683], [-50.15876, -16.71948], [-50.14998, -16.67957], [-50.00557, -16.62012], [-49.97279, -16.5902], [-49.92798, -16.62796], [-49.91067, -16.61445], [-49.88656, -16.64015], [-49.71885, -16.64513], [-49.78201, -16.78107], [-49.75498, -16.851], [-49.72873, -16.87312], [-49.74153, -16.89257], [-49.72634, -16.93263], [-49.74931, -16.94418], [-49.74023, -16.96778], [-49.75201, -16.99527], [-49.73067, -17.07235], [-49.70593, -17.07465], [-49.71984, -17.08225], [-49.7014, -17.0862], [-49.68595, -17.13772], [-49.65257, -17.15048], [-49.66629, -17.17767], [-49.64292, -17.18326], [-49.61557, -17.24098], [-49.62753, -17.24416], [-49.61446, -17.2763], [-49.63079, -17.28505], [-49.61737, -17.2912], [-49.61634, -17.29598], [-49.63801, -17.30581]]]}}, {"type": "Feature", "properties": {"code_amc": 16096, "mesorregiao": "Leste Goiano", "n_munis": 2}, "geometry": {"type": "Polygon", "coordinates": [[[-48.41929, -15.9143], [-48.40972, -15.97666], [-48.42516, -15.98716], [-48.48661, -15.93542], [-48.52447, -15.93318], [-48.54189, -15.9156], [-48.59065, -15.92056], [-48.60833, -15.94], [-48.62875, -15.92785], [-48.65113, -15.97501], [-48.6162, -16.05901], [-48.62286, -16.14835], [-48.68733, -16.1437], [-48.79419, -16.01352], [-48.90741, -15.98947], [-48.88842, -15.95855], [-48.90216, -15.94772], [-48.89922, -15.8819], [-48.87317, -15.87653], [-48.87102, -15.84902], [-48.84361, -15.83508], [-48.86214, -15.806], [-48.83412, -15.79918], [-48.81644, -15.74946], [-48.83463, -15.7245], [-48.81013, -15.66777], [-48.8105, -15.6335], [-48.82722, -15.62205], [-48.79566, -15.59005], [-48.8053, -15.57182], [-48.7923, -15.55542], [-48.82981, -15.53983], [-48.80042, -15.49721], [-48.73983, -15.4934], [-48.74808, -15.47093], [-48.7312, -15.46237], [-48.71181, -15.38994], [-48.68975, -15.39917], [-48.6618, -15.36942], [-48.61858, -15.35883], [-48.57166, -15.374], [-48.55907, -15.41725], [-48.56975, -15.44535], [-48.55524, -15.46043], [-48.58097, -15.4806], [-48.59869, -15.53263], [-48.54625, -15.58292], [-48.54113, -15.6095], [-48.4791, -15.61938], [-48.4126, -15.65392], [-48.39319, -15.64323], [-48.38469, -15.61138], [-48.35074, -15.63654], [-48.30913, -15.62168], [-48.25391, -15.64833], [-48.29913, -15.70907], [-48.34907, -15.72582], [-48.35094, -15.79181], [-48.37829, -15.81593], [-48.41929, -15.9143]]]}}, {"type": "Feature", "properties": {"code_amc": 16097, "mesorregiao": "Centro Goiano", "n_munis": 1}, "geometry": {"type": "Polygon", "coordinates": [[[-50.59585, -16.2354], [-50.55743, -16.20158], [-50.52896, -16.23476], [-50.50346, -16.22817], [-50.46301, -16.26085], [-50.5171, -16.39347], [-50.53524, -16.38924], [-50.52829, -16.40732], [-50.54127, -16.40071], [-50.52349, -16.42608], [-50.54504, -16.44861], [-50.52315, -16.48477], [-50.55326, -16.52102], [-50.59962, -16.49251], [-50.60919, -16.50968], [-50.62465, -16.49401], [-50.63474, -16.51451], [-50.65457, -16.49056], [-50.65685, -16.44985], [-50.68188, -16.45004], [-50.6766, -16.33312], [-50.60504, -16.31975], [-50.59585, -16.2354]]]}}, {"type": "Feature", "properties": {"code_amc": 16098, "mesorregiao": "Sul Goiano", "n_munis": 1}, "geometry": {"type": "Polygon", "coordinates": [[[-48.60398, -18.06293], [-48.54361, -18.03207], [-48.54428, -17.99362], [-48.51801, -17.98036], [-48.51227, -17.87845], [-48.47178, -17.86617], [-48.45316, -17.83855], [-48.41105, -17.86341], [-48.39814, -17.89473], [-48.4133, -17.9165], [-48.39572, -17.91493], [-48.38345, -17.94413], [-48.31522, -17.94359], [-48.32044, -17.9875], [-48.29777, -18.03327], [-48.39877, -18.12716], [-48.33391, -18.20183], [-48.29878, -18.27779], [-48.33239, -18.28383], [-48.32697, -18.3109], [-48.35461, -18.31958], [-48.34494, -18.35481], [-48.33024, -18.35383], [-48.34164, -18.36971], [-48.4005, -18.37187], [-48.40572, -18.35634], [-48.44566, -18.3553], [-48.48124, -18.38014], [-48.48481, -18.35363], [-48.51565, -18.36642], [-48.55454, -18.34695], [-48.56141, -18.32389], [-48.63382, -18.32765], [-48.64717, -18.34389], [-48.69775, -18.35017], [-48.75772, -18.34476], [-48.81636, -18.37966], [-48.83713, -18.34148], [-48.91774, -18.30588], [-48.89789, -18.30182], [-48.89309, -18.26741], [-48.85345, -18.28915], [-48.81886, -18.26417], [-48.82083, -18.23486], [-48.77792, -18.23873], [-48.71183, -18.19915], [-48.7273, -18.19216], [-48.71286, -18.17145], [-48.72789, -18.16022], [-48.68422, -18.11904], [-48.71577, -18.11734], [-48.6898, -18.0903], [-48.65825, -18.08558], [-48.64361, -18.04809], [-48.63876, -18.06248], [-48.60398, -18.06293]]]}}, {"type": "Feature", "properties": {"code_amc": 16099, "mesorregiao": "Leste Goiano", "n_munis": 1}, "geometry": {"type": "Polygon", "coordinates": [[[-47.81996, -16.63347], [-47.79682, -16.52353], [-47.78235, -16.52877], [-47.77016, -16.57008], [-47.7286, -16.54451], [-47.7191, -16.4708], [-47.64921, -16.3814], [-47.64091, -16.28448], [-47.66613, -16.24215], [-47.65848, -16.16726], [-47.73243, -16.16332], [-47.72454, -16.09444], [-47.67707, -16.06944], [-47.6873, -16.05336], [-47.30839, -16.05026], [-47.31134, -16.08813], [-47.33313, -16.08589], [-47.33776, -16.12848], [-47.35273, -16.13283], [-47.33196, -16.17174], [-47.33632, -16.20159], [-47.32212, -16.20878], [-47.328, -16.24922], [-47.36627, -16.3315], [-47.42718, -16.39416], [-47.42952, -16.44266], [-47.45382, -16.46559], [-47.46007, -16.5051], [-47.44371, -16.54158], [-47.40507, -16.55649], [-47.41287, -16.57586], [-47.3869, -16.58886], [-47.37738, -16.57951], [-47.37668, -16.60087], [-47.34284, -16.59236], [-47.33535, -16.61691], [-47.31854, -16.60356], [-47.32127, -16.61867], [-47.28651, -16.63406], [-47.27723, -16.66005], [-47.25016, -16.66682], [-47.25148, -16.7055], [-47.22165, -16.7263], [-47.23599, -16.75539], [-47.21723, -16.78007], [-47.22036, -16.80785], [-47.21201, -16.82885], [-47.19353, -16.82521], [-47.20934, -16.86549], [-47.19318, -16.88316], [-47.19779, -16.91002], [-47.18093, -16.90233], [-47.16007, -16.9206], [-47.1742, -16.93194], [-47.15693, -16.94142], [-47.16659, -16.95264], [-47.12593, -16.98177], [-47.15112, -16.99735], [-47.13112, -17.00817], [-47.14684, -17.03125], [-47.16156, -17.02935], [-47.16697, -17.04749], [-47.18445, -17.03596], [-47.18037, -17.06281], [-47.22973, -17.08965], [-47.24773, -17.08177], [-47.24818, -17.09856], [-47.28196, -17.11489], [-47.28271, -17.1441], [-47.35199, -17.1665], [-47.34018, -17.18739], [-47.36304, -17.18649], [-47.34989, -17.20233], [-47.36265, -17.22271], [-47.37598, -17.21716], [-47.38423, -17.24778], [-47.40782, -17.24596], [-47.43446, -17.27622], [-47.4192, -17.29545], [-47.42287, -17.32309], [-47.45488, -17.32974], [-47.44156, -17.34838], [-47.46529, -17.35585], [-47.50992, -17.33199], [-47.50065, -17.29528], [-47.52501, -17.27983], [-47.53076, -17.24259], [-47.59829, -17.16696], [-47.64085, -17.14596], [-47.65712, -17.09252], [-47.71324, -17.05433], [-47.71976, -17.0333], [-47.68455, -16.94447], [-47.6906, -16.90212], [-47.73068, -16.92928], [-47.89394, -16.91823], [-47.88296, -16.84605], [-47.90429, -16.814], [-47.87871, -16.78206], [-47.89152, -16.74167], [-47.86371, -16.674], [-47.81996, -16.63347]]]}}, {"type": "Feature", "properties": {"code_amc": 16100, "mesorregiao": "Sul Goiano", "n_munis": 1}, "geometry": {"type": "Polygon", "coordinates": [[[-48.75593, -17.16929], [-48.70342, -17.15842], [-48.64584, -17.18432], [-48.60139, -17.11921], [-48.57086, -17.1319], [-48.60641, -17.22287], [-48.70322, -17.23821], [-48.75408, -17.27995], [-48.79414, -17.35384], [-48.80419, -17.31576], [-48.78522, -17.28724], [-48.8097, -17.224], [-48.80386, -17.18878], [-48.79903, -17.17788], [-48.78816, -17.19416], [-48.75593, -17.16929]]]}}, {"type": "Feature", "properties": {"code_amc": 16101, "mesorregiao": "Noroeste Goiano", "n_munis": 4}, "geometry": {"type": "Polygon", "coordinates": [[[-49.94309, -13.9146], [-49.93676, -13.89576], [-49.95011, -13.90155], [-49.95262, -13.88532], [-49.87293, -13.89738], [-49.85559, -13.91543], [-49.84592, -13.89868], [-49.83231, -13.90784], [-49.81851, -13.94083], [-49.86695, -13.95775], [-49.85148, -13.97689], [-49.88184, -13.98636], [-49.87342, -14.04519], [-49.89636, -14.06866], [-49.8704, -14.07788], [-49.88084, -14.09908], [-49.86715, -14.1181], [-49.84656, -14.11507], [-49.8205, -14.14115], [-49.86129, -14.18312], [-49.84415, -14.19683], [-49.83553, -14.1831], [-49.8314, -14.20435], [-49.80781, -14.20898], [-49.82578, -14.23482], [-49.8147, -14.26593], [-49.80409, -14.26024], [-49.81009, -14.2918], [-49.7805, -14.30322], [-49.79973, -14.32819], [-49.77373, -14.32652], [-49.78164, -14.38839], [-49.75636, -14.39227], [-49.76576, -14.4149], [-49.74145, -14.41107], [-49.73348, -14.44903], [-49.7105, -14.43982], [-49.694, -14.466], [-49.71545, -14.46435], [-49.72581, -14.48482], [-49.77049, -14.47699], [-49.74865, -14.4996], [-49.75508, -14.53166], [-49.77109, -14.50683], [-49.77845, -14.54009], [-49.79893, -14.5341], [-49.82518, -14.56174], [-49.80703, -14.57824], [-49.82453, -14.59482], [-49.81245, -14.62028], [-49.78489, -14.61976], [-49.7689, -14.6455], [-49.77717, -14.65464], [-49.75631, -14.6474], [-49.73156, -14.68945], [-49.78109, -14.76158], [-49.82479, -14.78161], [-49.81492, -14.79194], [-49.82992, -14.80498], [-49.85065, -14.90086], [-49.839, -14.9654], [-49.87995, -14.98794], [-49.91098, -14.96536], [-49.96595, -14.99999], [-49.96934, -15.0202], [-49.98779, -15.01481], [-50.04565, -15.05925], [-50.05489, -15.12442], [-50.07973, -15.13638], [-50.11628, -15.11743], [-50.12832, -15.07984], [-50.19104, -15.05937], [-50.19929, -15.04916], [-50.18471, -15.0373], [-50.2071, -15.03185], [-50.20104, -15.02119], [-50.23656, -15.01264], [-50.24437, -14.96629], [-50.32057, -14.93974], [-50.30321, -14.89769], [-50.35074, -14.85156], [-50.3401, -14.83601], [-50.35709, -14.812], [-50.38002, -14.81249], [-50.38693, -14.79133], [-50.41539, -14.79791], [-50.44607, -14.72368], [-50.46901, -14.73222], [-50.50318, -14.71981], [-50.48635, -14.69144], [-50.50988, -14.67791], [-50.51947, -14.64928], [-50.54482, -14.64161], [-50.54843, -14.6139], [-50.57123, -14.62996], [-50.58777, -14.67651], [-50.6401, -14.67151], [-50.66493, -14.70509], [-50.6896, -14.6994], [-50.71845, -14.72058], [-50.78346, -14.68165], [-50.78248, -14.62881], [-50.83546, -14.60854], [-50.86109, -14.62161], [-50.8796, -14.60085], [-50.85924, -14.55735], [-50.83977, -14.42267], [-50.79904, -14.39374], [-50.79565, -14.35014], [-50.77749, -14.35359], [-50.75937, -14.2971], [-50.77302, -14.24364], [-50.79127, -14.24185], [-50.78334, -14.22113], [-50.80104, -14.17926], [-50.84865, -14.12163], [-50.83129, -14.07449], [-50.86596, -13.97522], [-50.8413, -13.92727], [-50.84062, -13.86585], [-50.85674, -13.83155], [-50.85382, -13.76577], [-50.87179, -13.73309], [-50.80396, -13.69096], [-50.76849, -13.59704], [-50.76345, -13.53001], [-50.69696, -13.47593], [-50.68415, -13.44416], [-50.66546, -13.44228], [-50.66565, -13.37614], [-50.61215, -13.31662], [-50.60812, -13.35288], [-50.57545, -13.3888], [-50.59414, -13.40421], [-50.5727, -13.40647], [-50.54126, -13.46045], [-50.51832, -13.46424], [-50.54274, -13.50483], [-50.49588, -13.5539], [-50.45412, -13.56408], [-50.4469, -13.54694], [-50.41484, -13.5436], [-50.38292, -13.57746], [-50.37422, -13.56012], [-50.27223, -13.53549], [-50.25501, -13.54736], [-50.27464, -13.58124], [-50.24678, -13.57666], [-50.23364, -13.61988], [-50.23962, -13.65405], [-50.21664, -13.65089], [-50.2151, -13.63482], [-50.20228, -13.65761], [-50.191, -13.64216], [-50.14956, -13.66062], [-50.14817, -13.64527], [-50.13603, -13.6807], [-50.11634, -13.68926], [-50.10709, -13.65893], [-50.05676, -13.70613], [-50.03239, -13.67989], [-49.97131, -13.69026], [-49.96045, -13.74356], [-49.92062, -13.76742], [-49.92754, -13.79699], [-49.95601, -13.812], [-49.93898, -13.82824], [-49.97496, -13.88248], [-49.94309, -13.9146]]]}}, {"type": "Feature", "properties": {"code_amc": 16102, "mesorregiao": "Sul Goiano", "n_munis": 1}, "geometry": {"type": "Polygon", "coordinates": [[[-49.25698, -17.20002], [-49.30573, -17.31287], [-49.28903, -17.33798], [-49.3007, -17.37383], [-49.34385, -17.34468], [-49.35159, -17.31965], [-49.45283, -17.3138], [-49.48995, -17.26327], [-49.40674, -17.20387], [-49.45028, -17.14326], [-49.40122, -17.15921], [-49.32586, -17.13024], [-49.27675, -17.15965], [-49.25698, -17.20002]]]}}, {"type": "Feature", "properties": {"code_amc": 16103, "mesorregiao": "Sul Goiano", "n_munis": 1}, "geometry": {"type": "Polygon", "coordinates": [[[-48.17502, -18.32576], [-48.19424, -18.27835], [-48.21788, -18.28167], [-48.22558, -18.26815], [-48.26119, -18.28937], [-48.27189, -18.33088], [-48.31495, -18.36416], [-48.30808, -18.38496], [-48.34164, -18.36971], [-48.33024, -18.35383], [-48.34494, -18.35481], [-48.35641, -18.32762], [-48.32697, -18.3109], [-48.33239, -18.28383], [-48.29978, -18.27996], [-48.31874, -18.247], [-48.28571, -18.24133], [-48.29218, -18.22806], [-48.27553, -18.23365], [-48.27552, -18.21932], [-48.22579, -18.19641], [-48.06236, -18.26436], [-48.0431, -18.29995], [-47.97345, -18.28742], [-47.96199, -18.31772], [-47.93935, -18.32898], [-47.93933, -18.37835], [-47.97729, -18.38365], [-48.02846, -18.43569], [-48.05583, -18.41324], [-48.07819, -18.43054], [-48.10934, -18.42913], [-48.1478, -18.40821], [-48.16136, -18.37223], [-48.2267, -18.35789], [-48.20399, -18.32873], [-48.17502, -18.32576]]]}}, {"type": "Feature", "properties": {"code_amc": 16104, "mesorregiao": null, "n_munis": 1}, "geometry": {"type": "Polygon", "coordinates": [[[-46.31628, -14.52474], [-46.33475, -14.46305], [-46.32322, -14.44697], [-46.27528, -14.4337], [-46.19597, -14.45534], [-46.18541, -14.48348], [-46.12356, -14.52822], [-46.10817, -14.56241], [-46.11986, -14.58656], [-46.10309, -14.61355], [-46.06547, -14.60973], [-46.02053, -14.64083], [-46.02589, -14.67802], [-46.16202, -14.66497], [-46.19672, -14.6157], [-46.25383, -14.60242], [-46.31628, -14.52474]]]}}, {"type": "Feature", "properties": {"code_amc": 16105, "mesorregiao": "Centro Goiano", "n_munis": 1}, "geometry": {"type": "Polygon", "coordinates": [[[-49.37659, -16.30659], [-49.36992, -16.20858], [-49.39267, -16.18763], [-49.29131, -16.23031], [-49.27595, -16.26647], [-49.30795, -16.31119], [-49.31954, -16.31064], [-49.3177, -16.28217], [-49.34534, -16.27036], [-49.33681, -16.29258], [-49.37659, -16.30659]]]}}, {"type": "Feature", "properties": {"code_amc": 16106, "mesorregiao": "Sul Goiano", "n_munis": 1}, "geometry": {"type": "Polygon", "coordinates": [[[-47.60744, -18.24694], [-47.63677, -18.23942], [-47.63138, -18.20897], [-47.65257, -18.21705], [-47.64007, -18.17287], [-47.6514, -18.18585], [-47.66502, -18.15866], [-47.68838, -18.17113], [-47.67787, -18.15402], [-47.71063, -18.12416], [-47.6853, -18.11828], [-47.69473, -18.10695], [-47.66463, -18.0758], [-47.67513, -18.04642], [-47.63404, -18.06056], [-47.59383, -17.99697], [-47.56651, -17.98266], [-47.49721, -18.02947], [-47.47844, -18.07747], [-47.40823, -18.14199], [-47.42879, -18.13928], [-47.43004, -18.16581], [-47.45124, -18.15917], [-47.48493, -18.19353], [-47.51559, -18.19638], [-47.53374, -18.23071], [-47.54057, -18.19338], [-47.60744, -18.24694]]]}}, {"type": "Feature", "properties": {"code_amc": 16107, "mesorregiao": "Noroeste Goiano", "n_munis": 1}, "geometry": {"type": "Polygon", "coordinates": [[[-51.30688, -16.21159], [-51.27452, -16.16516], [-51.25666, -16.18419], [-51.2265, -16.13065], [-51.22715, -16.09208], [-51.20257, -16.07017], [-51.17049, -16.12523], [-51.1709, -16.18974], [-51.1346, -16.22498], [-51.11241, -16.30685], [-51.36772, -16.28462], [-51.40096, -16.26543], [-51.4163, -16.31174], [-51.46116, -16.32736], [-51.46908, -16.30207], [-51.54318, -16.27632], [-51.53702, -16.25807], [-51.55635, -16.22818], [-51.59924, -16.22753], [-51.6165, -16.184], [-51.54846, -16.1742], [-51.54144, -16.14004], [-51.51046, -16.14921], [-51.47513, -16.11056], [-51.42305, -16.16595], [-51.44374, -16.18027], [-51.43352, -16.20714], [-51.3785, -16.18789], [-51.36116, -16.21073], [-51.32033, -16.19496], [-51.30688, -16.21159]]]}}, {"type": "Feature", "properties": {"code_amc": 16108, "mesorregiao": "Sul Goiano", "n_munis": 2}, "geometry": {"type": "Polygon", "coordinates": [[[-49.90588, -17.61533], [-49.93143, -17.6072], [-49.94473, -17.59927], [-49.94893, -17.601], [-49.92276, -17.61575], [-49.93217, -17.64486], [-49.95504, -17.62761], [-49.97584, -17.6636], [-50.01065, -17.6562], [-50.01174, -17.68256], [-50.03351, -17.67665], [-50.02904, -17.71388], [-50.06151, -17.72666], [-50.0786, -17.71501], [-50.06054, -17.7694], [-50.09146, -17.79014], [-50.11381, -17.77851], [-50.14985, -17.80776], [-50.18046, -17.77913], [-50.20924, -17.77472], [-50.18988, -17.76108], [-50.21007, -17.74743], [-50.18252, -17.73286], [-50.20485, -17.7015], [-50.18751, -17.69571], [-50.18927, -17.67514], [-50.15762, -17.66505], [-50.17443, -17.6444], [-50.15013, -17.59739], [-50.12935, -17.60614], [-50.10004, -17.59147], [-50.09374, -17.54391], [-50.07293, -17.53032], [-50.06523, -17.49272], [-50.0789, -17.47158], [-50.05321, -17.44185], [-50.05326, -17.37486], [-49.99518, -17.32108], [-50.02096, -17.26771], [-50.01302, -17.22757], [-49.85434, -17.20489], [-49.82393, -17.22759], [-49.81934, -17.2688], [-49.79662, -17.26859], [-49.76609, -17.22048], [-49.71051, -17.19269], [-49.65973, -17.2532], [-49.64493, -17.29618], [-49.64087, -17.37277], [-49.65537, -17.39181], [-49.63454, -17.39512], [-49.64454, -17.40614], [-49.62445, -17.41938], [-49.63095, -17.43983], [-49.65282, -17.44093], [-49.63951, -17.46047], [-49.64759, -17.47659], [-49.62889, -17.48413], [-49.66756, -17.49189], [-49.64882, -17.51839], [-49.66854, -17.51938], [-49.68173, -17.54796], [-49.72487, -17.55434], [-49.75945, -17.58492], [-49.85051, -17.57728], [-49.86187, -17.60792], [-49.88404, -17.61775], [-49.89904, -17.59584], [-49.90588, -17.61533]]]}}, {"type": "Feature", "properties": {"code_amc": 16109, "mesorregiao": "Norte Goiano", "n_munis": 1}, "geometry": {"type": "Polygon", "coordinates": [[[-49.15394, -13.84359], [-49.15908, -13.78203], [-49.18247, -13.76826], [-49.18128, -13.72475], [-49.12891, -13.68002], [-49.14003, -13.72084], [-49.1157, -13.77157], [-49.07852, -13.73719], [-49.05094, -13.765], [-48.97816, -13.74814], [-48.98088, -13.77378], [-49.00372, -13.78906], [-48.99459, -13.81758], [-49.02517, -13.84982], [-49.02388, -13.89004], [-49.1018, -13.94209], [-49.11472, -13.93186], [-49.11094, -13.88653], [-49.15394, -13.84359]]]}}, {"type": "Feature", "properties": {"code_amc": 16110, "mesorregiao": "Centro Goiano", "n_munis": 1}, "geometry": {"type": "Polygon", "coordinates": [[[-50.98734, -16.15562], [-51.00685, -16.1202], [-51.09324, -16.10328], [-51.17302, -16.03075], [-51.21516, -16.03067], [-51.20665, -16.00361], [-51.23566, -15.99439], [-51.23791, -15.96397], [-51.25783, -15.96261], [-51.22153, -15.94126], [-51.19577, -15.9656], [-51.15146, -15.95193], [-51.08108, -15.97954], [-51.06363, -15.96904], [-50.99429, -16.02708], [-50.9403, -16.02091], [-50.91424, -16.05374], [-50.88555, -16.04391], [-50.87207, -16.01095], [-50.81427, -16.02363], [-50.79672, -15.9999], [-50.82238, -16.06931], [-50.81052, -16.08844], [-50.65718, -16.10721], [-50.63088, -16.15719], [-50.60548, -16.14882], [-50.61641, -16.17833], [-50.59582, -16.19971], [-50.60954, -16.27453], [-50.59618, -16.3049], [-50.60757, -16.3217], [-50.6766, -16.33312], [-50.68115, -16.41408], [-50.72496, -16.39684], [-50.75238, -16.40373], [-50.75524, -16.34404], [-50.78218, -16.34636], [-50.79249, -16.32179], [-50.8116, -16.31751], [-50.83588, -16.22849], [-50.98734, -16.15562]]]}}, {"type": "Feature", "properties": {"code_amc": 16111, "mesorregiao": "Centro Goiano", "n_munis": 1}, "geometry": {"type": "Polygon", "coordinates": [[[-50.44379, -16.59398], [-50.30407, -16.5557], [-50.27838, -16.52952], [-50.28123, -16.50627], [-50.24896, -16.45366], [-50.22671, -16.45214], [-50.24723, -16.5517], [-50.23987, -16.63922], [-50.20846, -16.68338], [-50.21534, -16.70705], [-50.25329, -16.73316], [-50.27318, -16.79826], [-50.28742, -16.79725], [-50.28563, -16.76647], [-50.36008, -16.74139], [-50.35102, -16.72579], [-50.37176, -16.69159], [-50.37235, -16.63609], [-50.41603, -16.6283], [-50.45483, -16.66671], [-50.49048, -16.66345], [-50.44379, -16.59398]]]}}, {"type": "Feature", "properties": {"code_amc": 16112, "mesorregiao": "Leste Goiano", "n_munis": 1}, "geometry": {"type": "Polygon", "coordinates": [[[-47.07226, -14.59676], [-47.10493, -14.53878], [-47.15218, -14.53085], [-47.15723, -14.46626], [-47.18379, -14.43871], [-47.1892, -14.40307], [-47.18443, -14.30271], [-47.17165, -14.2675], [-47.139, -14.25436], [-47.12929, -14.20061], [-47.0854, -14.17072], [-47.08429, -14.14237], [-47.05364, -14.10387], [-46.99643, -14.0815], [-46.97834, -14.09749], [-46.9552, -14.09086], [-46.93068, -14.11874], [-46.94437, -14.14412], [-46.96784, -14.14944], [-46.97823, -14.1954], [-46.99304, -14.19413], [-46.93298, -14.27254], [-46.93337, -14.30543], [-46.87959, -14.36024], [-46.87129, -14.40383], [-46.89259, -14.40832], [-46.8902, -14.42925], [-46.8584, -14.43949], [-46.85106, -14.48988], [-46.87309, -14.5179], [-46.84637, -14.52415], [-46.85604, -14.53617], [-46.81193, -14.5689], [-46.7867, -14.5619], [-46.77356, -14.58232], [-46.7607, -14.56835], [-46.73582, -14.60696], [-46.71653, -14.59442], [-46.69831, -14.61063], [-46.66766, -14.75639], [-46.62978, -14.7752], [-46.5602, -15.02862], [-46.52613, -15.05637], [-46.57531, -15.08363], [-46.64102, -15.08759], [-46.72648, -15.03842], [-46.84434, -15.00908], [-46.92506, -15.05751], [-46.98434, -14.91057], [-47.0547, -14.90287], [-47.07281, -14.81012], [-47.11448, -14.77898], [-47.0932, -14.75162], [-47.09562, -14.71985], [-47.11262, -14.70717], [-47.10051, -14.68954], [-47.10974, -14.66785], [-47.08516, -14.63712], [-47.10073, -14.62724], [-47.07226, -14.59676]]]}}, {"type": "Feature", "properties": {"code_amc": 16113, "mesorregiao": "Leste Goiano", "n_munis": 2}, "geometry": {"type": "Polygon", "coordinates": [[[-47.37538, -14.81612], [-47.35709, -14.77565], [-47.31304, -14.76553], [-47.3224, -14.7499], [-47.31631, -14.73847], [-47.30782, -14.74949], [-47.28253, -14.69433], [-47.23615, -14.68916], [-47.23129, -14.63073], [-47.21579, -14.62686], [-47.22054, -14.60397], [-47.20443, -14.60743], [-47.18531, -14.54396], [-47.09354, -14.54579], [-47.08953, -14.58307], [-47.07226, -14.59676], [-47.10073, -14.62724], [-47.08516, -14.63712], [-47.10974, -14.66785], [-47.10051, -14.68954], [-47.11262, -14.70717], [-47.09562, -14.71985], [-47.0932, -14.75162], [-47.11448, -14.77898], [-47.07281, -14.81012], [-47.0547, -14.90287], [-46.98434, -14.91057], [-46.92604, -15.07356], [-46.88832, -15.11254], [-46.94087, -15.2307], [-46.92766, -15.2551], [-46.89148, -15.23526], [-46.88932, -15.28225], [-46.83568, -15.32513], [-46.86948, -15.36147], [-46.84948, -15.37316], [-46.91786, -15.4195], [-46.94421, -15.51819], [-46.94764, -15.56077], [-46.89453, -15.59539], [-46.88878, -15.61748], [-46.9587, -15.66332], [-46.97429, -15.64882], [-46.99976, -15.65271], [-47.01862, -15.54552], [-47.04645, -15.53399], [-47.14551, -15.59461], [-47.18015, -15.59824], [-47.10221, -15.73627], [-47.12251, -15.84797], [-47.10978, -15.85571], [-47.11359, -15.89688], [-47.21953, -16.01424], [-47.27654, -16.00617], [-47.31847, -16.03778], [-47.37724, -15.98637], [-47.36121, -15.92447], [-47.38078, -15.88121], [-47.36742, -15.82837], [-47.31258, -15.7401], [-47.33369, -15.63155], [-47.31556, -15.59492], [-47.41766, -15.54639], [-47.41734, -15.50026], [-47.49597, -15.50026], [-47.49009, -15.42177], [-47.4669, -15.37669], [-47.48777, -15.2999], [-47.5469, -15.29191], [-47.51557, -15.27192], [-47.50601, -15.24222], [-47.52779, -15.20743], [-47.57652, -15.02297], [-47.5644, -14.93768], [-47.49962, -14.90712], [-47.4784, -14.81735], [-47.4225, -14.82921], [-47.37538, -14.81612]]]}}, {"type": "Feature", "properties": {"code_amc": 16114, "mesorregiao": "Norte Goiano", "n_munis": 3}, "geometry": {"type": "Polygon", "coordinates": [[[-48.92635, -13.66742], [-48.92024, -13.62156], [-48.83257, -13.54644], [-48.82464, -13.50062], [-48.85703, -13.43654], [-48.8932, -13.42444], [-48.90419, -13.38372], [-48.93497, -13.37683], [-48.93511, -13.352], [-48.96107, -13.33864], [-48.94433, -13.34101], [-48.94078, -13.31806], [-48.89914, -13.28357], [-48.90045, -13.25596], [-48.85619, -13.24237], [-48.86789, -13.19141], [-48.88574, -13.19152], [-48.91733, -13.14847], [-48.88811, -13.14967], [-48.87919, -13.12724], [-48.8928, -13.10955], [-48.8783, -13.0927], [-48.89914, -13.06945], [-48.8703, -13.06892], [-48.88044, -13.04062], [-48.85963, -13.01404], [-48.87049, -12.98801], [-48.84917, -12.98592], [-48.81922, -12.94762], [-48.84099, -12.93349], [-48.83278, -12.91896], [-48.85941, -12.91382], [-48.84155, -12.88093], [-48.86107, -12.87332], [-48.87889, -12.8356], [-48.87008, -12.80348], [-48.84677, -12.8098], [-48.84236, -12.8444], [-48.82094, -12.8443], [-48.81455, -12.86413], [-48.73658, -12.92102], [-48.73366, -12.98064], [-48.71781, -13.00232], [-48.67166, -12.99573], [-48.6385, -13.0161], [-48.62773, -13.05216], [-48.60141, -13.06088], [-48.59664, -13.10687], [-48.5771, -13.12567], [-48.59677, -13.15263], [-48.57793, -13.18747], [-48.60057, -13.23863], [-48.58764, -13.25475], [-48.60055, -13.29516], [-48.57147, -13.32422], [-48.56052, -13.38954], [-48.58111, -13.42313], [-48.54699, -13.43076], [-48.53941, -13.45181], [-48.56927, -13.45801], [-48.58625, -13.50903], [-48.62594, -13.53621], [-48.64668, -13.57969], [-48.6848, -13.59694], [-48.72691, -13.66854], [-48.78722, -13.70849], [-48.78416, -13.74022], [-48.80583, -13.77189], [-48.78144, -13.80172], [-48.86936, -13.86489], [-48.88139, -13.93364], [-48.91991, -13.94216], [-48.97066, -13.90437], [-49.02194, -13.89559], [-49.02744, -13.87485], [-49.02517, -13.84982], [-48.99163, -13.80946], [-49.00336, -13.78779], [-48.97691, -13.76682], [-48.98991, -13.73371], [-48.96814, -13.71847], [-48.96441, -13.68446], [-48.92635, -13.66742]]]}}, {"type": "Feature", "properties": {"code_amc": 16115, "mesorregiao": "Sul Goiano", "n_munis": 3}, "geometry": {"type": "Polygon", "coordinates": [[[-48.63825, -17.16545], [-48.63969, -17.13107], [-48.68091, -17.11951], [-48.71522, -17.03961], [-48.77158, -17.01088], [-48.76942, -16.93706], [-48.80581, -16.91239], [-48.79103, -16.80702], [-48.83256, -16.79248], [-48.83451, -16.7633], [-48.85606, -16.75143], [-48.86865, -16.76783], [-48.88056, -16.74148], [-48.91562, -16.73073], [-48.87266, -16.65714], [-48.8313, -16.65767], [-48.79633, -16.62994], [-48.72347, -16.6865], [-48.71883, -16.67658], [-48.72713, -16.60448], [-48.78578, -16.5877], [-48.79558, -16.55844], [-48.86482, -16.48646], [-48.8632, -16.45156], [-48.90096, -16.41775], [-48.86885, -16.39493], [-48.8542, -16.40387], [-48.75572, -16.38229], [-48.75086, -16.33216], [-48.77005, -16.2985], [-48.7595, -16.28653], [-48.63128, -16.28271], [-48.61805, -16.31002], [-48.55063, -16.34629], [-48.49653, -16.32397], [-48.48991, -16.29582], [-48.41155, -16.28667], [-48.37422, -16.30897], [-48.39869, -16.32445], [-48.40058, -16.38493], [-48.35866, -16.40155], [-48.34161, -16.44415], [-48.3058, -16.45315], [-48.26656, -16.49567], [-48.22916, -16.60235], [-48.19141, -16.64846], [-48.19472, -16.735], [-48.26435, -16.73746], [-48.32069, -16.66249], [-48.38497, -16.62765], [-48.50858, -16.64801], [-48.59869, -16.91608], [-48.52797, -17.00879], [-48.58619, -17.09048], [-48.57258, -17.12936], [-48.60139, -17.11921], [-48.63825, -17.16545]]]}}, {"type": "Feature", "properties": {"code_amc": 16116, "mesorregiao": null, "n_munis": 1}, "geometry": {"type": "Polygon", "coordinates": [[[-46.71452, -13.38543], [-46.69648, -13.35316], [-46.70303, -13.29805], [-46.67748, -13.28368], [-46.68318, -13.24365], [-46.5902, -13.21378], [-46.53075, -13.15401], [-46.50628, -13.09713], [-46.44942, -13.05509], [-46.40948, -13.10833], [-46.37586, -13.2174], [-46.39512, -13.31345], [-46.38306, -13.38286], [-46.71452, -13.38543]]]}}, {"type": "Feature", "properties": {"code_amc": 16117, "mesorregiao": "Centro Goiano", "n_munis": 2}, "geometry": {"type": "Polygon", "coordinates": [[[-48.98091, -16.399], [-49.02317, -16.54351], [-49.06025, -16.56448], [-49.07261, -16.59269], [-49.09669, -16.59129], [-49.10539, -16.56183], [-49.16764, -16.5784], [-49.16628, -16.5626], [-49.18923, -16.54837], [-49.12323, -16.50836], [-49.09353, -16.38146], [-49.05011, -16.37627], [-49.02348, -16.41293], [-48.98091, -16.399]]]}}, {"type": "Feature", "properties": {"code_amc": 16118, "mesorregiao": "Sul Goiano", "n_munis": 1}, "geometry": {"type": "Polygon", "coordinates": [[[-48.1769, -17.97259], [-48.12727, -17.97417], [-48.09614, -17.99323], [-48.07836, -18.02036], [-48.08882, -18.03363], [-48.03069, -18.0652], [-48.02385, -18.1244], [-48.05141, -18.14419], [-48.00975, -18.17802], [-48.06236, -18.26436], [-48.22401, -18.19675], [-48.26661, -18.22337], [-48.27322, -18.21442], [-48.26292, -18.20882], [-48.27508, -18.14541], [-48.26232, -18.12374], [-48.2331, -18.12224], [-48.23605, -18.08298], [-48.2086, -18.06978], [-48.23455, -18.03439], [-48.20197, -18.01835], [-48.20899, -17.99636], [-48.19761, -18.00391], [-48.20194, -17.98958], [-48.1769, -17.97259]]]}}, {"type": "Feature", "properties": {"code_amc": 16119, "mesorregiao": "Centro Goiano", "n_munis": 1}, "geometry": {"type": "Polygon", "coordinates": [[[-49.32315, -15.22251], [-49.28997, -14.9921], [-49.13468, -14.99842], [-49.19294, -15.12917], [-49.1592, -15.1571], [-49.08707, -15.15948], [-49.00642, -15.11443], [-49.00489, -15.13832], [-48.9792, -15.13469], [-48.9703, -15.16146], [-48.90828, -15.16394], [-48.92814, -15.25186], [-49.00066, -15.26526], [-49.06252, -15.30761], [-49.08544, -15.37332], [-49.06731, -15.44712], [-49.09205, -15.46902], [-49.08264, -15.51287], [-49.1198, -15.52514], [-49.08903, -15.53864], [-49.18672, -15.60247], [-49.21223, -15.56709], [-49.23806, -15.55887], [-49.21972, -15.48866], [-49.23522, -15.45475], [-49.29183, -15.43323], [-49.29786, -15.41103], [-49.27661, -15.38754], [-49.2858, -15.36845], [-49.26012, -15.35214], [-49.26323, -15.33893], [-49.28786, -15.32608], [-49.34292, -15.3436], [-49.3605, -15.32556], [-49.32315, -15.22251]]]}}, {"type": "Feature", "properties": {"code_amc": 16120, "mesorregiao": "Centro Goiano", "n_munis": 2}, "geometry": {"type": "Polygon", "coordinates": [[[-49.44642, -16.45338], [-49.42339, -16.40556], [-49.38665, -16.45633], [-49.29676, -16.44334], [-49.28061, -16.39911], [-49.21497, -16.45367], [-49.27825, -16.52741], [-49.31228, -16.52885], [-49.32981, -16.57075], [-49.37506, -16.56001], [-49.395, -16.59487], [-49.41786, -16.53972], [-49.45505, -16.53602], [-49.45856, -16.49559], [-49.59517, -16.52622], [-49.62145, -16.48975], [-49.522, -16.49903], [-49.48134, -16.45904], [-49.44642, -16.45338]]]}}, {"type": "Feature", "properties": {"code_amc": 16121, "mesorregiao": "Sul Goiano", "n_munis": 2}, "geometry": {"type": "Polygon", "coordinates": [[[-49.28417, -17.94816], [-49.17476, -17.98906], [-49.17987, -18.0217], [-49.16581, -18.02263], [-49.25109, -18.17779], [-49.28767, -18.14386], [-49.34426, -18.18123], [-49.37439, -18.13345], [-49.4132, -18.13987], [-49.45756, -18.09275], [-49.49795, -18.07932], [-49.51223, -18.09329], [-49.49209, -18.11048], [-49.51184, -18.11658], [-49.51107, -18.14894], [-49.52531, -18.15486], [-49.51292, -18.16147], [-49.54001, -18.17612], [-49.55237, -18.20613], [-49.59345, -18.17039], [-49.58393, -18.14583], [-49.62168, -18.09971], [-49.68081, -18.07795], [-49.70376, -18.08837], [-49.80168, -18.06695], [-49.84045, -18.03785], [-49.83576, -18.00916], [-49.8482, -18.00389], [-49.9801, -18.09241], [-49.97581, -18.1079], [-50.00576, -18.10005], [-50.00454, -18.12028], [-50.04293, -18.10484], [-50.03918, -18.09379], [-50.07734, -18.10474], [-50.08621, -18.12707], [-50.09679, -18.10725], [-50.13729, -18.12278], [-50.14188, -18.10478], [-50.16048, -18.12038], [-50.17039, -18.07334], [-50.2278, -18.0118], [-50.20096, -17.9829], [-50.26515, -17.97281], [-50.28588, -17.98967], [-50.28107, -17.95172], [-50.29754, -17.92263], [-50.23887, -17.90106], [-50.23312, -17.86674], [-50.25537, -17.8526], [-50.24221, -17.83609], [-50.26854, -17.81816], [-50.26329, -17.78174], [-50.23629, -17.79171], [-50.19424, -17.77399], [-50.14985, -17.80776], [-50.10823, -17.77707], [-50.10596, -17.78933], [-50.06026, -17.80003], [-49.97796, -17.77567], [-49.88892, -17.81195], [-49.87298, -17.85264], [-49.82826, -17.85458], [-49.7871, -17.89904], [-49.75051, -17.86577], [-49.67973, -17.8589], [-49.65943, -17.88391], [-49.59729, -17.84085], [-49.56462, -17.83282], [-49.51857, -17.85556], [-49.49609, -17.83452], [-49.45411, -17.85089], [-49.45614, -17.89204], [-49.43532, -17.91727], [-49.3957, -17.91591], [-49.36211, -17.96089], [-49.28417, -17.94816]]]}}, {"type": "Feature", "properties": {"code_amc": 16122, "mesorregiao": "Sul Goiano", "n_munis": 2}, "geometry": {"type": "Polygon", "coordinates": [[[-50.06718, -18.42378], [-50.03001, -18.54017], [-50.05016, -18.57712], [-50.02876, -18.60147], [-50.05343, -18.64707], [-50.08203, -18.67262], [-50.16429, -18.66435], [-50.2961, -18.69124], [-50.35741, -18.76168], [-50.42068, -18.73536], [-50.42785, -18.70162], [-50.48878, -18.6802], [-50.52337, -18.63797], [-50.5211, -18.6211], [-50.54982, -18.61411], [-50.59171, -18.70877], [-50.56728, -18.77032], [-50.63219, -18.74466], [-50.64618, -18.75725], [-50.67463, -18.74653], [-50.67377, -18.73121], [-50.75858, -18.68306], [-50.78811, -18.64657], [-50.82646, -18.64778], [-50.86267, -18.62441], [-50.86964, -18.59646], [-50.95991, -18.53298], [-50.9667, -18.51402], [-50.90257, -18.48195], [-50.89149, -18.44833], [-50.85796, -18.4532], [-50.75302, -18.41788], [-50.77444, -18.37424], [-50.82569, -18.35761], [-50.85874, -18.29992], [-50.82055, -18.27191], [-50.8018, -18.23439], [-50.82258, -18.20642], [-50.81597, -18.17434], [-50.67635, -18.19384], [-50.60777, -18.16908], [-50.58624, -18.13806], [-50.56093, -18.17125], [-50.52065, -18.17497], [-50.51174, -18.21472], [-50.40013, -18.24458], [-50.37707, -18.24275], [-50.33985, -18.20295], [-50.28983, -18.19822], [-50.2281, -18.13581], [-50.15979, -18.15863], [-50.1671, -18.20092], [-50.1434, -18.20315], [-50.11879, -18.17918], [-50.12896, -18.24076], [-50.09594, -18.25392], [-50.11757, -18.3139], [-50.05074, -18.37166], [-50.04727, -18.39634], [-50.06718, -18.42378]]]}}, {"type": "Feature", "properties": {"code_amc": 16123, "mesorregiao": "Centro Goiano", "n_munis": 2}, "geometry": {"type": "Polygon", "coordinates": [[[-50.02321, -15.78103], [-50.04931, -15.77294], [-50.06865, -15.78845], [-50.08626, -15.76959], [-50.06115, -15.7259], [-50.07687, -15.69052], [-50.12512, -15.65401], [-50.13143, -15.58007], [-50.15668, -15.5604], [-50.15305, -15.52569], [-50.1657, -15.52459], [-50.15334, -15.48811], [-50.16512, -15.43228], [-50.11393, -15.37097], [-50.01998, -15.35846], [-50.01339, -15.37311], [-49.97756, -15.37192], [-49.93823, -15.35845], [-49.88209, -15.40209], [-49.86012, -15.39309], [-49.86107, -15.44979], [-49.88684, -15.47864], [-49.88151, -15.51953], [-49.77317, -15.54617], [-49.72211, -15.52352], [-49.72865, -15.53496], [-49.70656, -15.5344], [-49.69367, -15.55472], [-49.70187, -15.61142], [-49.73023, -15.6523], [-49.73898, -15.64205], [-49.74704, -15.66389], [-49.76773, -15.66084], [-49.81845, -15.71168], [-49.84498, -15.70737], [-49.84906, -15.72139], [-49.85418, -15.70034], [-49.87403, -15.73202], [-49.90315, -15.7295], [-49.89807, -15.75287], [-49.93276, -15.74019], [-50.02321, -15.78103]]]}}, {"type": "Feature", "properties": {"code_amc": 16124, "mesorregiao": "Leste Goiano", "n_munis": 1}, "geometry": {"type": "Polygon", "coordinates": [[[-46.45942, -13.80887], [-46.3012, -13.70044], [-46.23551, -13.70816], [-46.26689, -13.74032], [-46.23717, -13.74483], [-46.22442, -13.771], [-46.28244, -13.79522], [-46.26258, -13.80858], [-46.26956, -13.82885], [-46.23366, -13.84562], [-46.26813, -13.94376], [-46.21873, -13.97405], [-46.21001, -14.01285], [-46.25, -14.05708], [-46.28564, -14.05275], [-46.30775, -14.02057], [-46.41706, -14.04656], [-46.45, -13.99492], [-46.53673, -14.01767], [-46.57064, -13.9869], [-46.58175, -13.94758], [-46.62034, -13.94529], [-46.6992, -13.90728], [-46.75948, -13.83719], [-46.75229, -13.82022], [-46.73106, -13.83521], [-46.65267, -13.80649], [-46.60217, -13.82094], [-46.54148, -13.79293], [-46.5155, -13.81177], [-46.45942, -13.80887]]]}}, {"type": "Feature", "properties": {"code_amc": 16125, "mesorregiao": "Centro Goiano", "n_munis": 2}, "geometry": {"type": "Polygon", "coordinates": [[[-49.81576, -14.84251], [-49.7324, -14.69434], [-49.73398, -14.67414], [-49.75631, -14.6474], [-49.77717, -14.65464], [-49.7689, -14.6455], [-49.78489, -14.61976], [-49.81245, -14.62028], [-49.82462, -14.59554], [-49.80703, -14.57824], [-49.82526, -14.56364], [-49.81603, -14.54443], [-49.77845, -14.54009], [-49.77109, -14.50683], [-49.75508, -14.53166], [-49.75348, -14.48291], [-49.77142, -14.47782], [-49.72581, -14.48482], [-49.71406, -14.46423], [-49.66053, -14.48098], [-49.66198, -14.53192], [-49.63375, -14.57025], [-49.64414, -14.62826], [-49.62695, -14.63242], [-49.61545, -14.68153], [-49.56682, -14.6448], [-49.57539, -14.62695], [-49.53561, -14.5469], [-49.55454, -14.50269], [-49.54162, -14.46389], [-49.52289, -14.47529], [-49.47359, -14.46249], [-49.49706, -14.25519], [-49.56164, -14.23284], [-49.56378, -14.20338], [-49.48264, -14.23794], [-49.48178, -14.27378], [-49.45992, -14.29211], [-49.42866, -14.25817], [-49.40008, -14.37384], [-49.42056, -14.38738], [-49.39725, -14.40234], [-49.40936, -14.42973], [-49.35547, -14.50469], [-49.38845, -14.50758], [-49.3923, -14.53424], [-49.44681, -14.55762], [-49.45436, -14.58535], [-49.42875, -14.60221], [-49.43498, -14.61957], [-49.46011, -14.63616], [-49.48189, -14.68314], [-49.51045, -14.69685], [-49.53404, -14.74219], [-49.52712, -14.77707], [-49.44178, -14.80479], [-49.40912, -14.84862], [-49.43258, -14.84858], [-49.45377, -14.87152], [-49.52998, -14.81468], [-49.59525, -14.80377], [-49.63792, -14.81739], [-49.64573, -14.84068], [-49.67108, -14.83426], [-49.67481, -14.85691], [-49.73779, -14.91311], [-49.76948, -14.91819], [-49.7685, -14.93568], [-49.81432, -14.94057], [-49.81576, -14.84251]]]}}, {"type": "Feature", "properties": {"code_amc": 16126, "mesorregiao": "Centro Goiano", "n_munis": 1}, "geometry": {"type": "Polygon", "coordinates": [[[-49.81845, -15.71168], [-49.75034, -15.65772], [-49.74906, -15.67381], [-49.72023, -15.69018], [-49.68481, -15.75477], [-49.69309, -15.80602], [-49.80114, -15.789], [-49.82451, -15.8095], [-49.88367, -15.75389], [-49.9092, -15.77099], [-49.91904, -15.75409], [-49.93365, -15.76525], [-49.93276, -15.74019], [-49.89807, -15.75287], [-49.90028, -15.72707], [-49.87403, -15.73202], [-49.85418, -15.70034], [-49.84906, -15.72139], [-49.84498, -15.70737], [-49.81845, -15.71168]]]}}, {"type": "Feature", "properties": {"code_amc": 16127, "mesorregiao": "Centro Goiano", "n_munis": 1}, "geometry": {"type": "Polygon", "coordinates": [[[-49.46308, -17.16584], [-49.4899, -17.15782], [-49.47998, -17.13227], [-49.49356, -17.12038], [-49.47436, -17.09967], [-49.49154, -17.06752], [-49.48356, -17.02377], [-49.42259, -17.04729], [-49.36817, -17.03965], [-49.3659, -16.88545], [-49.32195, -16.88242], [-49.326, -16.861], [-49.30419, -16.86754], [-49.25833, -16.84508], [-49.18467, -16.86862], [-49.16862, -16.88902], [-49.14634, -16.88175], [-49.14453, -16.9009], [-49.11392, -16.91416], [-49.11406, -16.94661], [-49.09084, -16.94094], [-49.09636, -16.956], [-49.05933, -16.97179], [-49.09142, -17.02747], [-49.08095, -17.04626], [-49.09909, -17.05121], [-49.08356, -17.06114], [-49.08945, -17.07771], [-49.1205, -17.09767], [-49.109, -17.13491], [-49.17408, -17.12073], [-49.19192, -17.1373], [-49.2317, -17.08254], [-49.39011, -17.15767], [-49.44831, -17.1423], [-49.46308, -17.16584]]]}}, {"type": "Feature", "properties": {"code_amc": 16128, "mesorregiao": "Centro Goiano", "n_munis": 1}, "geometry": {"type": "Polygon", "coordinates": [[[-49.28154, -14.70232], [-49.20047, -14.74628], [-49.19719, -14.77912], [-49.16508, -14.80007], [-49.2103, -14.81868], [-49.20567, -14.8456], [-49.23486, -14.8652], [-49.24931, -14.82173], [-49.325, -14.82122], [-49.34611, -14.80726], [-49.40912, -14.84862], [-49.44178, -14.80479], [-49.53187, -14.76973], [-49.53264, -14.73095], [-49.43498, -14.61957], [-49.39136, -14.63795], [-49.35608, -14.60863], [-49.32317, -14.63792], [-49.31733, -14.67333], [-49.2788, -14.68337], [-49.28154, -14.70232]]]}}, {"type": "Feature", "properties": {"code_amc": 16129, "mesorregiao": "Leste Goiano", "n_munis": 1}, "geometry": {"type": "Polygon", "coordinates": [[[-46.53822, -14.01668], [-46.44509, -13.99572], [-46.43069, -14.04301], [-46.50606, -14.06344], [-46.5188, -14.05185], [-46.48078, -14.10812], [-46.58106, -14.10778], [-46.58923, -14.12271], [-46.63217, -14.12754], [-46.69673, -14.16213], [-46.72304, -14.19239], [-46.74086, -14.28663], [-46.77235, -14.30416], [-46.78593, -14.3576], [-46.8692, -14.34023], [-46.87979, -14.31689], [-46.90082, -14.33008], [-46.92026, -14.31823], [-46.94475, -14.25253], [-46.9917, -14.19839], [-46.97823, -14.1954], [-46.96784, -14.14944], [-46.9434, -14.14257], [-46.9237, -14.07777], [-46.88909, -14.07057], [-46.87559, -14.03338], [-46.84314, -14.04849], [-46.82701, -14.03033], [-46.85095, -13.98644], [-46.83717, -13.91168], [-46.8682, -13.88441], [-46.79203, -13.82008], [-46.76981, -13.81434], [-46.6992, -13.90728], [-46.62034, -13.94529], [-46.58175, -13.94758], [-46.57064, -13.9869], [-46.53822, -14.01668]]]}}, {"type": "Feature", "properties": {"code_amc": 16130, "mesorregiao": "Sul Goiano", "n_munis": 2}, "geometry": {"type": "Polygon", "coordinates": [[[-49.94621, -17.02017], [-49.94918, -16.99455], [-49.91582, -16.95498], [-49.85515, -16.9884], [-49.85182, -17.01016], [-49.82254, -17.00904], [-49.85342, -17.04087], [-49.82221, -17.06689], [-49.82476, -17.09656], [-49.85126, -17.12424], [-49.84587, -17.16224], [-49.80018, -17.16108], [-49.75759, -17.13688], [-49.71051, -17.19269], [-49.76609, -17.22048], [-49.79662, -17.26859], [-49.81934, -17.2688], [-49.82393, -17.22759], [-49.85434, -17.20489], [-50.01302, -17.22757], [-50.02096, -17.26771], [-49.99406, -17.31704], [-50.05326, -17.37486], [-50.05321, -17.44185], [-50.07365, -17.46149], [-50.11932, -17.43731], [-50.1229, -17.37794], [-50.14831, -17.33996], [-50.16373, -17.35918], [-50.18585, -17.35118], [-50.20454, -17.36399], [-50.20391, -17.3445], [-50.17248, -17.31547], [-50.18754, -17.30173], [-50.18151, -17.27613], [-50.20007, -17.26715], [-50.20093, -17.29732], [-50.22451, -17.27945], [-50.23677, -17.28693], [-50.23393, -17.23784], [-50.29624, -17.18182], [-50.27143, -17.15544], [-50.29576, -17.13766], [-50.27371, -17.11434], [-50.2989, -17.10478], [-50.2868, -17.07811], [-50.30823, -17.07107], [-50.28621, -17.04711], [-50.29554, -16.99321], [-50.27635, -16.97163], [-50.29009, -16.9022], [-50.26234, -16.89301], [-50.10574, -16.95252], [-50.08793, -16.91999], [-50.04387, -16.93007], [-50.03443, -16.9606], [-50.08107, -17.04905], [-50.06812, -17.08307], [-49.99015, -17.06041], [-49.94621, -17.02017]]]}}, {"type": "Feature", "properties": {"code_amc": 16131, "mesorregiao": "Centro Goiano", "n_munis": 1}, "geometry": {"type": "Polygon", "coordinates": [[[-49.66084, -16.42724], [-49.65359, -16.33095], [-49.62295, -16.29159], [-49.65239, -16.22149], [-49.59439, -16.22591], [-49.53617, -16.18354], [-49.45314, -16.22549], [-49.39473, -16.18969], [-49.36992, -16.20858], [-49.38114, -16.31471], [-49.45473, -16.38252], [-49.42339, -16.40556], [-49.44978, -16.43556], [-49.46519, -16.41338], [-49.4809, -16.4263], [-49.4924, -16.41573], [-49.54686, -16.42641], [-49.58042, -16.40095], [-49.63103, -16.39901], [-49.63668, -16.42034], [-49.66084, -16.42724]]]}}, {"type": "Feature", "properties": {"code_amc": 16132, "mesorregiao": "Sul Goiano", "n_munis": 1}, "geometry": {"type": "Polygon", "coordinates": [[[-47.74333, -16.92982], [-47.6906, -16.90212], [-47.68455, -16.94447], [-47.71976, -17.0333], [-47.71324, -17.05433], [-47.65712, -17.09252], [-47.64149, -17.14516], [-47.59829, -17.16696], [-47.53076, -17.24259], [-47.52166, -17.28522], [-47.50065, -17.29528], [-47.50515, -17.34051], [-47.52168, -17.35281], [-47.51393, -17.37464], [-47.53883, -17.3888], [-47.52366, -17.41246], [-47.54968, -17.38524], [-47.5548, -17.3563], [-47.6899, -17.26379], [-47.67654, -17.23092], [-47.68777, -17.19093], [-47.7236, -17.14847], [-47.7371, -17.19009], [-47.79305, -17.21204], [-47.84598, -17.26091], [-47.88406, -17.26163], [-47.88913, -17.37815], [-47.94102, -17.47375], [-47.94483, -17.53243], [-47.96663, -17.55368], [-47.96405, -17.62542], [-47.92696, -17.73999], [-47.98347, -17.89778], [-48.02626, -17.92406], [-48.08563, -17.91236], [-48.10883, -17.93064], [-48.12019, -17.91928], [-48.12477, -17.9442], [-48.16142, -17.95148], [-48.20127, -18.00482], [-48.2593, -17.99389], [-48.29691, -17.95827], [-48.28916, -17.91784], [-48.31522, -17.94359], [-48.38345, -17.94413], [-48.39572, -17.91493], [-48.4133, -17.9165], [-48.39814, -17.89473], [-48.41105, -17.86341], [-48.45108, -17.83905], [-48.47178, -17.86617], [-48.51227, -17.87845], [-48.51339, -17.8512], [-48.56316, -17.81659], [-48.54483, -17.80878], [-48.54632, -17.79315], [-48.50981, -17.78551], [-48.52111, -17.7551], [-48.49922, -17.73987], [-48.49736, -17.71426], [-48.45955, -17.71158], [-48.45511, -17.67827], [-48.47113, -17.65744], [-48.45103, -17.63263], [-48.47761, -17.62337], [-48.45786, -17.61713], [-48.46361, -17.59825], [-48.44506, -17.61507], [-48.41427, -17.58315], [-48.39636, -17.58665], [-48.4133, -17.57065], [-48.39327, -17.57234], [-48.37539, -17.54583], [-48.38547, -17.51908], [-48.28577, -17.52835], [-48.22371, -17.59538], [-48.15769, -17.52983], [-48.11449, -17.54191], [-48.10422, -17.47234], [-48.11733, -17.4552], [-48.08603, -17.42896], [-48.04327, -17.42408], [-48.04676, -17.39465], [-48.07688, -17.36371], [-48.08835, -17.2948], [-48.11852, -17.26646], [-48.08504, -17.24746], [-48.07043, -17.20891], [-48.05532, -17.21386], [-48.05667, -17.19566], [-48.03153, -17.19332], [-48.0023, -17.14511], [-47.99261, -17.08901], [-47.91968, -17.0108], [-47.92227, -16.9849], [-47.90094, -16.95328], [-47.91112, -16.92388], [-47.80795, -16.91712], [-47.74333, -16.92982]]]}}, {"type": "Feature", "properties": {"code_amc": 16133, "mesorregiao": "Centro Goiano", "n_munis": 1}, "geometry": {"type": "Polygon", "coordinates": [[[-51.41343, -16.30514], [-51.40096, -16.26543], [-51.36772, -16.28462], [-51.06513, -16.30611], [-51.0663, -16.3345], [-51.02644, -16.36458], [-51.02827, -16.40494], [-50.98888, -16.42084], [-50.94808, -16.39827], [-51.00141, -16.50394], [-50.98858, -16.52918], [-50.96388, -16.53236], [-50.97722, -16.56991], [-50.94658, -16.58389], [-50.96407, -16.62172], [-51.00916, -16.63618], [-51.03011, -16.62647], [-51.02388, -16.56873], [-51.06318, -16.54912], [-51.07649, -16.51777], [-51.14369, -16.51032], [-51.18555, -16.53117], [-51.26733, -16.47454], [-51.27673, -16.44787], [-51.33355, -16.47756], [-51.37475, -16.42229], [-51.39652, -16.41981], [-51.41583, -16.39485], [-51.41211, -16.37193], [-51.43989, -16.34926], [-51.43211, -16.31395], [-51.41343, -16.30514]]]}}, {"type": "Feature", "properties": {"code_amc": 16134, "mesorregiao": "Centro Goiano", "n_munis": 1}, "geometry": {"type": "Polygon", "coordinates": [[[-50.90251, -16.24089], [-50.90849, -16.202], [-50.86713, -16.20449], [-50.83588, -16.22849], [-50.8116, -16.31751], [-50.79249, -16.32179], [-50.78218, -16.34636], [-50.75524, -16.34404], [-50.75372, -16.40232], [-50.72496, -16.39684], [-50.70235, -16.41462], [-50.70669, -16.44335], [-50.75668, -16.45931], [-50.77076, -16.51001], [-50.82999, -16.47024], [-50.83729, -16.47782], [-50.85757, -16.44136], [-50.92249, -16.39803], [-50.97582, -16.40404], [-50.98888, -16.42084], [-51.02827, -16.40494], [-51.02671, -16.36385], [-51.0663, -16.3345], [-51.05802, -16.29737], [-50.99635, -16.26961], [-50.98138, -16.29385], [-50.93754, -16.3132], [-50.90251, -16.24089]]]}}, {"type": "Feature", "properties": {"code_amc": 16135, "mesorregiao": "Centro Goiano", "n_munis": 1}, "geometry": {"type": "Polygon", "coordinates": [[[-49.79685, -15.88565], [-49.82451, -15.8095], [-49.80114, -15.789], [-49.69309, -15.80602], [-49.6715, -15.91389], [-49.68773, -16.00558], [-49.63814, -16.02061], [-49.68103, -16.04208], [-49.64347, -16.11586], [-49.73615, -16.19197], [-49.75811, -16.23068], [-49.75526, -16.27434], [-49.73489, -16.29006], [-49.72487, -16.33167], [-49.73756, -16.37694], [-49.71501, -16.4231], [-49.72251, -16.44119], [-49.77488, -16.43629], [-49.8202, -16.3863], [-49.80056, -16.36256], [-49.74379, -16.36242], [-49.76928, -16.30677], [-49.82143, -16.27563], [-49.87448, -16.28551], [-49.87428, -16.22838], [-49.95906, -16.22], [-49.97206, -16.20142], [-50.01637, -16.1944], [-50.03862, -16.14399], [-50.03623, -16.01885], [-49.9427, -15.96552], [-49.86717, -15.98845], [-49.83698, -15.9423], [-49.8404, -15.90645], [-49.81631, -15.90674], [-49.79685, -15.88565]]]}}, {"type": "Feature", "properties": {"code_amc": 16136, "mesorregiao": "Centro Goiano", "n_munis": 2}, "geometry": {"type": "Polygon", "coordinates": [[[-49.552, -15.9682], [-49.52039, -16.00029], [-49.54313, -16.07093], [-49.52842, -16.11346], [-49.5519, -16.1281], [-49.57737, -16.10341], [-49.6149, -16.12022], [-49.64912, -16.11586], [-49.68103, -16.04208], [-49.63814, -16.02061], [-49.68773, -16.00558], [-49.69168, -15.98142], [-49.67165, -15.91771], [-49.68058, -15.86572], [-49.66314, -15.88956], [-49.62476, -15.86681], [-49.58981, -15.90143], [-49.59277, -15.91602], [-49.54514, -15.92096], [-49.552, -15.9682]]]}}, {"type": "Feature", "properties": {"code_amc": 16137, "mesorregiao": "Centro Goiano", "n_munis": 1}, "geometry": {"type": "Polygon", "coordinates": [[[-49.64761, -15.75815], [-49.6389, -15.68259], [-49.60581, -15.69814], [-49.60056, -15.67482], [-49.55603, -15.63576], [-49.55678, -15.68917], [-49.5357, -15.71479], [-49.5437, -15.75122], [-49.57775, -15.78868], [-49.594, -15.86634], [-49.61011, -15.8847], [-49.626, -15.8669], [-49.66314, -15.88956], [-49.68856, -15.85873], [-49.6895, -15.82709], [-49.67826, -15.77679], [-49.64761, -15.75815]]]}}, {"type": "Feature", "properties": {"code_amc": 16138, "mesorregiao": "Sul Goiano", "n_munis": 2}, "geometry": {"type": "Polygon", "coordinates": [[[-51.09259, -19.3072], [-51.1805, -19.28354], [-51.20297, -19.26124], [-51.25222, -19.27408], [-51.30791, -19.23794], [-51.30781, -19.21853], [-51.36875, -19.22151], [-51.37511, -19.19464], [-51.39823, -19.19463], [-51.42047, -19.16654], [-51.49392, -19.163], [-51.50148, -19.14778], [-51.57667, -19.12656], [-51.65795, -19.13792], [-51.69322, -19.11822], [-51.68692, -19.0736], [-51.72408, -18.83316], [-51.66453, -18.78139], [-51.61283, -18.78995], [-51.61061, -18.80604], [-51.59609, -18.79456], [-51.58703, -18.82538], [-51.55264, -18.82882], [-51.52501, -18.86013], [-51.5042, -18.85863], [-51.49525, -18.88051], [-51.47014, -18.87195], [-51.43174, -18.89087], [-51.43817, -18.91681], [-51.40647, -18.9095], [-51.38036, -18.9205], [-51.37966, -18.94097], [-51.35769, -18.93435], [-51.34808, -18.95525], [-51.31123, -18.96326], [-51.30058, -18.98191], [-51.31059, -19.00761], [-51.29267, -19.00449], [-51.29472, -19.01754], [-51.24291, -19.0273], [-51.23761, -19.04541], [-51.22533, -19.03482], [-51.20441, -19.06755], [-51.1538, -19.06991], [-51.1491, -19.10285], [-51.12511, -19.09741], [-51.10358, -19.12699], [-51.08744, -19.11712], [-51.07962, -19.13322], [-51.05541, -19.13151], [-51.03236, -19.17054], [-51.00994, -19.1593], [-51.0138, -19.17476], [-50.9873, -19.16804], [-50.96569, -19.1886], [-50.95283, -19.17375], [-50.95863, -19.20188], [-50.93372, -19.20285], [-50.93425, -19.22345], [-50.90578, -19.22325], [-50.89791, -19.25703], [-50.87722, -19.27196], [-50.88536, -19.28611], [-50.87072, -19.27587], [-50.85311, -19.30887], [-50.82945, -19.31048], [-50.87591, -19.41992], [-50.82904, -19.46703], [-50.82669, -19.48747], [-50.84939, -19.49814], [-50.93433, -19.4681], [-50.9508, -19.44345], [-50.9853, -19.43138], [-50.98506, -19.41041], [-51.03072, -19.40144], [-51.018, -19.38388], [-51.031, -19.36379], [-51.09259, -19.3072]]]}}, {"type": "Feature", "properties": {"code_amc": 16139, "mesorregiao": "Noroeste Goiano", "n_munis": 1}, "geometry": {"type": "Polygon", "coordinates": [[[-50.61379, -15.73066], [-50.57854, -15.73375], [-50.57173, -15.76005], [-50.50807, -15.80581], [-50.51493, -15.87429], [-50.46451, -15.94029], [-50.50623, -16.00831], [-50.57543, -16.04243], [-50.61821, -15.96517], [-50.68343, -15.95212], [-50.68413, -15.90988], [-50.71113, -15.89992], [-50.71757, -15.87937], [-50.74648, -15.92274], [-50.77185, -15.92646], [-50.76324, -15.89994], [-50.78554, -15.86488], [-50.78632, -15.82999], [-50.8161, -15.79505], [-50.88836, -15.78386], [-50.94368, -15.72558], [-51.0133, -15.70323], [-51.02365, -15.6151], [-51.05455, -15.56558], [-51.05368, -15.5192], [-51.1191, -15.43662], [-50.92157, -15.44947], [-50.90699, -15.47412], [-50.89021, -15.46701], [-50.87365, -15.4975], [-50.85124, -15.50324], [-50.81693, -15.46649], [-50.80149, -15.48464], [-50.77984, -15.48021], [-50.78013, -15.49743], [-50.73882, -15.49282], [-50.6804, -15.57447], [-50.65624, -15.57517], [-50.63593, -15.5964], [-50.64705, -15.60772], [-50.62221, -15.61333], [-50.61665, -15.64583], [-50.59996, -15.64402], [-50.61206, -15.68525], [-50.62863, -15.68544], [-50.61096, -15.69587], [-50.61379, -15.73066]]]}}, {"type": "Feature", "properties": {"code_amc": 16140, "mesorregiao": "Sul Goiano", "n_munis": 1}, "geometry": {"type": "Polygon", "coordinates": [[[-51.01436, -18.90126], [-50.97124, -18.93212], [-50.96077, -18.97403], [-50.93541, -18.97799], [-50.94134, -19.00474], [-50.92221, -18.9985], [-50.92597, -19.02113], [-50.87933, -19.03086], [-50.87916, -19.04774], [-50.89541, -19.05143], [-50.88064, -19.05655], [-50.86713, -19.04477], [-50.85011, -19.06669], [-50.80611, -19.07793], [-50.77907, -19.12464], [-50.76713, -19.11902], [-50.76986, -19.14589], [-50.7535, -19.14037], [-50.72755, -19.16292], [-50.74764, -19.23851], [-50.82945, -19.31048], [-50.85311, -19.30887], [-50.87072, -19.27587], [-50.88536, -19.28611], [-50.87722, -19.27196], [-50.89791, -19.25703], [-50.90578, -19.22325], [-50.93425, -19.22345], [-50.93372, -19.20285], [-50.95863, -19.20188], [-50.95283, -19.17375], [-50.96569, -19.1886], [-50.9873, -19.16804], [-51.0138, -19.17476], [-51.00994, -19.1593], [-51.03236, -19.17054], [-51.05541, -19.13151], [-51.07962, -19.13322], [-51.08744, -19.11712], [-51.10358, -19.12699], [-51.12511, -19.09741], [-51.1491, -19.10285], [-51.1538, -19.06991], [-51.20441, -19.06755], [-51.22533, -19.03482], [-51.23761, -19.04541], [-51.24291, -19.0273], [-51.29472, -19.01754], [-51.29267, -19.00449], [-51.31203, -19.00191], [-51.30508, -18.96801], [-51.34808, -18.95525], [-51.35769, -18.93435], [-51.37966, -18.94097], [-51.38036, -18.9205], [-51.42323, -18.90565], [-51.43817, -18.91681], [-51.43174, -18.89087], [-51.47014, -18.87195], [-51.49525, -18.88051], [-51.5042, -18.85863], [-51.52501, -18.86013], [-51.55264, -18.82882], [-51.58703, -18.82538], [-51.59609, -18.79456], [-51.61061, -18.80604], [-51.61283, -18.78995], [-51.64919, -18.79389], [-51.66706, -18.76492], [-51.73, -18.75207], [-51.76042, -18.7633], [-51.797, -18.74167], [-51.80161, -18.72309], [-51.88328, -18.66631], [-51.92442, -18.54124], [-51.83314, -18.56947], [-51.79942, -18.5415], [-51.79831, -18.48943], [-51.75105, -18.46959], [-51.69083, -18.49119], [-51.6865, -18.48139], [-51.66264, -18.49613], [-51.59019, -18.49942], [-51.57033, -18.5264], [-51.55278, -18.52346], [-51.50517, -18.55161], [-51.50686, -18.56444], [-51.43336, -18.59527], [-51.43433, -18.6098], [-51.3867, -18.62057], [-51.37058, -18.64237], [-51.35475, -18.63581], [-51.33547, -18.68174], [-51.32064, -18.67349], [-51.26386, -18.73182], [-51.22741, -18.74322], [-51.21073, -18.78433], [-51.17858, -18.79036], [-51.18514, -18.81023], [-51.15605, -18.81107], [-51.12097, -18.87581], [-51.07672, -18.87086], [-51.04435, -18.88725], [-51.0398, -18.90654], [-51.01436, -18.90126]]]}}, {"type": "Feature", "properties": {"code_amc": 16141, "mesorregiao": "Centro Goiano", "n_munis": 1}, "geometry": {"type": "Polygon", "coordinates": [[[-49.65457, -16.12498], [-49.57737, -16.10341], [-49.5519, -16.1281], [-49.52842, -16.11346], [-49.45064, -16.16997], [-49.41167, -16.17411], [-49.40464, -16.195], [-49.45314, -16.22549], [-49.53617, -16.18354], [-49.59439, -16.22591], [-49.65239, -16.22149], [-49.62295, -16.29159], [-49.6315, -16.31568], [-49.66265, -16.3299], [-49.69131, -16.27079], [-49.72601, -16.26051], [-49.73551, -16.28285], [-49.75268, -16.27855], [-49.75811, -16.23068], [-49.73615, -16.19197], [-49.65457, -16.12498]]]}}, {"type": "Feature", "properties": {"code_amc": 16142, "mesorregiao": "Centro Goiano", "n_munis": 1}, "geometry": {"type": "Polygon", "coordinates": [[[-50.80977, -16.56603], [-50.77852, -16.59143], [-50.73107, -16.58756], [-50.76195, -16.6809], [-50.81169, -16.6954], [-50.81891, -16.67101], [-50.84927, -16.72695], [-50.92415, -16.78349], [-50.97118, -16.79356], [-51.00796, -16.84786], [-51.05711, -16.86044], [-51.05458, -16.95722], [-51.10397, -16.89454], [-51.14874, -16.89144], [-51.15252, -16.86759], [-51.1958, -16.83953], [-51.20561, -16.81053], [-51.22386, -16.8144], [-51.21985, -16.6976], [-51.26088, -16.64766], [-51.25666, -16.6167], [-51.30783, -16.56478], [-51.28764, -16.55428], [-51.30611, -16.51885], [-51.33838, -16.50851], [-51.34317, -16.47919], [-51.37868, -16.46523], [-51.37414, -16.44543], [-51.39327, -16.44996], [-51.39941, -16.42414], [-51.37475, -16.42229], [-51.33299, -16.47784], [-51.27808, -16.44767], [-51.26733, -16.47454], [-51.23747, -16.48904], [-51.24469, -16.54533], [-51.20277, -16.58095], [-51.18324, -16.64585], [-51.13748, -16.63337], [-51.10372, -16.73421], [-51.10819, -16.76607], [-51.09071, -16.79985], [-51.06525, -16.80555], [-51.07375, -16.82401], [-51.05146, -16.81248], [-51.04752, -16.74759], [-51.02319, -16.69767], [-51.03432, -16.64927], [-50.96488, -16.62259], [-50.94652, -16.58616], [-50.97722, -16.56991], [-50.9636, -16.53327], [-50.98919, -16.52836], [-50.99638, -16.48621], [-50.97827, -16.47769], [-50.96894, -16.50181], [-50.9166, -16.52716], [-50.87649, -16.52385], [-50.85816, -16.49176], [-50.85338, -16.50696], [-50.82082, -16.50895], [-50.80096, -16.52917], [-50.80977, -16.56603]]]}}, {"type": "Feature", "properties": {"code_amc": 16143, "mesorregiao": "Centro Goiano", "n_munis": 2}, "geometry": {"type": "Polygon", "coordinates": [[[-49.50789, -15.5154], [-49.44114, -15.52705], [-49.42817, -15.49273], [-49.33911, -15.49797], [-49.34505, -15.46751], [-49.3272, -15.4546], [-49.35181, -15.45055], [-49.36395, -15.43018], [-49.46331, -15.4314], [-49.4562, -15.37942], [-49.49051, -15.35122], [-49.48442, -15.32425], [-49.51976, -15.27035], [-49.48501, -15.23615], [-49.51242, -15.22382], [-49.49747, -15.20266], [-49.50392, -15.16935], [-49.48253, -15.17664], [-49.47506, -15.15585], [-49.47906, -15.13984], [-49.50547, -15.13171], [-49.47126, -15.12479], [-49.45445, -15.09997], [-49.44311, -15.11669], [-49.40109, -15.0975], [-49.38784, -15.0494], [-49.32497, -14.99097], [-49.28997, -14.9921], [-49.3107, -15.07821], [-49.30861, -15.17087], [-49.3605, -15.32556], [-49.34292, -15.3436], [-49.28786, -15.32608], [-49.26323, -15.33893], [-49.29786, -15.41103], [-49.29117, -15.43405], [-49.23522, -15.45475], [-49.22373, -15.47636], [-49.23761, -15.56005], [-49.21223, -15.56709], [-49.17028, -15.62747], [-49.14945, -15.61584], [-49.1287, -15.62428], [-49.21735, -15.85602], [-49.25433, -15.81642], [-49.32363, -15.8353], [-49.34271, -15.89954], [-49.37895, -15.91461], [-49.39015, -15.88736], [-49.39442, -15.90559], [-49.46667, -15.9441], [-49.46651, -16.00453], [-49.50842, -15.97317], [-49.54956, -15.9748], [-49.54514, -15.92096], [-49.59277, -15.91602], [-49.60851, -15.88035], [-49.5357, -15.71479], [-49.55745, -15.68467], [-49.56312, -15.56853], [-49.55172, -15.54426], [-49.57532, -15.51657], [-49.56903, -15.47679], [-49.55461, -15.46595], [-49.53094, -15.48208], [-49.52887, -15.47087], [-49.50789, -15.5154]]]}}, {"type": "Feature", "properties": {"code_amc": 16144, "mesorregiao": "Centro Goiano", "n_munis": 1}, "geometry": {"type": "Polygon", "coordinates": [[[-50.98374, -16.16281], [-50.91016, -16.18499], [-50.89782, -16.21741], [-50.93754, -16.3132], [-50.98138, -16.29385], [-50.99635, -16.26961], [-51.06438, -16.30666], [-51.11747, -16.30543], [-51.1346, -16.22498], [-51.1709, -16.18974], [-51.17049, -16.12523], [-51.19599, -16.09906], [-51.21157, -16.03092], [-51.17302, -16.03075], [-51.14499, -16.06493], [-51.12199, -16.06385], [-51.09521, -16.10208], [-51.00685, -16.1202], [-50.98374, -16.16281]]]}}, {"type": "Feature", "properties": {"code_amc": 16145, "mesorregiao": "Centro Goiano", "n_munis": 2}, "geometry": {"type": "Polygon", "coordinates": [[[-49.47312, -15.95947], [-49.39015, -15.88736], [-49.37895, -15.91461], [-49.34271, -15.89954], [-49.32486, -15.83629], [-49.25433, -15.81642], [-49.24787, -15.8364], [-49.21718, -15.84961], [-49.19889, -15.92784], [-49.1746, -15.94009], [-49.18078, -15.95878], [-49.13235, -15.99841], [-49.18128, -16.08301], [-49.21997, -16.08107], [-49.22914, -16.05166], [-49.25445, -16.04693], [-49.2642, -16.02005], [-49.29075, -16.0066], [-49.36722, -16.00759], [-49.38211, -15.99221], [-49.40512, -16.02655], [-49.4383, -16.03219], [-49.44431, -16.01219], [-49.46651, -16.00453], [-49.47312, -15.95947]]]}}, {"type": "Feature", "properties": {"code_amc": 16146, "mesorregiao": "Sul Goiano", "n_munis": 1}, "geometry": {"type": "Polygon", "coordinates": [[[-49.78329, -17.78005], [-49.68417, -17.8078], [-49.73615, -17.75453], [-49.7302, -17.72325], [-49.69417, -17.68698], [-49.56599, -17.78284], [-49.54622, -17.70726], [-49.53088, -17.70883], [-49.53748, -17.7322], [-49.5164, -17.75147], [-49.42381, -17.75478], [-49.44195, -17.77733], [-49.42404, -17.78744], [-49.45471, -17.78689], [-49.43822, -17.8108], [-49.45206, -17.85039], [-49.49706, -17.83452], [-49.53026, -17.85589], [-49.56462, -17.83282], [-49.65943, -17.88391], [-49.67973, -17.8589], [-49.75051, -17.86577], [-49.78312, -17.88601], [-49.77248, -17.8263], [-49.78329, -17.78005]]]}}, {"type": "Feature", "properties": {"code_amc": 16147, "mesorregiao": "Noroeste Goiano", "n_munis": 1}, "geometry": {"type": "Polygon", "coordinates": [[[-51.60716, -15.1635], [-51.52224, -15.05843], [-51.47775, -15.05672], [-51.42217, -15.00593], [-51.35729, -15.00249], [-51.39561, -15.03651], [-51.40749, -15.08748], [-51.40254, -15.14191], [-51.37988, -15.18158], [-51.38202, -15.24147], [-51.27241, -15.27582], [-51.23077, -15.27075], [-51.21327, -15.30803], [-51.30677, -15.32342], [-51.31141, -15.48086], [-51.29289, -15.47072], [-51.23171, -15.48417], [-51.24357, -15.54146], [-51.2186, -15.60434], [-51.17279, -15.65184], [-51.24233, -15.6774], [-51.37138, -15.59724], [-51.38496, -15.63458], [-51.445, -15.60763], [-51.43489, -15.66528], [-51.39161, -15.69623], [-51.38378, -15.72421], [-51.3403, -15.73326], [-51.24483, -15.80649], [-51.15719, -15.79827], [-51.11894, -15.90786], [-51.05374, -15.88406], [-51.05574, -15.82504], [-51.0458, -15.80001], [-51.0046, -15.77777], [-50.98899, -15.73905], [-50.99696, -15.7133], [-50.94368, -15.72558], [-50.88836, -15.78386], [-50.8161, -15.79505], [-50.78632, -15.82999], [-50.76317, -15.90179], [-50.77352, -15.93949], [-50.79415, -15.94352], [-50.78265, -15.99337], [-50.81338, -16.02323], [-50.87207, -16.01095], [-50.88555, -16.04391], [-50.91424, -16.05374], [-50.9403, -16.02091], [-50.99429, -16.02708], [-51.06816, -15.96788], [-51.08108, -15.97954], [-51.15146, -15.95193], [-51.19577, -15.9656], [-51.22153, -15.94126], [-51.26693, -15.97444], [-51.33135, -15.9254], [-51.37494, -15.93366], [-51.38202, -15.90044], [-51.39558, -15.91036], [-51.43239, -15.87745], [-51.42861, -15.84742], [-51.46294, -15.85355], [-51.48478, -15.81758], [-51.53244, -15.81199], [-51.52094, -15.7823], [-51.52814, -15.77072], [-51.53755, -15.78042], [-51.54636, -15.75413], [-51.52781, -15.72576], [-51.57572, -15.70253], [-51.5761, -15.68647], [-51.5585, -15.68145], [-51.56255, -15.65177], [-51.57861, -15.64824], [-51.57949, -15.60065], [-51.59063, -15.60536], [-51.59588, -15.57651], [-51.61391, -15.58716], [-51.63262, -15.56186], [-51.651, -15.56132], [-51.63569, -15.52471], [-51.69879, -15.48496], [-51.70841, -15.45647], [-51.67138, -15.37173], [-51.68683, -15.30277], [-51.64694, -15.26795], [-51.66802, -15.24634], [-51.6521, -15.17987], [-51.60716, -15.1635]]]}}, {"type": "Feature", "properties": {"code_amc": 16148, "mesorregiao": "Sul Goiano", "n_munis": 1}, "geometry": {"type": "Polygon", "coordinates": [[[-49.48988, -17.26331], [-49.45283, -17.3138], [-49.35159, -17.31965], [-49.34385, -17.34468], [-49.3007, -17.37383], [-49.30573, -17.43442], [-49.27676, -17.472], [-49.2919, -17.50758], [-49.44561, -17.32913], [-49.51467, -17.354], [-49.57693, -17.30421], [-49.63065, -17.28685], [-49.61339, -17.27069], [-49.61989, -17.22803], [-49.56406, -17.20208], [-49.51381, -17.15431], [-49.46308, -17.16584], [-49.44534, -17.14606], [-49.40674, -17.20387], [-49.48988, -17.26331]]]}}, {"type": "Feature", "properties": {"code_amc": 16149, "mesorregiao": "Sul Goiano", "n_munis": 1}, "geometry": {"type": "Polygon", "coordinates": [[[-48.69181, -18.09429], [-48.71995, -18.07559], [-48.73822, -18.03082], [-48.7322, -17.9834], [-48.76536, -17.93458], [-48.7084, -17.90106], [-48.71848, -17.84466], [-48.63552, -17.94603], [-48.62156, -18.00044], [-48.62935, -18.04065], [-48.66044, -18.06468], [-48.65825, -18.08558], [-48.69181, -18.09429]]]}}, {"type": "Feature", "properties": {"code_amc": 16150, "mesorregiao": "Sul Goiano", "n_munis": 1}, "geometry": {"type": "Polygon", "coordinates": [[[-50.34538, -17.94234], [-50.30734, -18.00039], [-50.28621, -17.99851], [-50.29141, -18.02914], [-50.25284, -18.03194], [-50.22726, -18.01292], [-50.18765, -18.0604], [-50.22513, -18.07836], [-50.28382, -18.07959], [-50.35268, -18.15744], [-50.37843, -18.154], [-50.40838, -18.12776], [-50.4381, -18.05101], [-50.5074, -18.0184], [-50.48077, -18.00032], [-50.46762, -17.95187], [-50.4206, -17.94698], [-50.39842, -17.92858], [-50.34538, -17.94234]]]}}, {"type": "Feature", "properties": {"code_amc": 16151, "mesorregiao": "Norte Goiano", "n_munis": 2}, "geometry": {"type": "Polygon", "coordinates": [[[-48.04817, -14.96961], [-48.05822, -15.0524], [-48.09888, -15.11157], [-48.09121, -15.13575], [-48.11461, -15.15397], [-48.12907, -15.13655], [-48.18207, -15.141], [-48.21605, -15.11331], [-48.2369, -15.12819], [-48.30446, -15.09682], [-48.32313, -15.11278], [-48.36511, -15.08981], [-48.40641, -15.10565], [-48.42441, -15.08649], [-48.48911, -15.11753], [-48.49958, -15.15226], [-48.54267, -15.17411], [-48.61427, -15.15495], [-48.63053, -15.11027], [-48.65403, -15.10119], [-48.65694, -15.04571], [-48.5989, -15.00604], [-48.62055, -15.00419], [-48.61833, -14.98689], [-48.63486, -14.9972], [-48.65002, -14.95875], [-48.66819, -14.98256], [-48.69644, -14.9814], [-48.68361, -14.95191], [-48.74914, -14.93928], [-48.73669, -14.88272], [-48.76178, -14.84747], [-48.7455, -14.84316], [-48.74039, -14.8117], [-48.71316, -14.80109], [-48.72813, -14.77932], [-48.71208, -14.76449], [-48.71278, -14.72656], [-48.73163, -14.70931], [-48.72739, -14.6727], [-48.77188, -14.64276], [-48.78178, -14.66599], [-48.81519, -14.66364], [-48.84284, -14.68954], [-48.87594, -14.69454], [-48.90636, -14.67097], [-48.95028, -14.68104], [-48.95042, -14.6612], [-48.96585, -14.66514], [-48.96684, -14.64548], [-48.9875, -14.64398], [-48.99006, -14.62225], [-48.97489, -14.62302], [-48.99172, -14.58646], [-49.00175, -14.59849], [-49.01142, -14.57578], [-49.03913, -14.57715], [-49.03686, -14.56294], [-49.00672, -14.55853], [-49.00672, -14.53995], [-49.04022, -14.52811], [-49.05336, -14.49914], [-49.02311, -14.49585], [-49.02597, -14.4699], [-48.99425, -14.45616], [-48.97747, -14.41444], [-48.99331, -14.38815], [-48.98608, -14.34129], [-49.0163, -14.31434], [-48.96616, -14.29338], [-48.9467, -14.2509], [-48.896, -14.23227], [-48.89316, -14.2079], [-48.88172, -14.212], [-48.88056, -14.19044], [-48.84932, -14.15859], [-48.82364, -14.17675], [-48.79822, -14.14075], [-48.76747, -14.14828], [-48.75686, -14.11978], [-48.72349, -14.12721], [-48.70717, -14.16062], [-48.69153, -14.15093], [-48.67294, -14.17156], [-48.59897, -14.18578], [-48.56388, -14.13123], [-48.50224, -14.10883], [-48.5038, -14.07244], [-48.4848, -14.06328], [-48.47191, -14.01839], [-48.43396, -14.02293], [-48.35946, -13.97552], [-48.31846, -13.97719], [-48.31758, -13.9385], [-48.25283, -13.95795], [-48.2453, -13.99332], [-48.19232, -14.02386], [-48.16299, -14.11859], [-48.13958, -14.12524], [-48.11952, -14.15566], [-48.12677, -14.17081], [-48.04963, -14.21369], [-48.04413, -14.23448], [-48.0048, -14.24292], [-48.00324, -14.26727], [-47.9813, -14.25686], [-47.94988, -14.28546], [-47.90913, -14.28186], [-47.9264, -14.30288], [-47.90763, -14.33883], [-47.88876, -14.33548], [-47.87074, -14.35351], [-47.86574, -14.33811], [-47.8323, -14.33466], [-47.8266, -14.35188], [-47.86432, -14.38023], [-47.8594, -14.40387], [-47.83559, -14.43647], [-47.82243, -14.50527], [-47.76162, -14.54164], [-47.77862, -14.67863], [-47.81232, -14.69724], [-47.83538, -14.74409], [-47.90771, -14.79881], [-47.99353, -14.80413], [-48.06613, -14.86813], [-48.07885, -14.8988], [-48.04308, -14.92986], [-48.03559, -14.96091], [-48.04817, -14.96961]]]}}, {"type": "Feature", "properties": {"code_amc": 16152, "mesorregiao": "Norte Goiano", "n_munis": 1}, "geometry": {"type": "Polygon", "coordinates": [[[-48.53964, -13.44981], [-48.54699, -13.43076], [-48.5808, -13.42493], [-48.56052, -13.38954], [-48.57919, -13.31938], [-48.55361, -13.30198], [-48.55461, -13.20497], [-48.53039, -13.19256], [-48.51344, -13.13083], [-48.47363, -13.13741], [-48.47528, -13.23573], [-48.45711, -13.24869], [-48.46024, -13.28076], [-48.44171, -13.29237], [-48.42986, -13.27158], [-48.38568, -13.26607], [-48.36088, -13.24264], [-48.33694, -13.24708], [-48.34213, -13.2284], [-48.3071, -13.23544], [-48.28791, -13.20399], [-48.25089, -13.19699], [-48.23188, -13.16817], [-48.19585, -13.17302], [-48.18882, -13.15366], [-48.14665, -13.15201], [-48.16577, -13.18999], [-48.15333, -13.21967], [-48.16893, -13.24009], [-48.15374, -13.27919], [-48.17199, -13.31102], [-48.17027, -13.36938], [-48.14654, -13.38451], [-48.14666, -13.43633], [-48.1689, -13.44843], [-48.18696, -13.42068], [-48.19871, -13.47146], [-48.16191, -13.47858], [-48.1553, -13.49773], [-48.13157, -13.50497], [-48.14083, -13.54786], [-48.10807, -13.54039], [-48.09202, -13.55409], [-48.11013, -13.56868], [-48.11131, -13.61766], [-48.14671, -13.66696], [-48.14463, -13.76392], [-48.19346, -13.78663], [-48.24787, -13.85795], [-48.28526, -13.83106], [-48.3173, -13.84601], [-48.33259, -13.83628], [-48.34588, -13.86264], [-48.36797, -13.8241], [-48.38508, -13.82109], [-48.37627, -13.80212], [-48.43566, -13.75991], [-48.43552, -13.73006], [-48.45521, -13.70901], [-48.42883, -13.70122], [-48.46544, -13.66794], [-48.45602, -13.6082], [-48.50944, -13.61572], [-48.56286, -13.59187], [-48.57974, -13.62792], [-48.61572, -13.63526], [-48.64294, -13.61884], [-48.66132, -13.64421], [-48.70171, -13.63894], [-48.6848, -13.59694], [-48.6479, -13.58098], [-48.62594, -13.53621], [-48.58625, -13.50903], [-48.56927, -13.45801], [-48.53964, -13.44981]]]}}, {"type": "Feature", "properties": {"code_amc": 16153, "mesorregiao": "Centro Goiano", "n_munis": 1}, "geometry": {"type": "Polygon", "coordinates": [[[-50.77076, -16.51001], [-50.75477, -16.4569], [-50.70669, -16.44335], [-50.70379, -16.41628], [-50.6765, -16.40657], [-50.68188, -16.45004], [-50.65685, -16.44985], [-50.64299, -16.50814], [-50.62563, -16.51242], [-50.62349, -16.49362], [-50.60815, -16.50939], [-50.6129, -16.49688], [-50.5986, -16.49259], [-50.59443, -16.51433], [-50.61679, -16.58931], [-50.70244, -16.62033], [-50.73877, -16.58365], [-50.77852, -16.59143], [-50.80169, -16.57643], [-50.79774, -16.53562], [-50.81788, -16.51052], [-50.85338, -16.50696], [-50.8616, -16.4913], [-50.87558, -16.52313], [-50.91777, -16.52693], [-50.96894, -16.50181], [-50.98075, -16.46779], [-50.9636, -16.41864], [-50.92983, -16.39621], [-50.85757, -16.44136], [-50.83729, -16.47782], [-50.82999, -16.47024], [-50.77076, -16.51001]]]}}, {"type": "Feature", "properties": {"code_amc": 16154, "mesorregiao": "Norte Goiano", "n_munis": 1}, "geometry": {"type": "Polygon", "coordinates": [[[-46.80278, -13.08599], [-46.7165, -13.10441], [-46.67262, -13.06067], [-46.62306, -13.06482], [-46.60556, -13.04316], [-46.503, -13.00477], [-46.46245, -13.01375], [-46.44859, -13.03871], [-46.45308, -13.06589], [-46.50628, -13.09713], [-46.53075, -13.15401], [-46.5902, -13.21378], [-46.68318, -13.24365], [-46.67748, -13.28368], [-46.70236, -13.29671], [-46.70895, -13.32447], [-46.69906, -13.36891], [-46.73339, -13.38631], [-46.76951, -13.44632], [-46.76301, -13.48219], [-46.78481, -13.50812], [-46.77239, -13.54019], [-46.7887, -13.55097], [-46.79198, -13.59008], [-46.84021, -13.59074], [-46.84839, -13.61504], [-46.90512, -13.58665], [-46.92795, -13.59102], [-46.95238, -13.55959], [-46.97995, -13.56041], [-47.05425, -13.52289], [-47.08345, -13.48562], [-47.06682, -13.44746], [-47.10126, -13.43279], [-47.12537, -13.43981], [-47.15109, -13.41067], [-47.1978, -13.4521], [-47.26084, -13.44852], [-47.32979, -13.38002], [-47.32868, -13.35927], [-47.35251, -13.34678], [-47.34768, -13.31641], [-47.39241, -13.26235], [-47.3731, -13.22856], [-47.35242, -13.24883], [-47.29454, -13.24893], [-47.28215, -13.26491], [-47.22823, -13.19432], [-47.18285, -13.18811], [-47.17979, -13.20712], [-47.13779, -13.20462], [-47.13259, -13.1785], [-47.08735, -13.18242], [-47.08084, -13.16196], [-47.01939, -13.14578], [-47.00114, -13.12138], [-46.97887, -13.13158], [-46.87904, -13.04883], [-46.86884, -13.06852], [-46.82161, -13.05807], [-46.80278, -13.08599]]]}}, {"type": "Feature", "properties": {"code_amc": 16155, "mesorregiao": "Noroeste Goiano", "n_munis": 1}, "geometry": {"type": "Polygon", "coordinates": [[[-51.87927, -15.81623], [-51.80381, -15.7249], [-51.75564, -15.6278], [-51.77561, -15.53581], [-51.76186, -15.53164], [-51.75169, -15.55511], [-51.72772, -15.55079], [-51.73547, -15.51087], [-51.69879, -15.48496], [-51.64799, -15.50744], [-51.63449, -15.5356], [-51.651, -15.56132], [-51.63262, -15.56186], [-51.61391, -15.58716], [-51.59588, -15.57651], [-51.59063, -15.60536], [-51.57949, -15.60065], [-51.57861, -15.64824], [-51.56255, -15.65177], [-51.5585, -15.68145], [-51.5761, -15.68647], [-51.57473, -15.70436], [-51.52781, -15.72576], [-51.54636, -15.75413], [-51.53755, -15.78042], [-51.52814, -15.77072], [-51.52094, -15.7823], [-51.53244, -15.81199], [-51.48478, -15.81758], [-51.46294, -15.85355], [-51.42861, -15.84742], [-51.43239, -15.87745], [-51.39558, -15.91036], [-51.38202, -15.90044], [-51.37244, -15.93561], [-51.33135, -15.9254], [-51.26693, -15.97444], [-51.2388, -15.96325], [-51.23566, -15.99439], [-51.20665, -16.00361], [-51.21747, -16.02684], [-51.20179, -16.06807], [-51.22715, -16.09208], [-51.2265, -16.13065], [-51.25666, -16.18419], [-51.27894, -16.16557], [-51.30452, -16.21098], [-51.32033, -16.19496], [-51.36116, -16.21073], [-51.3785, -16.18789], [-51.43352, -16.20714], [-51.44374, -16.18027], [-51.42305, -16.16595], [-51.47513, -16.11056], [-51.51046, -16.14921], [-51.54144, -16.14004], [-51.54846, -16.1742], [-51.56989, -16.1679], [-51.60672, -16.18796], [-51.63164, -16.17932], [-51.64276, -16.13886], [-51.70117, -16.11082], [-51.72063, -16.08039], [-51.75819, -16.08748], [-51.7981, -16.02981], [-51.8245, -16.03233], [-51.82772, -15.99071], [-51.86022, -15.9709], [-51.85219, -15.94452], [-51.83981, -15.94063], [-51.84048, -15.95699], [-51.82133, -15.92319], [-51.86305, -15.91442], [-51.8303, -15.86701], [-51.84305, -15.852], [-51.86636, -15.85966], [-51.87633, -15.84054], [-51.86377, -15.82014], [-51.87545, -15.82865], [-51.87927, -15.81623]]]}}, {"type": "Feature", "properties": {"code_amc": 16156, "mesorregiao": "Sul Goiano", "n_munis": 1}, "geometry": {"type": "Polygon", "coordinates": [[[-49.32413, -17.59117], [-49.31873, -17.5708], [-49.30189, -17.56778], [-49.30195, -17.50702], [-49.25656, -17.51932], [-49.22664, -17.50602], [-49.15678, -17.54534], [-49.12734, -17.53016], [-49.09836, -17.54529], [-49.07656, -17.52244], [-49.02491, -17.5582], [-48.94906, -17.5796], [-48.89303, -17.63425], [-48.88397, -17.66744], [-48.85019, -17.68053], [-48.83492, -17.73906], [-48.8465, -17.74514], [-48.81558, -17.81275], [-48.84941, -17.85484], [-48.83156, -17.85881], [-48.85356, -17.88882], [-48.83406, -17.93533], [-48.86481, -17.99178], [-48.86234, -18.04505], [-48.89011, -18.09221], [-48.91617, -18.0908], [-48.92267, -18.05872], [-48.943, -18.05419], [-48.93056, -18.02115], [-48.94973, -18.0194], [-48.96089, -17.98593], [-49.03714, -17.97471], [-49.05553, -17.94992], [-49.08559, -17.95561], [-49.11431, -17.98382], [-49.15323, -17.9696], [-49.17476, -17.98906], [-49.2892, -17.94628], [-49.36211, -17.96089], [-49.3957, -17.91591], [-49.43532, -17.91727], [-49.45503, -17.89495], [-49.45923, -17.86872], [-49.43784, -17.82517], [-49.45471, -17.78689], [-49.42404, -17.78744], [-49.44195, -17.77733], [-49.42381, -17.75478], [-49.45804, -17.74641], [-49.43267, -17.73851], [-49.44201, -17.7105], [-49.42006, -17.71276], [-49.40517, -17.6286], [-49.3487, -17.58376], [-49.32413, -17.59117]]]}}, {"type": "Feature", "properties": {"code_amc": 16157, "mesorregiao": "Centro Goiano", "n_munis": 2}, "geometry": {"type": "Polygon", "coordinates": [[[-49.89656, -15.32634], [-49.89756, -15.37117], [-49.93823, -15.35845], [-50.01339, -15.37311], [-50.0172, -15.35909], [-50.04484, -15.35832], [-50.11393, -15.37097], [-50.13951, -15.4004], [-50.12373, -15.36647], [-50.13184, -15.33803], [-50.10228, -15.31542], [-50.10604, -15.28607], [-50.08067, -15.2376], [-50.03905, -15.19745], [-50.05559, -15.18302], [-50.0357, -15.14571], [-50.05489, -15.12442], [-50.04898, -15.10995], [-50.00007, -15.08098], [-49.92153, -15.0944], [-49.76445, -15.07097], [-49.75242, -15.08578], [-49.70495, -15.0626], [-49.68695, -15.08085], [-49.66734, -15.0683], [-49.77381, -15.2356], [-49.74668, -15.2402], [-49.74898, -15.2704], [-49.7715, -15.2885], [-49.78998, -15.28087], [-49.86064, -15.3323], [-49.89656, -15.32634]]]}}, {"type": "Feature", "properties": {"code_amc": 16158, "mesorregiao": "Noroeste Goiano", "n_munis": 1}, "geometry": {"type": "Polygon", "coordinates": [[[-50.50532, -15.05727], [-50.55127, -15.04306], [-50.59393, -14.99065], [-50.64627, -14.98348], [-50.67726, -14.95917], [-50.76179, -14.95861], [-50.79743, -14.92663], [-50.80235, -14.85576], [-50.82887, -14.82168], [-50.83443, -14.71165], [-50.85696, -14.67389], [-50.87988, -14.66634], [-50.84026, -14.62628], [-50.84521, -14.60964], [-50.78248, -14.62881], [-50.78346, -14.68165], [-50.71845, -14.72058], [-50.6896, -14.6994], [-50.66493, -14.70509], [-50.6401, -14.67151], [-50.58777, -14.67651], [-50.55191, -14.61185], [-50.54482, -14.64161], [-50.51947, -14.64928], [-50.50988, -14.67791], [-50.48635, -14.69144], [-50.50318, -14.71981], [-50.46901, -14.73222], [-50.44607, -14.72368], [-50.41539, -14.79791], [-50.38693, -14.79133], [-50.38002, -14.81249], [-50.35709, -14.812], [-50.3401, -14.83601], [-50.35074, -14.85156], [-50.30321, -14.89769], [-50.31454, -14.94387], [-50.40329, -15.02552], [-50.50532, -15.05727]]]}}, {"type": "Feature", "properties": {"code_amc": 16159, "mesorregiao": "Norte Goiano", "n_munis": 1}, "geometry": {"type": "Polygon", "coordinates": [[[-49.17602, -13.71754], [-49.18247, -13.76826], [-49.15908, -13.78203], [-49.15941, -13.83408], [-49.13936, -13.86145], [-49.33414, -13.87012], [-49.29497, -13.7877], [-49.33108, -13.76494], [-49.39924, -13.79176], [-49.41142, -13.81877], [-49.458, -13.81177], [-49.521, -13.83623], [-49.56348, -13.78214], [-49.59184, -13.77871], [-49.55106, -13.76511], [-49.53709, -13.71318], [-49.52575, -13.71988], [-49.5215, -13.70249], [-49.45253, -13.66633], [-49.4325, -13.66435], [-49.35767, -13.71089], [-49.30847, -13.69649], [-49.35764, -13.56455], [-49.33427, -13.57463], [-49.26634, -13.56411], [-49.24086, -13.59222], [-49.149, -13.58484], [-49.12158, -13.55744], [-49.07656, -13.5556], [-49.08625, -13.60448], [-49.1197, -13.61937], [-49.10891, -13.66677], [-49.17602, -13.71754]]]}}, {"type": "Feature", "properties": {"code_amc": 16160, "mesorregiao": "Centro Goiano", "n_munis": 1}, "geometry": {"type": "Polygon", "coordinates": [[[-49.75092, -16.65271], [-49.77682, -16.63847], [-49.88656, -16.64015], [-49.91067, -16.61445], [-49.92492, -16.62951], [-49.97279, -16.5902], [-50.00669, -16.62058], [-49.9834, -16.56971], [-49.9149, -16.53043], [-49.80055, -16.51793], [-49.76651, -16.56883], [-49.73093, -16.57969], [-49.72837, -16.63422], [-49.75092, -16.65271]]]}}, {"type": "Feature", "properties": {"code_amc": 16161, "mesorregiao": "Centro Goiano", "n_munis": 1}, "geometry": {"type": "Polygon", "coordinates": [[[-49.23059, -16.32102], [-49.10912, -16.43169], [-49.12323, -16.50836], [-49.17669, -16.53844], [-49.19651, -16.50436], [-49.17655, -16.46519], [-49.21497, -16.45367], [-49.28061, -16.39911], [-49.25792, -16.40265], [-49.26039, -16.33513], [-49.23059, -16.32102]]]}}, {"type": "Feature", "properties": {"code_amc": 16162, "mesorregiao": "Centro Goiano", "n_munis": 1}, "geometry": {"type": "Polygon", "coordinates": [[[-50.05489, -15.12442], [-50.04565, -15.05925], [-49.98779, -15.01481], [-49.96934, -15.0202], [-49.96595, -14.99999], [-49.92478, -14.97052], [-49.8597, -14.98189], [-49.83709, -15.00389], [-49.85414, -15.04228], [-49.82634, -15.08802], [-49.92153, -15.0944], [-50.00007, -15.08098], [-50.05489, -15.12442]]]}}, {"type": "Feature", "properties": {"code_amc": 16163, "mesorregiao": "Sul Goiano", "n_munis": 1}, "geometry": {"type": "Polygon", "coordinates": [[[-48.29968, -18.03618], [-48.32044, -17.9875], [-48.31522, -17.94359], [-48.28916, -17.91784], [-48.29691, -17.95827], [-48.2593, -17.99389], [-48.21172, -17.99355], [-48.20197, -18.01835], [-48.23455, -18.03439], [-48.2086, -18.06978], [-48.23605, -18.08298], [-48.2331, -18.12224], [-48.26232, -18.12374], [-48.27508, -18.14541], [-48.2673, -18.22058], [-48.31974, -18.24928], [-48.33391, -18.20183], [-48.39877, -18.12716], [-48.29968, -18.03618]]]}}, {"type": "Feature", "properties": {"code_amc": 16164, "mesorregiao": "Norte Goiano", "n_munis": 1}, "geometry": {"type": "Polygon", "coordinates": [[[-46.86672, -13.88078], [-46.83717, -13.91168], [-46.85095, -13.98644], [-46.82648, -14.02806], [-46.83961, -14.04648], [-46.87559, -14.03338], [-46.88909, -14.07057], [-46.92278, -14.07696], [-46.93804, -14.103], [-46.99348, -14.09227], [-46.98836, -14.04834], [-47.04051, -14.03107], [-47.11029, -14.09762], [-47.12704, -14.08812], [-47.14956, -14.01881], [-47.20003, -13.96424], [-47.1762, -13.95368], [-47.1719, -13.91413], [-47.19815, -13.8613], [-47.19423, -13.72287], [-47.14871, -13.67783], [-47.16154, -13.63165], [-47.13795, -13.56666], [-47.14336, -13.51042], [-47.12676, -13.43918], [-47.06682, -13.44746], [-47.08345, -13.48562], [-47.05425, -13.52289], [-46.97995, -13.56041], [-46.95238, -13.55959], [-46.92795, -13.59102], [-46.86608, -13.60363], [-46.85056, -13.63328], [-46.79632, -13.6584], [-46.80945, -13.67676], [-46.78464, -13.72062], [-46.81081, -13.7253], [-46.83759, -13.76453], [-46.81717, -13.79596], [-46.85181, -13.82882], [-46.8255, -13.84796], [-46.86672, -13.88078]]]}}, {"type": "Feature", "properties": {"code_amc": 16165, "mesorregiao": "Centro Goiano", "n_munis": 1}, "geometry": {"type": "Polygon", "coordinates": [[[-49.31277, -16.31245], [-49.23059, -16.32102], [-49.26183, -16.33655], [-49.25792, -16.40265], [-49.28061, -16.39911], [-49.29676, -16.44334], [-49.33923, -16.3879], [-49.36793, -16.37685], [-49.36522, -16.33394], [-49.33548, -16.29443], [-49.34534, -16.27036], [-49.3177, -16.28217], [-49.31277, -16.31245]]]}}, {"type": "Feature", "properties": {"code_amc": 16166, "mesorregiao": "Centro Goiano", "n_munis": 1}, "geometry": {"type": "Polygon", "coordinates": [[[-50.58488, -16.03823], [-50.50623, -16.00831], [-50.51415, -16.03318], [-50.48962, -16.04071], [-50.47521, -16.10797], [-50.49046, -16.14797], [-50.59493, -16.23396], [-50.59582, -16.19971], [-50.61641, -16.17833], [-50.60548, -16.14882], [-50.63088, -16.15719], [-50.65132, -16.10896], [-50.81052, -16.08844], [-50.82238, -16.06931], [-50.79657, -15.99748], [-50.78265, -15.99337], [-50.79415, -15.94352], [-50.74648, -15.92274], [-50.72349, -15.87711], [-50.68413, -15.90988], [-50.68343, -15.95212], [-50.62221, -15.96253], [-50.58488, -16.03823]]]}}, {"type": "Feature", "properties": {"code_amc": 16167, "mesorregiao": "Noroeste Goiano", "n_munis": 2}, "geometry": {"type": "Polygon", "coordinates": [[[-49.97918, -12.93936], [-49.36953, -13.27462], [-49.45485, -13.24624], [-49.57928, -13.28745], [-49.62439, -13.35373], [-49.64828, -13.35218], [-49.69884, -13.40924], [-49.76561, -13.42818], [-49.80092, -13.46193], [-49.82245, -13.45283], [-49.84928, -13.49604], [-49.87478, -13.50567], [-49.88568, -13.49328], [-49.91398, -13.5078], [-50.00042, -13.48664], [-50.05946, -13.52452], [-50.11901, -13.50856], [-50.14276, -13.53697], [-50.16128, -13.53111], [-50.16815, -13.55342], [-50.2048, -13.53501], [-50.25136, -13.55684], [-50.27407, -13.53551], [-50.37422, -13.56012], [-50.38292, -13.57746], [-50.41484, -13.5436], [-50.47386, -13.5642], [-50.54199, -13.50637], [-50.51832, -13.46424], [-50.54126, -13.46045], [-50.5727, -13.40647], [-50.59414, -13.40421], [-50.57545, -13.3888], [-50.61184, -13.34039], [-50.58453, -13.21529], [-50.60339, -13.19687], [-50.59029, -13.10963], [-50.61171, -13.06436], [-50.56918, -13.03913], [-50.59301, -13.00286], [-50.55682, -13.00246], [-50.52593, -12.97642], [-50.50187, -12.88269], [-50.51107, -12.86077], [-50.48484, -12.81196], [-50.49387, -12.78566], [-50.46853, -12.7554], [-50.48601, -12.74857], [-50.46623, -12.73149], [-50.47807, -12.70995], [-50.43538, -12.69431], [-50.42795, -12.65297], [-50.44087, -12.65327], [-50.41334, -12.65014], [-50.41865, -12.6246], [-50.39109, -12.61169], [-50.39881, -12.60217], [-50.36651, -12.57145], [-50.36593, -12.54607], [-50.33129, -12.53549], [-50.33025, -12.51503], [-50.31414, -12.52154], [-50.32515, -12.5079], [-50.30784, -12.49438], [-50.1852, -12.43263], [-50.19437, -12.41225], [-50.17509, -12.42373], [-50.17142, -12.40695], [-50.14268, -12.39593], [-50.21767, -12.4889], [-50.2294, -12.5339], [-50.19318, -12.56431], [-50.22723, -12.58652], [-50.23821, -12.57959], [-50.23698, -12.62403], [-50.26243, -12.63771], [-50.26682, -12.68245], [-50.30011, -12.68089], [-50.28423, -12.71818], [-50.30226, -12.7457], [-50.30717, -12.81963], [-50.29265, -12.83992], [-50.23154, -12.85415], [-50.22512, -12.8743], [-50.18343, -12.89677], [-50.0789, -12.90594], [-50.04446, -12.93349], [-49.97918, -12.93936]]]}}, {"type": "Feature", "properties": {"code_amc": 16168, "mesorregiao": "Sul Goiano", "n_munis": 1}, "geometry": {"type": "Polygon", "coordinates": [[[-48.36666, -16.91058], [-48.30227, -16.80926], [-48.26007, -16.79037], [-48.25983, -16.73875], [-48.15208, -16.73205], [-48.10522, -16.74831], [-48.07613, -16.80025], [-48.08885, -16.85758], [-48.07935, -16.92875], [-48.01595, -16.92926], [-47.91904, -17.00538], [-47.99261, -17.08901], [-48.0023, -17.14511], [-48.03153, -17.19332], [-48.05865, -17.19748], [-48.05458, -17.21299], [-48.07043, -17.20891], [-48.08504, -17.24746], [-48.12158, -17.27834], [-48.19719, -17.30984], [-48.20911, -17.28743], [-48.188, -17.27359], [-48.21621, -17.24662], [-48.23769, -17.1867], [-48.33016, -17.15151], [-48.48922, -17.00357], [-48.45505, -16.93323], [-48.41736, -16.93604], [-48.36666, -16.91058]]]}}, {"type": "Feature", "properties": {"code_amc": 16169, "mesorregiao": "Centro Goiano", "n_munis": 1}, "geometry": {"type": "Polygon", "coordinates": [[[-49.21572, -16.18984], [-49.19221, -16.144], [-49.14403, -16.23234], [-49.1802, -16.26243], [-49.16707, -16.31606], [-49.19459, -16.34719], [-49.23059, -16.32102], [-49.30795, -16.31119], [-49.27595, -16.26647], [-49.2894, -16.23167], [-49.31321, -16.23075], [-49.27278, -16.21975], [-49.2605, -16.19725], [-49.25303, -16.2101], [-49.21572, -16.18984]]]}}, {"type": "Feature", "properties": {"code_amc": 16170, "mesorregiao": "Sul Goiano", "n_munis": 1}, "geometry": {"type": "Polygon", "coordinates": [[[-47.7793, -18.12117], [-47.6913, -18.13317], [-47.67787, -18.15402], [-47.68838, -18.17113], [-47.66502, -18.15866], [-47.6514, -18.18585], [-47.64007, -18.17287], [-47.65257, -18.21705], [-47.62938, -18.21034], [-47.63677, -18.23942], [-47.60232, -18.25629], [-47.62087, -18.2531], [-47.61902, -18.27171], [-47.63877, -18.28768], [-47.61126, -18.31539], [-47.77183, -18.28527], [-47.87805, -18.28385], [-47.87671, -18.22417], [-47.8408, -18.15632], [-47.7793, -18.12117]]]}}, {"type": "Feature", "properties": {"code_amc": 16171, "mesorregiao": "Leste Goiano", "n_munis": 1}, "geometry": {"type": "Polygon", "coordinates": [[[-48.56183, -15.24074], [-48.61875, -15.17184], [-48.60872, -15.15338], [-48.54267, -15.17411], [-48.49958, -15.15226], [-48.48911, -15.11753], [-48.42441, -15.08649], [-48.40641, -15.10565], [-48.36511, -15.08981], [-48.32313, -15.11278], [-48.30446, -15.09682], [-48.2369, -15.12819], [-48.21605, -15.11331], [-48.16407, -15.14614], [-48.1211, -15.13989], [-48.08216, -15.19591], [-48.01621, -15.21017], [-47.99672, -15.27276], [-47.97214, -15.28161], [-47.96838, -15.32945], [-47.92399, -15.36075], [-47.95496, -15.44099], [-48.04255, -15.46435], [-48.05328, -15.50026], [-48.20054, -15.50026], [-48.19903, -15.62198], [-48.22577, -15.63037], [-48.23468, -15.65904], [-48.30913, -15.62168], [-48.35074, -15.63654], [-48.38469, -15.61138], [-48.39319, -15.64323], [-48.4126, -15.65392], [-48.4791, -15.61938], [-48.54678, -15.60624], [-48.54625, -15.58292], [-48.59836, -15.53408], [-48.58157, -15.4816], [-48.55458, -15.45546], [-48.5713, -15.43683], [-48.56539, -15.38703], [-48.59275, -15.36425], [-48.57327, -15.35647], [-48.59508, -15.28898], [-48.57491, -15.27985], [-48.58455, -15.26916], [-48.56183, -15.24074]]]}}, {"type": "Feature", "properties": {"code_amc": 16172, "mesorregiao": "Sul Goiano", "n_munis": 1}, "geometry": {"type": "Polygon", "coordinates": [[[-48.43625, -17.33467], [-48.40585, -17.28237], [-48.42699, -17.26006], [-48.40441, -17.23894], [-48.37408, -17.27435], [-48.3811, -17.30286], [-48.36669, -17.3349], [-48.38475, -17.37622], [-48.39225, -17.34666], [-48.43625, -17.33467]]]}}, {"type": "Feature", "properties": {"code_amc": 16173, "mesorregiao": "Sul Goiano", "n_munis": 1}, "geometry": {"type": "Polygon", "coordinates": [[[-50.25329, -16.73316], [-50.19423, -16.68585], [-50.14998, -16.67957], [-50.15876, -16.71948], [-50.11059, -16.79683], [-50.10137, -16.89365], [-50.15543, -16.91363], [-50.14379, -16.924], [-50.15304, -16.93917], [-50.26234, -16.89301], [-50.27729, -16.89955], [-50.30207, -16.85822], [-50.30054, -16.82412], [-50.26215, -16.77973], [-50.25329, -16.73316]]]}}, {"type": "Feature", "properties": {"code_amc": 16174, "mesorregiao": "Sul Goiano", "n_munis": 1}, "geometry": {"type": "Polygon", "coordinates": [[[-49.34828, -18.17775], [-49.28767, -18.14386], [-49.25109, -18.17779], [-49.23784, -18.22128], [-49.28531, -18.228], [-49.40628, -18.34059], [-49.41739, -18.2901], [-49.47678, -18.27207], [-49.50839, -18.21428], [-49.54242, -18.22381], [-49.5491, -18.20739], [-49.54001, -18.17612], [-49.51292, -18.16147], [-49.52548, -18.15695], [-49.51107, -18.14894], [-49.51184, -18.11658], [-49.49209, -18.11048], [-49.51223, -18.09329], [-49.49795, -18.07932], [-49.45756, -18.09275], [-49.4132, -18.13987], [-49.37439, -18.13345], [-49.34828, -18.17775]]]}}, {"type": "Feature", "properties": {"code_amc": 16175, "mesorregiao": "Sul Goiano", "n_munis": 1}, "geometry": {"type": "Polygon", "coordinates": [[[-50.67463, -18.74653], [-50.56728, -18.77032], [-50.59171, -18.70877], [-50.54982, -18.61411], [-50.5211, -18.6211], [-50.52337, -18.63797], [-50.48878, -18.6802], [-50.42785, -18.70162], [-50.42068, -18.73536], [-50.35232, -18.7603], [-50.37857, -18.81465], [-50.42349, -18.83265], [-50.4415, -18.89079], [-50.47315, -18.92143], [-50.50663, -18.89439], [-50.60047, -18.9252], [-50.6784, -18.91309], [-50.68149, -18.95861], [-50.70805, -18.99684], [-50.83382, -18.92297], [-50.81958, -18.87082], [-50.83888, -18.74435], [-50.78947, -18.65736], [-50.68288, -18.72377], [-50.67463, -18.74653]]]}}, {"type": "Feature", "properties": {"code_amc": 16176, "mesorregiao": "Sul Goiano", "n_munis": 2}, "geometry": {"type": "Polygon", "coordinates": [[[-51.05685, -16.86038], [-51.00796, -16.84786], [-50.97118, -16.79356], [-50.92415, -16.78349], [-50.84927, -16.72695], [-50.81891, -16.67101], [-50.81837, -16.72184], [-50.79041, -16.79649], [-50.79962, -16.82348], [-50.7054, -16.80955], [-50.65138, -16.83977], [-50.57618, -16.84794], [-50.53601, -16.81368], [-50.44918, -16.79716], [-50.40604, -16.71909], [-50.35872, -16.70022], [-50.35743, -16.74393], [-50.2851, -16.76689], [-50.28071, -16.80427], [-50.29985, -16.82237], [-50.30227, -16.85731], [-50.28412, -16.87691], [-50.27635, -16.97163], [-50.29554, -16.99321], [-50.28621, -17.04711], [-50.30846, -17.0674], [-50.2868, -17.07811], [-50.2989, -17.10478], [-50.27371, -17.11434], [-50.29576, -17.13766], [-50.27143, -17.15544], [-50.29624, -17.18182], [-50.23393, -17.23784], [-50.22999, -17.25951], [-50.2453, -17.27121], [-50.25434, -17.25221], [-50.27876, -17.24918], [-50.35265, -17.30252], [-50.39229, -17.18902], [-50.45948, -17.33109], [-50.51351, -17.34599], [-50.50241, -17.37495], [-50.52823, -17.43046], [-50.55708, -17.40414], [-50.58957, -17.40971], [-50.60688, -17.37717], [-50.63149, -17.36764], [-50.63601, -17.38639], [-50.65583, -17.34768], [-50.67132, -17.35756], [-50.67729, -17.33014], [-50.69705, -17.32031], [-50.69024, -17.29809], [-50.71707, -17.29937], [-50.73771, -17.26663], [-50.72044, -17.24831], [-50.75177, -17.23184], [-50.77676, -17.18946], [-50.79846, -17.18029], [-50.82149, -17.19214], [-50.83686, -17.17251], [-50.90374, -17.15458], [-50.90668, -17.12213], [-51.05413, -16.95724], [-51.05685, -16.86038]]]}}, {"type": "Feature", "properties": {"code_amc": 16177, "mesorregiao": "Centro Goiano", "n_munis": 1}, "geometry": {"type": "Polygon", "coordinates": [[[-49.38478, -15.99741], [-49.27487, -16.01223], [-49.25445, -16.04693], [-49.225, -16.05637], [-49.21997, -16.08107], [-49.17428, -16.07919], [-49.15513, -16.02665], [-49.13163, -16.0525], [-49.1828, -16.11242], [-49.16506, -16.13757], [-49.19049, -16.14118], [-49.2166, -16.19137], [-49.25303, -16.2101], [-49.2605, -16.19725], [-49.27278, -16.21975], [-49.31321, -16.23075], [-49.34323, -16.20362], [-49.40464, -16.195], [-49.41167, -16.17411], [-49.44839, -16.16787], [-49.45795, -16.13785], [-49.44112, -16.07444], [-49.38478, -15.99741]]]}}, {"type": "Feature", "properties": {"code_amc": 16178, "mesorregiao": "Sul Goiano", "n_munis": 2}, "geometry": {"type": "Polygon", "coordinates": [[[-48.93874, -17.08993], [-48.92269, -17.02219], [-48.87963, -17.01665], [-48.84397, -17.06448], [-48.80028, -17.17774], [-48.8097, -17.224], [-48.78622, -17.27485], [-48.80419, -17.31576], [-48.79117, -17.34549], [-48.80542, -17.4235], [-48.75736, -17.48092], [-48.71986, -17.49329], [-48.70566, -17.48333], [-48.70259, -17.53618], [-48.72747, -17.53515], [-48.762, -17.56984], [-48.80181, -17.57374], [-48.90231, -17.52997], [-48.92644, -17.56642], [-48.92561, -17.59953], [-49.07656, -17.52244], [-49.09836, -17.54529], [-49.12734, -17.53016], [-49.15678, -17.54534], [-49.22664, -17.50602], [-49.25656, -17.51932], [-49.29853, -17.51178], [-49.27676, -17.472], [-49.30573, -17.43442], [-49.28903, -17.33798], [-49.30573, -17.31287], [-49.26122, -17.23789], [-49.26961, -17.21615], [-49.25698, -17.20002], [-49.27675, -17.15965], [-49.32078, -17.13115], [-49.23066, -17.08256], [-49.19192, -17.1373], [-49.17408, -17.12073], [-49.1113, -17.13598], [-49.12162, -17.10497], [-49.10778, -17.0788], [-49.05134, -17.05279], [-48.98192, -17.09275], [-48.93874, -17.08993]]]}}, {"type": "Feature", "properties": {"code_amc": 16179, "mesorregiao": "Leste Goiano", "n_munis": 2}, "geometry": {"type": "Polygon", "coordinates": [[[-48.81139, -15.51246], [-48.82952, -15.54414], [-48.79233, -15.55686], [-48.8053, -15.57182], [-48.79566, -15.59005], [-48.82722, -15.62205], [-48.8105, -15.6335], [-48.81013, -15.66777], [-48.83463, -15.7245], [-48.81644, -15.74946], [-48.83412, -15.79918], [-48.86214, -15.806], [-48.84361, -15.83508], [-48.87102, -15.84902], [-48.87317, -15.87653], [-48.89922, -15.8819], [-48.90216, -15.94772], [-48.88842, -15.95855], [-48.91322, -16.00497], [-48.90266, -16.05444], [-48.93987, -16.13447], [-48.98106, -16.12535], [-49.01983, -16.14251], [-49.05844, -16.12865], [-49.10627, -16.14613], [-49.14794, -16.12446], [-49.17272, -16.13397], [-49.1828, -16.11242], [-49.13163, -16.0525], [-49.15513, -16.02665], [-49.13235, -15.99841], [-49.18078, -15.95878], [-49.1746, -15.94009], [-49.19889, -15.92784], [-49.21735, -15.85602], [-49.1287, -15.62428], [-49.14945, -15.61584], [-49.17028, -15.62747], [-49.18848, -15.6064], [-49.08903, -15.53864], [-49.1198, -15.52514], [-49.08264, -15.51287], [-49.09205, -15.46902], [-49.06731, -15.44712], [-49.08544, -15.37332], [-49.06252, -15.30761], [-49.00066, -15.26526], [-48.92627, -15.24985], [-48.90828, -15.16394], [-48.85728, -15.09538], [-48.84622, -15.04535], [-48.80808, -15.00512], [-48.80662, -14.95111], [-48.75919, -14.88976], [-48.76941, -14.87848], [-48.75744, -14.86168], [-48.73669, -14.88272], [-48.74914, -14.93928], [-48.68361, -14.95191], [-48.69644, -14.9814], [-48.66819, -14.98256], [-48.65002, -14.95875], [-48.63486, -14.9972], [-48.61833, -14.98689], [-48.62055, -15.00419], [-48.5989, -15.00604], [-48.65667, -15.04444], [-48.64474, -15.08738], [-48.65428, -15.10024], [-48.63053, -15.11027], [-48.60841, -15.15457], [-48.61875, -15.17184], [-48.56183, -15.24074], [-48.58455, -15.26916], [-48.57491, -15.27985], [-48.59508, -15.28898], [-48.57358, -15.35856], [-48.6618, -15.36942], [-48.68975, -15.39917], [-48.71181, -15.38994], [-48.7312, -15.46237], [-48.74808, -15.47093], [-48.73983, -15.4934], [-48.76667, -15.48573], [-48.81139, -15.51246]]]}}, {"type": "Feature", "properties": {"code_amc": 16180, "mesorregiao": "Sul Goiano", "n_munis": 1}, "geometry": {"type": "Polygon", "coordinates": [[[-48.37713, -17.26522], [-48.45558, -17.20095], [-48.60741, -17.22099], [-48.55995, -17.09853], [-48.48922, -17.00357], [-48.33016, -17.15151], [-48.23769, -17.1867], [-48.21621, -17.24662], [-48.188, -17.27359], [-48.20911, -17.28743], [-48.20174, -17.3256], [-48.2412, -17.32866], [-48.24349, -17.3624], [-48.25625, -17.35879], [-48.28572, -17.43203], [-48.3663, -17.46596], [-48.37939, -17.50229], [-48.36454, -17.52236], [-48.38683, -17.52039], [-48.37539, -17.54583], [-48.39327, -17.57234], [-48.4133, -17.57065], [-48.39561, -17.58549], [-48.41427, -17.58315], [-48.44506, -17.61507], [-48.50266, -17.57375], [-48.44194, -17.4961], [-48.4456, -17.43723], [-48.41453, -17.34262], [-48.39225, -17.34666], [-48.38561, -17.37672], [-48.36669, -17.3349], [-48.37713, -17.26522]]]}}, {"type": "Feature", "properties": {"code_amc": 16181, "mesorregiao": "Sul Goiano", "n_munis": 2}, "geometry": {"type": "Polygon", "coordinates": [[[-49.90713, -17.6146], [-49.902, -17.59561], [-49.8852, -17.61797], [-49.8629, -17.60881], [-49.85051, -17.57728], [-49.75945, -17.58492], [-49.64882, -17.51839], [-49.66801, -17.49339], [-49.62889, -17.48413], [-49.64759, -17.47659], [-49.63951, -17.46047], [-49.65282, -17.44093], [-49.63095, -17.43983], [-49.62445, -17.41938], [-49.64454, -17.40614], [-49.63454, -17.39512], [-49.65537, -17.39181], [-49.64087, -17.37277], [-49.65356, -17.30811], [-49.62273, -17.29213], [-49.57693, -17.30421], [-49.51467, -17.354], [-49.44561, -17.32913], [-49.29672, -17.52164], [-49.31122, -17.52852], [-49.30189, -17.56778], [-49.31873, -17.5708], [-49.32101, -17.58946], [-49.3467, -17.5834], [-49.36761, -17.59724], [-49.36142, -17.6057], [-49.40275, -17.6263], [-49.41807, -17.65926], [-49.43256, -17.63424], [-49.5043, -17.6575], [-49.50876, -17.7506], [-49.53748, -17.7322], [-49.53088, -17.70883], [-49.54622, -17.70726], [-49.56599, -17.78284], [-49.69417, -17.68698], [-49.7302, -17.72325], [-49.73615, -17.75453], [-49.68417, -17.8078], [-49.78329, -17.78005], [-49.77248, -17.8263], [-49.7871, -17.89904], [-49.82826, -17.85458], [-49.87298, -17.85264], [-49.88892, -17.81195], [-49.91721, -17.79583], [-49.97796, -17.77567], [-50.0142, -17.78154], [-50.02059, -17.79626], [-50.08593, -17.79175], [-50.0837, -17.77451], [-50.0604, -17.76836], [-50.07782, -17.71416], [-50.06151, -17.72666], [-50.02904, -17.71388], [-50.03427, -17.67745], [-50.01174, -17.68256], [-50.01065, -17.6562], [-49.97584, -17.6636], [-49.95504, -17.62761], [-49.93137, -17.64417], [-49.92276, -17.61575], [-49.94779, -17.5994], [-49.90713, -17.6146]]]}}, {"type": "Feature", "properties": {"code_amc": 16182, "mesorregiao": "Sul Goiano", "n_munis": 1}, "geometry": {"type": "Polygon", "coordinates": [[[-52.88507, -17.47707], [-52.89357, -17.41257], [-52.80404, -17.34081], [-52.81118, -17.2879], [-52.77759, -17.27715], [-52.69196, -17.20253], [-52.64773, -17.24068], [-52.61224, -17.32637], [-52.52009, -17.34329], [-52.55345, -17.40319], [-52.59753, -17.40919], [-52.63017, -17.46445], [-52.65301, -17.43374], [-52.68473, -17.44932], [-52.7635, -17.41985], [-52.84526, -17.42838], [-52.88507, -17.47707]]]}}, {"type": "Feature", "properties": {"code_amc": 16183, "mesorregiao": "Leste Goiano", "n_munis": 2}, "geometry": {"type": "Polygon", "coordinates": [[[-46.64467, -14.51481], [-46.67406, -14.48985], [-46.69656, -14.49627], [-46.69873, -14.46862], [-46.72381, -14.4629], [-46.71083, -14.42905], [-46.73211, -14.4087], [-46.71573, -14.39797], [-46.73832, -14.37519], [-46.78315, -14.39054], [-46.81331, -14.37669], [-46.81535, -14.35033], [-46.78593, -14.3576], [-46.7719, -14.34243], [-46.77235, -14.30416], [-46.74086, -14.28663], [-46.72304, -14.19239], [-46.69673, -14.16213], [-46.63217, -14.12754], [-46.58923, -14.12271], [-46.58106, -14.10778], [-46.48078, -14.10812], [-46.5188, -14.05185], [-46.50412, -14.06321], [-46.44647, -14.04044], [-46.41459, -14.04661], [-46.37822, -14.02803], [-46.29811, -14.02198], [-46.28564, -14.05275], [-46.22679, -14.06508], [-46.23828, -14.08974], [-46.26578, -14.09796], [-46.20219, -14.11963], [-46.18564, -14.15186], [-46.11814, -14.16036], [-46.11614, -14.18783], [-46.09622, -14.20549], [-46.05359, -14.20211], [-46.13175, -14.2348], [-46.14178, -14.25814], [-46.18422, -14.27454], [-46.19697, -14.30475], [-46.27992, -14.3718], [-46.34692, -14.37302], [-46.36695, -14.39964], [-46.43222, -14.42268], [-46.45728, -14.47764], [-46.54381, -14.48598], [-46.57084, -14.46396], [-46.57106, -14.48338], [-46.6132, -14.48532], [-46.64467, -14.51481]]]}}, {"type": "Feature", "properties": {"code_amc": 16184, "mesorregiao": "Centro Goiano", "n_munis": 1}, "geometry": {"type": "Polygon", "coordinates": [[[-49.58952, -15.31176], [-49.55044, -15.26123], [-49.56556, -15.24196], [-49.54932, -15.182], [-49.50598, -15.1785], [-49.49747, -15.20266], [-49.51051, -15.22974], [-49.48501, -15.23615], [-49.51976, -15.27035], [-49.48442, -15.32425], [-49.49051, -15.35122], [-49.4562, -15.37942], [-49.4644, -15.43244], [-49.55706, -15.44426], [-49.55842, -15.46052], [-49.58626, -15.446], [-49.57972, -15.43327], [-49.58926, -15.40901], [-49.60642, -15.40843], [-49.60667, -15.38612], [-49.58823, -15.3765], [-49.5924, -15.34352], [-49.57457, -15.33618], [-49.58952, -15.31176]]]}}, {"type": "Feature", "properties": {"code_amc": 16185, "mesorregiao": "Centro Goiano", "n_munis": 1}, "geometry": {"type": "Polygon", "coordinates": [[[-49.54345, -15.44877], [-49.36395, -15.43018], [-49.35181, -15.45055], [-49.3277, -15.45251], [-49.34505, -15.46751], [-49.33192, -15.48404], [-49.33911, -15.49797], [-49.38739, -15.5025], [-49.42937, -15.49305], [-49.45673, -15.53239], [-49.50711, -15.51599], [-49.52029, -15.47802], [-49.54445, -15.47214], [-49.54345, -15.44877]]]}}, {"type": "Feature", "properties": {"code_amc": 16186, "mesorregiao": "Centro Goiano", "n_munis": 1}, "geometry": {"type": "Polygon", "coordinates": [[[-50.38978, -16.15707], [-50.36996, -16.14237], [-50.36045, -16.15933], [-50.33557, -16.14737], [-50.26296, -16.16998], [-50.20268, -16.26386], [-50.22693, -16.28412], [-50.2144, -16.34136], [-50.24736, -16.34901], [-50.24624, -16.32172], [-50.29102, -16.31104], [-50.3079, -16.32492], [-50.36331, -16.29069], [-50.40905, -16.28704], [-50.44421, -16.33311], [-50.43943, -16.37072], [-50.45616, -16.3658], [-50.46905, -16.38249], [-50.47721, -16.41146], [-50.46135, -16.42687], [-50.49079, -16.45551], [-50.50707, -16.50899], [-50.53046, -16.49798], [-50.52335, -16.48343], [-50.54527, -16.4464], [-50.52357, -16.42504], [-50.54127, -16.40071], [-50.52746, -16.40691], [-50.53524, -16.38924], [-50.5171, -16.39347], [-50.50224, -16.33798], [-50.48363, -16.32841], [-50.48632, -16.29295], [-50.4584, -16.25561], [-50.46282, -16.23615], [-50.42984, -16.22627], [-50.4106, -16.19357], [-50.39291, -16.1963], [-50.38978, -16.15707]]]}}, {"type": "Feature", "properties": {"code_amc": 16187, "mesorregiao": "Centro Goiano", "n_munis": 1}, "geometry": {"type": "Polygon", "coordinates": [[[-49.71901, -16.67335], [-49.73848, -16.60711], [-49.70578, -16.53063], [-49.69323, -16.52177], [-49.62112, -16.55365], [-49.59598, -16.54329], [-49.63723, -16.5959], [-49.66787, -16.6705], [-49.71901, -16.67335]]]}}, {"type": "Feature", "properties": {"code_amc": 16188, "mesorregiao": "Sul Goiano", "n_munis": 1}, "geometry": {"type": "Polygon", "coordinates": [[[-48.70322, -17.23821], [-48.45558, -17.20095], [-48.40441, -17.23894], [-48.42699, -17.26006], [-48.40585, -17.28237], [-48.43871, -17.32773], [-48.41453, -17.34262], [-48.4456, -17.43723], [-48.44194, -17.4961], [-48.50266, -17.57375], [-48.51724, -17.5149], [-48.50111, -17.49156], [-48.61483, -17.47625], [-48.72317, -17.49256], [-48.75736, -17.48092], [-48.80611, -17.42134], [-48.79414, -17.35384], [-48.75408, -17.27995], [-48.70322, -17.23821]]]}}, {"type": "Feature", "properties": {"code_amc": 16189, "mesorregiao": "Sul Goiano", "n_munis": 1}, "geometry": {"type": "Polygon", "coordinates": [[[-50.78685, -17.74748], [-50.63408, -17.62348], [-50.61796, -17.63258], [-50.56174, -17.59302], [-50.5211, -17.64648], [-50.47824, -17.65136], [-50.4599, -17.72521], [-50.40235, -17.69727], [-50.42413, -17.73196], [-50.45276, -17.74169], [-50.43491, -17.76218], [-50.44135, -17.7999], [-50.3971, -17.83816], [-50.4159, -17.84789], [-50.42379, -17.88073], [-50.40428, -17.89908], [-50.39951, -17.87996], [-50.36992, -17.89376], [-50.38721, -17.91305], [-50.3636, -17.91602], [-50.34538, -17.94234], [-50.39842, -17.92858], [-50.4206, -17.94698], [-50.52602, -17.95053], [-50.58838, -17.98105], [-50.70777, -17.96594], [-50.72236, -17.95129], [-50.64177, -17.86318], [-50.65396, -17.87118], [-50.67588, -17.84584], [-50.7448, -17.83221], [-50.78497, -17.78042], [-50.78685, -17.74748]]]}}, {"type": "Feature", "properties": {"code_amc": 16190, "mesorregiao": "Sul Goiano", "n_munis": 1}, "geometry": {"type": "Polygon", "coordinates": [[[-53.16516, -17.22014], [-53.15743, -17.17064], [-53.12815, -17.15464], [-53.11912, -17.11322], [-53.05602, -17.07037], [-53.06898, -17.02997], [-53.01438, -16.8624], [-52.96915, -16.86968], [-52.95723, -16.85079], [-52.94465, -16.85625], [-52.95298, -16.84192], [-52.92157, -16.83332], [-52.91326, -16.85662], [-52.92837, -16.88246], [-52.90699, -16.93204], [-52.94693, -16.94742], [-52.96054, -16.97038], [-52.95201, -17.0244], [-52.97215, -17.07474], [-52.92298, -17.15045], [-52.91457, -17.18932], [-52.92742, -17.21621], [-52.88843, -17.25015], [-52.88575, -17.27971], [-52.96734, -17.30882], [-53.04835, -17.36509], [-53.0896, -17.36494], [-53.09601, -17.38111], [-53.07776, -17.38591], [-53.10285, -17.45369], [-53.13597, -17.50697], [-53.16174, -17.50752], [-53.18312, -17.53694], [-53.07437, -17.66794], [-53.15932, -17.64931], [-53.18624, -17.61891], [-53.24471, -17.59927], [-53.23068, -17.42777], [-53.19693, -17.38045], [-53.21926, -17.29772], [-53.16516, -17.22014]]]}}, {"type": "Feature", "properties": {"code_amc": 16191, "mesorregiao": "Centro Goiano", "n_munis": 1}, "geometry": {"type": "Polygon", "coordinates": [[[-49.54298, -16.07446], [-49.52039, -16.00029], [-49.5357, -15.98197], [-49.50842, -15.97317], [-49.44431, -16.01219], [-49.44046, -16.03118], [-49.4046, -16.02553], [-49.45456, -16.11438], [-49.44973, -16.16958], [-49.48851, -16.13222], [-49.52435, -16.12254], [-49.54298, -16.07446]]]}}, {"type": "Feature", "properties": {"code_amc": 16192, "mesorregiao": "Norte Goiano", "n_munis": 1}, "geometry": {"type": "Polygon", "coordinates": [[[-48.99706, -13.39167], [-48.95608, -13.34553], [-48.93511, -13.352], [-48.93782, -13.37358], [-48.90419, -13.38372], [-48.89386, -13.42362], [-48.87183, -13.42295], [-48.8788, -13.43377], [-48.85703, -13.43654], [-48.83, -13.48059], [-48.83257, -13.54644], [-48.92024, -13.62156], [-48.92635, -13.66742], [-48.96835, -13.68887], [-48.96814, -13.71847], [-48.99872, -13.75699], [-49.05094, -13.765], [-49.07852, -13.73719], [-49.1157, -13.77157], [-49.14003, -13.72084], [-49.10891, -13.66677], [-49.1197, -13.61937], [-49.08625, -13.60448], [-49.0748, -13.55814], [-49.08661, -13.55301], [-49.05953, -13.51715], [-49.01425, -13.49946], [-48.99706, -13.39167]]]}}, {"type": "Feature", "properties": {"code_amc": 16193, "mesorregiao": "Leste Goiano", "n_munis": 1}, "geometry": {"type": "Polygon", "coordinates": [[[-46.77427, -13.53235], [-46.78525, -13.51039], [-46.76499, -13.49433], [-46.76951, -13.44632], [-46.73339, -13.38631], [-46.38306, -13.38286], [-46.39512, -13.31345], [-46.37586, -13.2174], [-46.40948, -13.10833], [-46.44942, -13.05509], [-46.29592, -13.06394], [-46.32266, -13.09828], [-46.29164, -13.14359], [-46.30981, -13.15798], [-46.30081, -13.19361], [-46.33114, -13.24954], [-46.29859, -13.25368], [-46.31592, -13.30317], [-46.28867, -13.31462], [-46.27939, -13.3479], [-46.06387, -13.26129], [-46.04216, -13.27267], [-46.05186, -13.31242], [-46.09508, -13.33248], [-46.13403, -13.37523], [-46.21436, -13.40071], [-46.24331, -13.43026], [-46.20642, -13.46563], [-46.23025, -13.48143], [-46.21859, -13.50051], [-46.24133, -13.52553], [-46.2355, -13.56291], [-46.18433, -13.56757], [-46.16196, -13.59093], [-46.26095, -13.68697], [-46.23551, -13.70816], [-46.30277, -13.70082], [-46.45942, -13.80887], [-46.5155, -13.81177], [-46.53933, -13.79282], [-46.60217, -13.82094], [-46.65267, -13.80649], [-46.7317, -13.83522], [-46.76981, -13.81434], [-46.82559, -13.84461], [-46.85181, -13.82882], [-46.81717, -13.79596], [-46.83545, -13.75984], [-46.81081, -13.7253], [-46.78392, -13.71782], [-46.80945, -13.67676], [-46.79632, -13.6584], [-46.85433, -13.62254], [-46.84021, -13.59074], [-46.7925, -13.59114], [-46.77427, -13.53235]]]}}, {"type": "Feature", "properties": {"code_amc": 16194, "mesorregiao": "Norte Goiano", "n_munis": 1}, "geometry": {"type": "Polygon", "coordinates": [[[-47.45476, -14.14633], [-47.41355, -14.16732], [-47.36726, -14.13078], [-47.32515, -14.16207], [-47.24573, -14.14199], [-47.19798, -14.15049], [-47.19476, -14.13408], [-47.171, -14.14788], [-47.08387, -14.06512], [-47.06745, -14.06628], [-47.04901, -14.03456], [-46.98651, -14.05168], [-46.98856, -14.07999], [-47.06092, -14.11161], [-47.0854, -14.17072], [-47.12929, -14.20061], [-47.139, -14.25436], [-47.17165, -14.2675], [-47.19012, -14.33009], [-47.1892, -14.40307], [-47.18379, -14.43871], [-47.15723, -14.46626], [-47.14537, -14.53797], [-47.15998, -14.55108], [-47.18531, -14.54396], [-47.20443, -14.60743], [-47.22054, -14.60397], [-47.21579, -14.62686], [-47.23129, -14.63073], [-47.23615, -14.68916], [-47.28253, -14.69433], [-47.30782, -14.74949], [-47.31631, -14.73847], [-47.3224, -14.7499], [-47.31304, -14.76553], [-47.35709, -14.77565], [-47.37538, -14.81612], [-47.4225, -14.82921], [-47.4784, -14.81735], [-47.47343, -14.80267], [-47.52362, -14.77621], [-47.53401, -14.7382], [-47.55571, -14.73009], [-47.64635, -14.83096], [-47.6314, -14.7441], [-47.6599, -14.70643], [-47.69218, -14.7424], [-47.71741, -14.65249], [-47.77606, -14.63821], [-47.76162, -14.54164], [-47.82476, -14.50185], [-47.86432, -14.38023], [-47.83433, -14.35151], [-47.80988, -14.35521], [-47.81024, -14.37686], [-47.77779, -14.40022], [-47.77862, -14.41607], [-47.74274, -14.40599], [-47.70041, -14.46376], [-47.66118, -14.45911], [-47.61585, -14.42689], [-47.59065, -14.42922], [-47.57134, -14.45891], [-47.54701, -14.44818], [-47.54787, -14.42381], [-47.4868, -14.4234], [-47.45765, -14.34525], [-47.38976, -14.31088], [-47.40332, -14.22449], [-47.44981, -14.1847], [-47.45476, -14.14633]]]}}, {"type": "Feature", "properties": {"code_amc": 16195, "mesorregiao": "Centro Goiano", "n_munis": 1}, "geometry": {"type": "Polygon", "coordinates": [[[-50.5031, -16.50806], [-50.46135, -16.42687], [-50.47734, -16.40938], [-50.46187, -16.36861], [-50.43896, -16.3699], [-50.44421, -16.33311], [-50.40905, -16.28704], [-50.38421, -16.28562], [-50.3079, -16.32492], [-50.29102, -16.31104], [-50.24624, -16.32172], [-50.24637, -16.35424], [-50.22276, -16.36218], [-50.22351, -16.39863], [-50.2449, -16.42023], [-50.19159, -16.41452], [-50.16554, -16.47328], [-50.21665, -16.47734], [-50.24229, -16.44928], [-50.30407, -16.5557], [-50.39471, -16.59118], [-50.42974, -16.58662], [-50.48401, -16.63736], [-50.52082, -16.61356], [-50.51583, -16.59095], [-50.55588, -16.54783], [-50.55582, -16.51907], [-50.53046, -16.49798], [-50.5031, -16.50806]]]}}, {"type": "Feature", "properties": {"code_amc": 16196, "mesorregiao": "Sul Goiano", "n_munis": 1}, "geometry": {"type": "Polygon", "coordinates": [[[-50.58974, -19.13797], [-50.64557, -19.13386], [-50.66858, -19.03817], [-50.70699, -19.001], [-50.68149, -18.95861], [-50.6784, -18.91309], [-50.61589, -18.92683], [-50.56827, -18.90635], [-50.48538, -18.89971], [-50.47315, -18.92143], [-50.51195, -18.94576], [-50.49508, -19.01287], [-50.50594, -19.05111], [-50.53945, -19.10236], [-50.58974, -19.13797]]]}}, {"type": "Feature", "properties": {"code_amc": 16197, "mesorregiao": "Sul Goiano", "n_munis": 1}, "geometry": {"type": "Polygon", "coordinates": [[[-52.36026, -17.85546], [-52.31418, -17.83072], [-52.26203, -17.84395], [-52.22342, -17.81268], [-52.18765, -17.82906], [-52.19929, -17.848], [-52.18643, -17.87766], [-52.20304, -17.89082], [-52.1852, -17.90908], [-52.19009, -17.95299], [-52.16139, -17.96222], [-52.15584, -18.0248], [-52.08948, -18.04221], [-52.03529, -18.08591], [-52.02056, -18.10269], [-52.02028, -18.14409], [-51.94439, -18.15982], [-51.89923, -18.13678], [-51.85603, -18.13522], [-51.82716, -18.20913], [-51.79611, -18.21404], [-51.78747, -18.26965], [-51.73719, -18.24298], [-51.65242, -18.28692], [-51.63825, -18.33143], [-51.69431, -18.3619], [-51.64873, -18.3883], [-51.63711, -18.49235], [-51.75534, -18.47063], [-51.79831, -18.48943], [-51.79942, -18.5415], [-51.84626, -18.57204], [-51.92442, -18.54124], [-51.90017, -18.58585], [-51.90037, -18.63421], [-52.02737, -18.55841], [-52.03379, -18.53138], [-52.07192, -18.50494], [-52.11203, -18.52627], [-52.15956, -18.49498], [-52.1999, -18.50856], [-52.25943, -18.51076], [-52.29445, -18.49213], [-52.31188, -18.503], [-52.33742, -18.46908], [-52.40234, -18.45629], [-52.46245, -18.41223], [-52.47715, -18.35894], [-52.5266, -18.34083], [-52.52971, -18.31551], [-52.58206, -18.2832], [-52.60623, -18.23961], [-52.64324, -18.2273], [-52.67354, -18.18013], [-52.70732, -18.16714], [-52.77621, -18.09147], [-52.78462, -18.07138], [-52.71631, -17.976], [-52.66846, -17.98112], [-52.65113, -17.95259], [-52.58106, -17.91327], [-52.54337, -17.90452], [-52.50001, -17.91617], [-52.38531, -17.8249], [-52.36026, -17.85546]]]}}, {"type": "Feature", "properties": {"code_amc": 16198, "mesorregiao": "Leste Goiano", "n_munis": 1}, "geometry": {"type": "MultiPolygon", "coordinates": [[[[-46.51548, -15.06179], [-46.5602, -15.02862], [-46.61876, -14.81832], [-46.56048, -14.81501], [-46.52156, -14.85118], [-46.54654, -14.92544], [-46.51729, -14.97286], [-46.53081, -15.00528], [-46.50272, -15.0509], [-46.51548, -15.06179]]], [[[-46.50193, -14.69428], [-46.48474, -14.64251], [-46.45388, -14.62434], [-46.42153, -14.63638], [-46.36868, -14.5824], [-46.38819, -14.54164], [-46.37794, -14.48905], [-46.39712, -14.47629], [-46.38078, -14.44543], [-46.35702, -14.44165], [-46.33462, -14.45313], [-46.31737, -14.5229], [-46.25281, -14.60344], [-46.19672, -14.6157], [-46.16202, -14.66497], [-46.02589, -14.67802], [-46.00189, -14.71126], [-46.00734, -14.79245], [-46.05283, -14.83137], [-46.03688, -14.87355], [-46.06234, -14.90799], [-46.07952, -14.905], [-46.08814, -14.93639], [-46.10894, -14.93785], [-46.1203, -14.92006], [-46.14575, -14.92652], [-46.16295, -14.90611], [-46.17389, -14.94873], [-46.21756, -14.94342], [-46.2337, -14.92153], [-46.28162, -14.92937], [-46.30756, -14.91078], [-46.31817, -14.88326], [-46.30047, -14.85808], [-46.32492, -14.84779], [-46.3222, -14.81458], [-46.50193, -14.69428]]]]}}, {"type": "Feature", "properties": {"code_amc": 16199, "mesorregiao": "Sul Goiano", "n_munis": 1}, "geometry": {"type": "Polygon", "coordinates": [[[-47.87668, -18.28404], [-47.71073, -18.29374], [-47.61126, -18.31539], [-47.64618, -18.34023], [-47.65757, -18.3278], [-47.70009, -18.37899], [-47.74057, -18.36384], [-47.73329, -18.3759], [-47.75712, -18.39655], [-47.74949, -18.41255], [-47.77902, -18.42414], [-47.80838, -18.40022], [-47.82973, -18.4113], [-47.83879, -18.45176], [-47.86158, -18.43867], [-47.85488, -18.35998], [-47.9139, -18.33997], [-47.87668, -18.28404]]]}}, {"type": "Feature", "properties": {"code_amc": 16200, "mesorregiao": "Centro Goiano", "n_munis": 1}, "geometry": {"type": "Polygon", "coordinates": [[[-50.08387, -16.4921], [-50.04432, -16.51993], [-50.00748, -16.512], [-49.9834, -16.56971], [-50.00669, -16.62058], [-50.21337, -16.70274], [-50.20985, -16.6799], [-50.23987, -16.63922], [-50.24723, -16.5517], [-50.22833, -16.45401], [-50.21665, -16.47734], [-50.18424, -16.46782], [-50.12965, -16.50297], [-50.08387, -16.4921]]]}}, {"type": "Feature", "properties": {"code_amc": 16201, "mesorregiao": "Centro Goiano", "n_munis": 1}, "geometry": {"type": "Polygon", "coordinates": [[[-49.68846, -15.48909], [-49.70262, -15.42896], [-49.65898, -15.40577], [-49.58926, -15.40901], [-49.58626, -15.446], [-49.56061, -15.4603], [-49.55795, -15.4447], [-49.54031, -15.44497], [-49.57565, -15.4992], [-49.55172, -15.54426], [-49.55742, -15.63776], [-49.60056, -15.67482], [-49.60581, -15.69814], [-49.6389, -15.68259], [-49.64761, -15.75815], [-49.67826, -15.77679], [-49.6895, -15.82709], [-49.69823, -15.78739], [-49.68481, -15.75477], [-49.72023, -15.69018], [-49.75051, -15.66976], [-49.70187, -15.61142], [-49.69367, -15.55472], [-49.70656, -15.5344], [-49.72865, -15.53496], [-49.73331, -15.50613], [-49.70329, -15.50892], [-49.68846, -15.48909]]]}}, {"type": "Feature", "properties": {"code_amc": 16202, "mesorregiao": "Sul Goiano", "n_munis": 1}, "geometry": {"type": "Polygon", "coordinates": [[[-48.2412, -17.32866], [-48.13783, -17.27892], [-48.10777, -17.27972], [-48.08835, -17.2948], [-48.07688, -17.36371], [-48.04676, -17.39465], [-48.04326, -17.42508], [-48.08603, -17.42896], [-48.11733, -17.4552], [-48.10422, -17.47234], [-48.11449, -17.54191], [-48.15769, -17.52983], [-48.22371, -17.59538], [-48.28577, -17.52835], [-48.33555, -17.52819], [-48.37939, -17.50229], [-48.35089, -17.4516], [-48.28572, -17.43203], [-48.25625, -17.35879], [-48.24349, -17.3624], [-48.2412, -17.32866]]]}}, {"type": "Feature", "properties": {"code_amc": 16203, "mesorregiao": "Sul Goiano", "n_munis": 1}, "geometry": {"type": "Polygon", "coordinates": [[[-49.60626, -17.06388], [-49.54345, -17.04466], [-49.52031, -17.00051], [-49.48962, -16.98112], [-49.47047, -16.98874], [-49.49154, -17.06752], [-49.47434, -17.09682], [-49.49384, -17.12151], [-49.47987, -17.14565], [-49.5327, -17.16484], [-49.60364, -17.22837], [-49.63334, -17.22578], [-49.64292, -17.18326], [-49.66629, -17.17767], [-49.65257, -17.15048], [-49.68595, -17.13772], [-49.7014, -17.0862], [-49.71984, -17.08225], [-49.70593, -17.07465], [-49.72914, -17.07616], [-49.75198, -16.99619], [-49.74335, -16.95643], [-49.69979, -16.94251], [-49.6735, -16.95684], [-49.5996, -16.95003], [-49.63423, -17.01052], [-49.6247, -17.03562], [-49.60626, -17.06388]]]}}, {"type": "Feature", "properties": {"code_amc": 16204, "mesorregiao": "Sul Goiano", "n_munis": 1}, "geometry": {"type": "Polygon", "coordinates": [[[-48.54063, -16.77209], [-48.50858, -16.64801], [-48.38602, -16.62741], [-48.32069, -16.66249], [-48.26769, -16.72029], [-48.25577, -16.7784], [-48.26435, -16.79634], [-48.30227, -16.80926], [-48.30647, -16.83685], [-48.36666, -16.91058], [-48.47133, -16.94881], [-48.47988, -16.99158], [-48.57258, -17.12936], [-48.58619, -17.09048], [-48.52794, -17.00784], [-48.59869, -16.91608], [-48.54063, -16.77209]]]}}], "crs": {"type": "name", "properties": {"name": "urn:ogc:def:crs:EPSG::4674"}}, "name": "malha_amc"}